id,failure
26570,0.5600493
26571,0.36342955
26572,0.3955959
26573,0.4283901
26574,0.55053467
26575,0.35761783
26576,0.2173939
26577,0.5048309
26578,0.21953252
26579,0.31688845
26580,0.3226841
26581,0.39383373
26582,0.5943539
26583,0.37897012
26584,0.56963
26585,0.18600585
26586,0.2454423
26587,0.19184303
26588,0.451999
26589,0.26131883
26590,0.29806137
26591,0.47964826
26592,0.38399363
26593,0.40957946
26594,0.3704487
26595,0.66798425
26596,0.525388
26597,0.43529996
26598,0.4066842
26599,0.3342458
26600,0.26385775
26601,0.5284934
26602,0.7099882
26603,0.31721538
26604,0.43293905
26605,0.34552824
26606,0.11112411
26607,0.44261232
26608,0.14453723
26609,0.5398944
26610,0.29523635
26611,0.4537692
26612,0.1607283
26613,0.45086852
26614,0.4635457
26615,0.4474878
26616,0.45738354
26617,0.32229272
26618,0.16451243
26619,0.5463955
26620,0.109858766
26621,0.27518705
26622,0.43606687
26623,0.37277287
26624,0.3954831
26625,0.523896
26626,0.4119325
26627,0.66991895
26628,0.20726083
26629,0.6284557
26630,0.31617564
26631,0.50445074
26632,0.48619443
26633,0.617036
26634,0.3855154
26635,0.52391243
26636,0.5599296
26637,0.41397512
26638,0.45747015
26639,0.29271847
26640,0.3719543
26641,0.26856136
26642,0.3983046
26643,0.4263178
26644,0.48741597
26645,0.5176161
26646,0.5764818
26647,0.5392115
26648,0.4232011
26649,0.33787304
26650,0.36266375
26651,0.46459112
26652,0.55779916
26653,0.37081525
26654,0.5930388
26655,0.40440926
26656,0.35578048
26657,0.50945526
26658,0.54440814
26659,0.43212488
26660,0.49437872
26661,0.3110218
26662,0.4273005
26663,0.44492647
26664,0.37659878
26665,0.1742227
26666,0.35109234
26667,0.32745177
26668,0.573511
26669,0.22593844
26670,0.4676141
26671,0.49781802
26672,0.45136142
26673,0.3354672
26674,0.3339534
26675,0.37447703
26676,0.28139967
26677,0.6811638
26678,0.4352192
26679,0.45495486
26680,0.5154605
26681,0.43062112
26682,0.31172004
26683,0.659063
26684,0.55817294
26685,0.31402564
26686,0.2571195
26687,0.5711771
26688,0.45349407
26689,0.41051692
26690,0.21514638
26691,0.43292323
26692,0.4221388
26693,0.5007895
26694,0.3078887
26695,0.5128305
26696,0.4762107
26697,0.45793125
26698,0.48756498
26699,0.22297333
26700,0.40280068
26701,0.3279959
26702,0.52981776
26703,0.46243042
26704,0.3923542
26705,0.46634695
26706,0.3681618
26707,0.57587117
26708,0.49068418
26709,0.20409851
26710,0.4545461
26711,0.5782453
26712,0.42785272
26713,0.4114661
26714,0.28988975
26715,0.5499026
26716,0.4514305
26717,0.424065
26718,0.29113898
26719,0.48800087
26720,0.43447474
26721,0.27030078
26722,0.54029006
26723,0.43982407
26724,0.32105932
26725,0.29546094
26726,0.31888822
26727,0.4714702
26728,0.33389103
26729,0.3690718
26730,0.5178333
26731,0.24331681
26732,0.32560393
26733,0.45408282
26734,0.3834195
26735,0.3210771
26736,0.5134195
26737,0.43662032
26738,0.5096549
26739,0.6124387
26740,0.44477114
26741,0.5513893
26742,0.32215366
26743,0.34213957
26744,0.4701598
26745,0.35557842
26746,0.3459976
26747,0.41770282
26748,0.29299718
26749,0.4170825
26750,0.40048698
26751,0.47767586
26752,0.5479096
26753,0.49264053
26754,0.36949414
26755,0.2596486
26756,0.2416113
26757,0.49925053
26758,0.5702966
26759,0.516284
26760,0.5737667
26761,0.20932694
26762,0.33139768
26763,0.3445329
26764,0.2237194
26765,0.3733224
26766,0.23316933
26767,0.52943134
26768,0.40053532
26769,0.34380737
26770,0.54827386
26771,0.4727
26772,0.17822404
26773,0.2293397
26774,0.5716194
26775,0.4146391
26776,0.19725175
26777,0.42723745
26778,0.46795687
26779,0.44810796
26780,0.3435758
26781,0.47645295
26782,0.39726597
26783,0.6954184
26784,0.36227757
26785,0.5794718
26786,0.32556134
26787,0.3561687
26788,0.4312166
26789,0.3985553
26790,0.209013
26791,0.7244435
26792,0.38542944
26793,0.39855316
26794,0.40817875
26795,0.33045995
26796,0.49770007
26797,0.4136738
26798,0.48299193
26799,0.48147655
26800,0.53579074
26801,0.59161985
26802,0.47008646
26803,0.43964177
26804,0.46990833
26805,0.60321975
26806,0.5349508
26807,0.5969328
26808,0.48941624
26809,0.45596784
26810,0.4584633
26811,0.34534827
26812,0.3426194
26813,0.41908097
26814,0.5403337
26815,0.4423325
26816,0.54092515
26817,0.4761704
26818,0.2725914
26819,0.32353824
26820,0.35733685
26821,0.35771555
26822,0.4616718
26823,0.34021991
26824,0.501048
26825,0.43327993
26826,0.2946915
26827,0.47940063
26828,0.5519332
26829,0.3430777
26830,0.5745183
26831,0.28613248
26832,0.35102415
26833,0.45529795
26834,0.53326166
26835,0.41140392
26836,0.37117362
26837,0.4233331
26838,0.32152325
26839,0.59651566
26840,0.5024599
26841,0.23456691
26842,0.6168092
26843,0.50172764
26844,0.47199294
26845,0.3336042
26846,0.27969486
26847,0.32915714
26848,0.27317685
26849,0.5217121
26850,0.4525682
26851,0.20982225
26852,0.35340744
26853,0.29860684
26854,0.5842149
26855,0.21744859
26856,0.61114687
26857,0.386006
26858,0.33353537
26859,0.34646374
26860,0.5585835
26861,0.52576506
26862,0.389233
26863,0.40404835
26864,0.4565826
26865,0.2574983
26866,0.5915596
26867,0.52738476
26868,0.5433319
26869,0.51945704
26870,0.4116001
26871,0.4969099
26872,0.56256336
26873,0.43442446
26874,0.42489925
26875,0.30928582
26876,0.48934343
26877,0.2215603
26878,0.51868796
26879,0.3530752
26880,0.47116694
26881,0.49590418
26882,0.5163776
26883,0.55014306
26884,0.4210761
26885,0.57942975
26886,0.49292162
26887,0.42150962
26888,0.4126332
26889,0.5592493
26890,0.42340115
26891,0.120174736
26892,0.45608535
26893,0.43837184
26894,0.70919454
26895,0.36950755
26896,0.3107084
26897,0.36126536
26898,0.3619676
26899,0.34471834
26900,0.21338856
26901,0.40954936
26902,0.5131715
26903,0.41976202
26904,0.17784218
26905,0.37436748
26906,0.39763805
26907,0.1984519
26908,0.48881888
26909,0.4241694
26910,0.5207556
26911,0.47767255
26912,0.33430758
26913,0.535464
26914,0.1366466
26915,0.5605698
26916,0.37398595
26917,0.5730674
26918,0.4211967
26919,0.52850145
26920,0.56912524
26921,0.3189512
26922,0.5926875
26923,0.5449327
26924,0.35528743
26925,0.10890645
26926,0.48584592
26927,0.40535793
26928,0.49351314
26929,0.51394516
26930,0.29204348
26931,0.41451025
26932,0.3451371
26933,0.34810787
26934,0.18518493
26935,0.27671394
26936,0.44667223
26937,0.2568642
26938,0.43757278
26939,0.51047635
26940,0.20303573
26941,0.26202574
26942,0.28119424
26943,0.3502706
26944,0.42397618
26945,0.65844554
26946,0.63384926
26947,0.41880646
26948,0.34794208
26949,0.506543
26950,0.38212582
26951,0.5026882
26952,0.30760795
26953,0.49405637
26954,0.56364644
26955,0.29432896
26956,0.4238379
26957,0.44949526
26958,0.3674479
26959,0.4717991
26960,0.18254636
26961,0.4609113
26962,0.3429969
26963,0.58293194
26964,0.31088135
26965,0.40267563
26966,0.5966612
26967,0.34526983
26968,0.19444212
26969,0.63101673
26970,0.6415403
26971,0.5308857
26972,0.47680143
26973,0.2357187
26974,0.57433563
26975,0.40586975
26976,0.42363104
26977,0.6580821
26978,0.50703394
26979,0.20570567
26980,0.49306455
26981,0.35692012
26982,0.36346018
26983,0.36401576
26984,0.29961717
26985,0.39848486
26986,0.67220277
26987,0.40230027
26988,0.46912637
26989,0.29838952
26990,0.5183232
26991,0.41264287
26992,0.38143435
26993,0.6403045
26994,0.4517159
26995,0.3898213
26996,0.3432455
26997,0.53517956
26998,0.48453707
26999,0.5447961
27000,0.6514625
27001,0.25934184
27002,0.42729354
27003,0.398594
27004,0.41319454
27005,0.62762976
27006,0.41057414
27007,0.41764072
27008,0.53323174
27009,0.5388803
27010,0.2724821
27011,0.39075643
27012,0.36980882
27013,0.53586775
27014,0.39116737
27015,0.4061262
27016,0.24630874
27017,0.6235605
27018,0.60040665
27019,0.5649503
27020,0.25415692
27021,0.5714701
27022,0.3437363
27023,0.68632436
27024,0.38097095
27025,0.6791161
27026,0.4713666
27027,0.5509625
27028,0.42786232
27029,0.43454987
27030,0.59416676
27031,0.38671112
27032,0.30801424
27033,0.39840448
27034,0.3424738
27035,0.29063395
27036,0.39860657
27037,0.23818643
27038,0.4846329
27039,0.21810822
27040,0.21992645
27041,0.41346315
27042,0.43265805
27043,0.2836086
27044,0.3598209
27045,0.4611688
27046,0.21540336
27047,0.5799533
27048,0.5183096
27049,0.3050566
27050,0.613503
27051,0.63266265
27052,0.5828072
27053,0.3433163
27054,0.4582074
27055,0.47038183
27056,0.29572707
27057,0.55298406
27058,0.39764386
27059,0.36997882
27060,0.5593283
27061,0.43914604
27062,0.4688675
27063,0.2551574
27064,0.35841456
27065,0.24221514
27066,0.359005
27067,0.4868277
27068,0.586622
27069,0.08727277
27070,0.4768897
27071,0.42963383
27072,0.68216836
27073,0.3836155
27074,0.55188495
27075,0.36599824
27076,0.55479115
27077,0.44389674
27078,0.20470548
27079,0.4112778
27080,0.4032977
27081,0.34821945
27082,0.3682749
27083,0.24249415
27084,0.5677035
27085,0.4473179
27086,0.46338838
27087,0.4921001
27088,0.4352745
27089,0.22499853
27090,0.25678226
27091,0.24873114
27092,0.39003575
27093,0.32864985
27094,0.6146132
27095,0.7413231
27096,0.13033716
27097,0.3201905
27098,0.33032882
27099,0.45797235
27100,0.4359981
27101,0.32082874
27102,0.4719919
27103,0.36464453
27104,0.45103553
27105,0.3177929
27106,0.3883556
27107,0.50474244
27108,0.48864734
27109,0.28762683
27110,0.45858237
27111,0.5264814
27112,0.13210851
27113,0.26828173
27114,0.22991428
27115,0.40399748
27116,0.6484353
27117,0.27893233
27118,0.39704147
27119,0.2509844
27120,0.30192292
27121,0.35389978
27122,0.632198
27123,0.63984865
27124,0.46544307
27125,0.17230365
27126,0.45750558
27127,0.5529184
27128,0.43972567
27129,0.4336408
27130,0.35074684
27131,0.25842264
27132,0.5561459
27133,0.38385415
27134,0.48461443
27135,0.599347
27136,0.46894047
27137,0.2681103
27138,0.48580885
27139,0.58654296
27140,0.37575394
27141,0.4593135
27142,0.6681262
27143,0.24819042
27144,0.249292
27145,0.30232665
27146,0.3443373
27147,0.5020993
27148,0.4367361
27149,0.57978874
27150,0.5515018
27151,0.3544769
27152,0.3815842
27153,0.5241182
27154,0.28140795
27155,0.45801005
27156,0.49421367
27157,0.57258976
27158,0.35964444
27159,0.39848664
27160,0.50151736
27161,0.27717394
27162,0.4262031
27163,0.576326
27164,0.48403537
27165,0.25288823
27166,0.6241114
27167,0.45143798
27168,0.2885411
27169,0.41022268
27170,0.5491313
27171,0.28435418
27172,0.4172258
27173,0.4125184
27174,0.43733576
27175,0.44876403
27176,0.34297296
27177,0.49272537
27178,0.35706356
27179,0.52028984
27180,0.22026105
27181,0.44936436
27182,0.30944356
27183,0.39051366
27184,0.66487914
27185,0.6940205
27186,0.32242748
27187,0.6748928
27188,0.60150325
27189,0.4469512
27190,0.43707818
27191,0.49027854
27192,0.5390111
27193,0.2662545
27194,0.44218916
27195,0.4899685
27196,0.59170544
27197,0.6874866
27198,0.46324924
27199,0.56130785
27200,0.23042944
27201,0.3579149
27202,0.5070306
27203,0.4247496
27204,0.46984327
27205,0.24927078
27206,0.22633429
27207,0.5281431
27208,0.5298082
27209,0.52695245
27210,0.30225727
27211,0.5129026
27212,0.38026336
27213,0.612954
27214,0.41912624
27215,0.25249487
27216,0.5390462
27217,0.2790226
27218,0.38694927
27219,0.36436006
27220,0.47861758
27221,0.2935531
27222,0.5499673
27223,0.49910742
27224,0.31179932
27225,0.31051537
27226,0.30832198
27227,0.56700766
27228,0.52277267
27229,0.4010261
27230,0.331867
27231,0.42242575
27232,0.45524094
27233,0.37125987
27234,0.4445671
27235,0.4245288
27236,0.51836604
27237,0.4052098
27238,0.3882367
27239,0.44181532
27240,0.51737237
27241,0.4698659
27242,0.2220041
27243,0.26876166
27244,0.44304797
27245,0.5047438
27246,0.45277813
27247,0.55964124
27248,0.30851686
27249,0.36084858
27250,0.46408606
27251,0.42936373
27252,0.48141322
27253,0.41205698
27254,0.52410316
27255,0.48652294
27256,0.5478407
27257,0.674165
27258,0.20494048
27259,0.37956658
27260,0.357722
27261,0.3552892
27262,0.583668
27263,0.4948424
27264,0.49273655
27265,0.41099995
27266,0.3982941
27267,0.509782
27268,0.38037914
27269,0.31036478
27270,0.31018794
27271,0.45530912
27272,0.28260913
27273,0.4921583
27274,0.47734484
27275,0.49806347
27276,0.43470597
27277,0.25026923
27278,0.4109233
27279,0.41888514
27280,0.36915645
27281,0.5122191
27282,0.2659171
27283,0.44423148
27284,0.55925924
27285,0.60092443
27286,0.49287105
27287,0.3114158
27288,0.40816003
27289,0.44274873
27290,0.6854433
27291,0.5441334
27292,0.23358274
27293,0.2797104
27294,0.4938619
27295,0.3670801
27296,0.41224277
27297,0.4917145
27298,0.50246865
27299,0.45133787
27300,0.4824622
27301,0.29269424
27302,0.61748666
27303,0.35665208
27304,0.5847552
27305,0.47996274
27306,0.761765
27307,0.3072893
27308,0.5061452
27309,0.6426931
27310,0.528595
27311,0.3398121
27312,0.40316755
27313,0.40915424
27314,0.46580055
27315,0.44106665
27316,0.26279935
27317,0.5244556
27318,0.25399545
27319,0.63940156
27320,0.4660953
27321,0.5107303
27322,0.4042915
27323,0.6070247
27324,0.29579946
27325,0.20827411
27326,0.22578269
27327,0.33720142
27328,0.24229123
27329,0.5848755
27330,0.40877932
27331,0.28428695
27332,0.5586292
27333,0.41435373
27334,0.6148715
27335,0.558524
27336,0.5110355
27337,0.4216401
27338,0.45800495
27339,0.47611222
27340,0.417324
27341,0.44406772
27342,0.6860271
27343,0.64103544
27344,0.60674065
27345,0.36969137
27346,0.6580857
27347,0.2544729
27348,0.20306152
27349,0.41467196
27350,0.43217066
27351,0.49995196
27352,0.57963616
27353,0.43159002
27354,0.5920854
27355,0.6576048
27356,0.4649419
27357,0.43588805
27358,0.20187421
27359,0.68761593
27360,0.46722084
27361,0.2845824
27362,0.41115323
27363,0.36305788
27364,0.34070146
27365,0.45827973
27366,0.42177406
27367,0.41767824
27368,0.4341247
27369,0.42362514
27370,0.3451597
27371,0.4330738
27372,0.56525296
27373,0.4321667
27374,0.42547098
27375,0.5787993
27376,0.37764335
27377,0.20578322
27378,0.39159337
27379,0.5810789
27380,0.39986157
27381,0.5644329
27382,0.51705676
27383,0.2572088
27384,0.49622163
27385,0.26112223
27386,0.2351708
27387,0.27925086
27388,0.34760407
27389,0.4853168
27390,0.45557797
27391,0.27845672
27392,0.40293667
27393,0.5216259
27394,0.51685256
27395,0.52902716
27396,0.59344757
27397,0.60022324
27398,0.48762062
27399,0.45210308
27400,0.5331333
27401,0.44894397
27402,0.57946455
27403,0.47299916
27404,0.6923045
27405,0.41060743
27406,0.45734963
27407,0.65333575
27408,0.4174664
27409,0.35737312
27410,0.39337483
27411,0.36748818
27412,0.5609499
27413,0.5928214
27414,0.14334264
27415,0.6615609
27416,0.31261346
27417,0.34829718
27418,0.43269965
27419,0.39893872
27420,0.5747644
27421,0.20398414
27422,0.49411988
27423,0.24963848
27424,0.2724121
27425,0.30759886
27426,0.3170505
27427,0.39677128
27428,0.4652053
27429,0.6064359
27430,0.3454872
27431,0.47375494
27432,0.36020178
27433,0.48139867
27434,0.5651534
27435,0.4600771
27436,0.44992357
27437,0.39274028
27438,0.10229807
27439,0.2895747
27440,0.24358507
27441,0.28538686
27442,0.5009141
27443,0.21520506
27444,0.5082387
27445,0.39386502
27446,0.41454744
27447,0.5322525
27448,0.4001317
27449,0.37979084
27450,0.59225786
27451,0.2955329
27452,0.31889722
27453,0.37608618
27454,0.43485624
27455,0.3569793
27456,0.40888405
27457,0.44333923
27458,0.14035177
27459,0.49433735
27460,0.3659289
27461,0.3834922
27462,0.404412
27463,0.25363037
27464,0.5768166
27465,0.46460435
27466,0.55558765
27467,0.43769836
27468,0.42880455
27469,0.7065899
27470,0.43512085
27471,0.27019197
27472,0.24902925
27473,0.3099802
27474,0.43739435
27475,0.5963391
27476,0.35544208
27477,0.7326625
27478,0.4753808
27479,0.675579
27480,0.3657493
27481,0.65254897
27482,0.5183408
27483,0.42961547
27484,0.48315024
27485,0.4785601
27486,0.4431958
27487,0.17069446
27488,0.2681452
27489,0.30048308
27490,0.28975648
27491,0.53850585
27492,0.3452983
27493,0.45910186
27494,0.4946133
27495,0.44133306
27496,0.3586235
27497,0.5131211
27498,0.5872229
27499,0.39706194
27500,0.31635058
27501,0.59873307
27502,0.4917297
27503,0.53007686
27504,0.49774322
27505,0.31537446
27506,0.35479042
27507,0.63278276
27508,0.75204426
27509,0.28426537
27510,0.26755604
27511,0.33303413
27512,0.42228678
27513,0.39650166
27514,0.3863748
27515,0.60770965
27516,0.2247438
27517,0.41042462
27518,0.23672979
27519,0.5497809
27520,0.33422917
27521,0.44478455
27522,0.3366462
27523,0.511485
27524,0.49426556
27525,0.2512193
27526,0.38692948
27527,0.67104495
27528,0.5479868
27529,0.37571108
27530,0.25788888
27531,0.3023507
27532,0.3958286
27533,0.49911714
27534,0.48629996
27535,0.32356784
27536,0.53215694
27537,0.5102878
27538,0.34028703
27539,0.5325933
27540,0.54866195
27541,0.47977832
27542,0.39316383
27543,0.5871253
27544,0.6654189
27545,0.40559334
27546,0.35843945
27547,0.54150045
27548,0.6824332
27549,0.38346693
27550,0.4478273
27551,0.2468657
27552,0.5757915
27553,0.54585475
27554,0.3048045
27555,0.46993712
27556,0.4419943
27557,0.5583042
27558,0.41508004
27559,0.5987118
27560,0.36916557
27561,0.6255341
27562,0.44489995
27563,0.5226531
27564,0.65492415
27565,0.41848493
27566,0.27183136
27567,0.54890394
27568,0.42147517
27569,0.35518047
27570,0.40067557
27571,0.45433033
27572,0.4670453
27573,0.39060375
27574,0.60228366
27575,0.33809316
27576,0.51055413
27577,0.3903393
27578,0.5814761
27579,0.427102
27580,0.36274046
27581,0.26652983
27582,0.47148603
27583,0.1135795
27584,0.43084034
27585,0.46128035
27586,0.42184618
27587,0.6497118
27588,0.5651706
27589,0.3866075
27590,0.31813833
27591,0.40009943
27592,0.3907398
27593,0.45408425
27594,0.5127401
27595,0.4876046
27596,0.5596244
27597,0.38729927
27598,0.56521153
27599,0.545409
27600,0.49511415
27601,0.22744454
27602,0.3662914
27603,0.69246453
27604,0.5526838
27605,0.3565166
27606,0.21903075
27607,0.3257166
27608,0.6274892
27609,0.16972426
27610,0.44726372
27611,0.5380752
27612,0.5040525
27613,0.45925537
27614,0.59485584
27615,0.19464344
27616,0.5087775
27617,0.3553625
27618,0.29490674
27619,0.5546869
27620,0.5465616
27621,0.35264
27622,0.4793886
27623,0.2586062
27624,0.32511917
27625,0.6000471
27626,0.28694442
27627,0.51881933
27628,0.44661525
27629,0.479531
27630,0.40531868
27631,0.37597808
27632,0.45883757
27633,0.5574493
27634,0.6170222
27635,0.4612615
27636,0.2981471
27637,0.4889373
27638,0.4367456
27639,0.568822
27640,0.49324512
27641,0.15023813
27642,0.39322343
27643,0.40250853
27644,0.19336061
27645,0.5709083
27646,0.4800954
27647,0.6473142
27648,0.5480624
27649,0.32172918
27650,0.40932915
27651,0.46287727
27652,0.41932708
27653,0.30812466
27654,0.51973885
27655,0.44814152
27656,0.6545616
27657,0.48652416
27658,0.67891616
27659,0.43787327
27660,0.42156187
27661,0.5262771
27662,0.5979628
27663,0.44956717
27664,0.34573567
27665,0.47374004
27666,0.40235555
27667,0.3884574
27668,0.24298379
27669,0.38376188
27670,0.47900864
27671,0.41143715
27672,0.40643564
27673,0.28505617
27674,0.36264065
27675,0.38293937
27676,0.4759469
27677,0.46508783
27678,0.5415831
27679,0.311631
27680,0.60284853
27681,0.39130014
27682,0.49082997
27683,0.3878184
27684,0.39351308
27685,0.3925666
27686,0.40902537
27687,0.29131418
27688,0.33645344
27689,0.3769677
27690,0.27026236
27691,0.43454054
27692,0.43227804
27693,0.6589249
27694,0.5615127
27695,0.42546546
27696,0.49996787
27697,0.35745955
27698,0.30468732
27699,0.4430676
27700,0.5034726
27701,0.27753833
27702,0.32769343
27703,0.4614546
27704,0.5290606
27705,0.4278435
27706,0.211297
27707,0.45529944
27708,0.31247893
27709,0.22548687
27710,0.44658506
27711,0.44037408
27712,0.31011862
27713,0.5647248
27714,0.49776703
27715,0.282167
27716,0.5942312
27717,0.38055515
27718,0.5126474
27719,0.31158504
27720,0.35436675
27721,0.32248983
27722,0.51560116
27723,0.621355
27724,0.5062595
27725,0.4713476
27726,0.49370787
27727,0.30249423
27728,0.28228703
27729,0.41894233
27730,0.5673143
27731,0.321001
27732,0.47157922
27733,0.39951155
27734,0.31555548
27735,0.5300862
27736,0.571971
27737,0.51742166
27738,0.37837
27739,0.5376248
27740,0.22331506
27741,0.3570074
27742,0.392888
27743,0.35121092
27744,0.6665439
27745,0.48466182
27746,0.46899742
27747,0.35113782
27748,0.5414632
27749,0.3970123
27750,0.47666466
27751,0.33780187
27752,0.48291582
27753,0.47560635
27754,0.43447262
27755,0.63551223
27756,0.34032366
27757,0.49810705
27758,0.41463268
27759,0.6203992
27760,0.6240707
27761,0.3844488
27762,0.39248475
27763,0.32689577
27764,0.3722683
27765,0.531858
27766,0.18501472
27767,0.5964787
27768,0.532925
27769,0.33692458
27770,0.62752986
27771,0.32082826
27772,0.3328355
27773,0.3561294
27774,0.6053656
27775,0.4419061
27776,0.41562873
27777,0.5626934
27778,0.62434125
27779,0.35072312
27780,0.24312246
27781,0.5379741
27782,0.16864802
27783,0.52040434
27784,0.22448257
27785,0.46967933
27786,0.6233258
27787,0.27631578
27788,0.58276427
27789,0.42817453
27790,0.5778509
27791,0.36651558
27792,0.43284416
27793,0.17553984
27794,0.5644291
27795,0.61918986
27796,0.4660577
27797,0.42483792
27798,0.40544832
27799,0.32865372
27800,0.53883713
27801,0.3356952
27802,0.50225145
27803,0.5528055
27804,0.5282799
27805,0.3802348
27806,0.65196246
27807,0.27203867
27808,0.47054493
27809,0.49585277
27810,0.41199213
27811,0.62162334
27812,0.23816955
27813,0.26386228
27814,0.30093223
27815,0.5481107
27816,0.3818619
27817,0.23234747
27818,0.30234128
27819,0.47981304
27820,0.861986
27821,0.26176658
27822,0.4492012
27823,0.38143373
27824,0.6676531
27825,0.59553355
27826,0.29020378
27827,0.46970984
27828,0.39116788
27829,0.41307905
27830,0.4969711
27831,0.7653183
27832,0.45807517
27833,0.37207916
27834,0.47507876
27835,0.31778613
27836,0.4869819
27837,0.25595582
27838,0.41951406
27839,0.56468856
27840,0.51586974
27841,0.5877342
27842,0.4613607
27843,0.3312262
27844,0.5741085
27845,0.40399045
27846,0.44923538
27847,0.5506401
27848,0.591468
27849,0.4081919
27850,0.5992024
27851,0.55716395
27852,0.26444992
27853,0.47457856
27854,0.47604248
27855,0.44218564
27856,0.31344283
27857,0.20980395
27858,0.23673457
27859,0.44509107
27860,0.5937395
27861,0.20233414
27862,0.31314483
27863,0.641411
27864,0.5153506
27865,0.26470855
27866,0.33952624
27867,0.2375694
27868,0.55714196
27869,0.3496047
27870,0.3561746
27871,0.41461024
27872,0.32309818
27873,0.35713673
27874,0.40822273
27875,0.57169384
27876,0.46570995
27877,0.36974236
27878,0.43310204
27879,0.39699262
27880,0.25558117
27881,0.42103475
27882,0.39233735
27883,0.35417065
27884,0.4282718
27885,0.7943149
27886,0.4667736
27887,0.31108233
27888,0.76041955
27889,0.4734236
27890,0.6403341
27891,0.31179887
27892,0.53837246
27893,0.6547237
27894,0.43114913
27895,0.36394125
27896,0.5415532
27897,0.4799748
27898,0.19323581
27899,0.52814394
27900,0.29549205
27901,0.30227226
27902,0.33838335
27903,0.43872675
27904,0.3559161
27905,0.36758074
27906,0.26569018
27907,0.4106458
27908,0.50667375
27909,0.44550547
27910,0.5088762
27911,0.38407928
27912,0.44925842
27913,0.47052827
27914,0.40257967
27915,0.31568098
27916,0.3620829
27917,0.40090623
27918,0.24684882
27919,0.44641936
27920,0.5095808
27921,0.349147
27922,0.40556133
27923,0.23894148
27924,0.41849184
27925,0.31949666
27926,0.39809632
27927,0.2441656
27928,0.43080044
27929,0.22705533
27930,0.5015318
27931,0.4549489
27932,0.39194638
27933,0.42780957
27934,0.4455971
27935,0.4420645
27936,0.32595706
27937,0.59533083
27938,0.29231474
27939,0.275622
27940,0.28548533
27941,0.3101833
27942,0.409158
27943,0.30012366
27944,0.6271246
27945,0.3956112
27946,0.595693
27947,0.36125562
27948,0.3374535
27949,0.42977935
27950,0.66269183
27951,0.30593073
27952,0.5607287
27953,0.32122663
27954,0.11258627
27955,0.31586263
27956,0.3615975
27957,0.23995143
27958,0.1822242
27959,0.43974295
27960,0.66851616
27961,0.44122827
27962,0.6778412
27963,0.3803882
27964,0.52736926
27965,0.36022276
27966,0.59084725
27967,0.6344787
27968,0.35228625
27969,0.6217901
27970,0.6423926
27971,0.37911233
27972,0.4789217
27973,0.23747934
27974,0.44066808
27975,0.54501414
27976,0.66169965
27977,0.28657985
27978,0.25301862
27979,0.7688921
27980,0.45560914
27981,0.3315695
27982,0.5683348
27983,0.5287367
27984,0.19210458
27985,0.43173727
27986,0.4358547
27987,0.2789565
27988,0.3807974
27989,0.5368862
27990,0.5755843
27991,0.4643767
27992,0.25691488
27993,0.2853118
27994,0.45807272
27995,0.5206657
27996,0.37996283
27997,0.579971
27998,0.37307802
27999,0.42502138
28000,0.23041245
28001,0.34194356
28002,0.4281106
28003,0.4197936
28004,0.48882157
28005,0.39729518
28006,0.5217586
28007,0.36284
28008,0.5004729
28009,0.47549772
28010,0.39952222
28011,0.6280565
28012,0.4121671
28013,0.31705573
28014,0.3590992
28015,0.5846603
28016,0.47038114
28017,0.65515506
28018,0.3444218
28019,0.17013767
28020,0.30893862
28021,0.38715515
28022,0.32323444
28023,0.55028707
28024,0.32620767
28025,0.49024686
28026,0.18047495
28027,0.21887366
28028,0.33865014
28029,0.48270246
28030,0.46772444
28031,0.26130632
28032,0.3399549
28033,0.1896319
28034,0.48400068
28035,0.4076896
28036,0.38011485
28037,0.4012807
28038,0.49948233
28039,0.36443287
28040,0.36992568
28041,0.64295715
28042,0.43335027
28043,0.74224925
28044,0.4197566
28045,0.5595654
28046,0.42571637
28047,0.4448456
28048,0.6247861
28049,0.6313372
28050,0.6175756
28051,0.6892384
28052,0.38513872
28053,0.26487285
28054,0.19954467
28055,0.29914197
28056,0.5373612
28057,0.42052948
28058,0.26640552
28059,0.43597603
28060,0.29011136
28061,0.34069267
28062,0.5601747
28063,0.60675997
28064,0.4877017
28065,0.4724047
28066,0.09005657
28067,0.5108665
28068,0.5440011
28069,0.4092494
28070,0.6456198
28071,0.2712636
28072,0.2171866
28073,0.3919681
28074,0.312873
28075,0.31451157
28076,0.61913866
28077,0.5161364
28078,0.6777199
28079,0.513669
28080,0.4616845
28081,0.49399558
28082,0.4336855
28083,0.3202167
28084,0.4913699
28085,0.17961653
28086,0.525604
28087,0.24585947
28088,0.4582068
28089,0.4351177
28090,0.5982944
28091,0.3068185
28092,0.53585917
28093,0.25914133
28094,0.53145677
28095,0.6184551
28096,0.33670047
28097,0.36190158
28098,0.47385582
28099,0.42205086
28100,0.4646795
28101,0.56149894
28102,0.29283813
28103,0.55520415
28104,0.7107259
28105,0.3710861
28106,0.60230803
28107,0.5482976
28108,0.5984286
28109,0.3110068
28110,0.31376705
28111,0.39568704
28112,0.32992554
28113,0.4531459
28114,0.53514284
28115,0.26570553
28116,0.48128915
28117,0.47612
28118,0.6083771
28119,0.5558619
28120,0.46311435
28121,0.2204456
28122,0.23301427
28123,0.5521108
28124,0.35496584
28125,0.61084247
28126,0.15117607
28127,0.47674915
28128,0.69934285
28129,0.37441477
28130,0.33504674
28131,0.4399098
28132,0.6227526
28133,0.4683997
28134,0.4175768
28135,0.549938
28136,0.7136827
28137,0.30798423
28138,0.4912255
28139,0.54892856
28140,0.46085772
28141,0.4987322
28142,0.46166143
28143,0.39895836
28144,0.6364579
28145,0.36709312
28146,0.21155308
28147,0.50146425
28148,0.53186625
28149,0.31127313
28150,0.3259034
28151,0.44836295
28152,0.6302821
28153,0.2660016
28154,0.5044821
28155,0.5061172
28156,0.552248
28157,0.5817008
28158,0.47954315
28159,0.3905031
28160,0.24252163
28161,0.5461872
28162,0.55795175
28163,0.59764856
28164,0.17565903
28165,0.4786389
28166,0.45154995
28167,0.29601562
28168,0.6294247
28169,0.4263648
28170,0.4070596
28171,0.36849815
28172,0.1762008
28173,0.4659116
28174,0.5506158
28175,0.35321483
28176,0.44190377
28177,0.3491111
28178,0.388557
28179,0.37778512
28180,0.33967453
28181,0.58637166
28182,0.4440586
28183,0.52670485
28184,0.554452
28185,0.4142765
28186,0.54257524
28187,0.22285126
28188,0.4823246
28189,0.2903756
28190,0.45924944
28191,0.42734
28192,0.475394
28193,0.30072358
28194,0.55556136
28195,0.54873204
28196,0.4711151
28197,0.23796178
28198,0.33911398
28199,0.66396874
28200,0.34338462
28201,0.67827183
28202,0.52285033
28203,0.50773686
28204,0.55990374
28205,0.31704625
28206,0.4322057
28207,0.36280528
28208,0.35138974
28209,0.60331726
28210,0.4158138
28211,0.49637133
28212,0.43534163
28213,0.30814105
28214,0.5615696
28215,0.21683995
28216,0.61937124
28217,0.46269682
28218,0.47488204
28219,0.42206237
28220,0.4765523
28221,0.65148467
28222,0.2832483
28223,0.5390621
28224,0.47757506
28225,0.5163448
28226,0.40523228
28227,0.6412481
28228,0.31024596
28229,0.28889385
28230,0.4888169
28231,0.55517495
28232,0.5839423
28233,0.23877932
28234,0.43335262
28235,0.16646257
28236,0.24555378
28237,0.63552606
28238,0.5227673
28239,0.6579566
28240,0.38762176
28241,0.42969745
28242,0.7523745
28243,0.34229577
28244,0.4187485
28245,0.47414616
28246,0.5488234
28247,0.66876394
28248,0.48782003
28249,0.6239937
28250,0.72579396
28251,0.46575576
28252,0.3941299
28253,0.5305592
28254,0.35279018
28255,0.5484054
28256,0.37701696
28257,0.59643215
28258,0.5021444
28259,0.36544344
28260,0.3419381
28261,0.3770695
28262,0.45265853
28263,0.27497786
28264,0.4541369
28265,0.564399
28266,0.27918437
28267,0.27596048
28268,0.5865785
28269,0.5835506
28270,0.67957944
28271,0.2628606
28272,0.5370847
28273,0.48032594
28274,0.42848322
28275,0.49929878
28276,0.37881616
28277,0.53176916
28278,0.13508683
28279,0.41266224
28280,0.3983134
28281,0.52071744
28282,0.5864097
28283,0.44979912
28284,0.3585644
28285,0.4250317
28286,0.41414663
28287,0.44068795
28288,0.47201025
28289,0.41736385
28290,0.3670648
28291,0.6103573
28292,0.34711492
28293,0.2717588
28294,0.40674454
28295,0.3698757
28296,0.42619488
28297,0.114313096
28298,0.6765971
28299,0.30597863
28300,0.3852981
28301,0.4351418
28302,0.512291
28303,0.5434316
28304,0.53763384
28305,0.4958412
28306,0.47401604
28307,0.51625746
28308,0.5392432
28309,0.5299103
28310,0.21219042
28311,0.4662429
28312,0.53161585
28313,0.32795018
28314,0.4165016
28315,0.43164146
28316,0.4843443
28317,0.40521586
28318,0.47782752
28319,0.36036125
28320,0.43960583
28321,0.3798085
28322,0.5282151
28323,0.32544196
28324,0.4452978
28325,0.5957222
28326,0.20140436
28327,0.48001996
28328,0.41190603
28329,0.5039574
28330,0.37566426
28331,0.41029808
28332,0.6634287
28333,0.40234646
28334,0.47833768
28335,0.26455942
28336,0.35056922
28337,0.53381604
28338,0.597618
28339,0.68911284
28340,0.415625
28341,0.57019496
28342,0.4258761
28343,0.34396327
28344,0.47884676
28345,0.3170797
28346,0.44426593
28347,0.36400193
28348,0.34589726
28349,0.44765174
28350,0.24934112
28351,0.38919234
28352,0.62670815
28353,0.41622868
28354,0.45064262
28355,0.2957143
28356,0.46630424
28357,0.32480586
28358,0.48790345
28359,0.6314811
28360,0.5398124
28361,0.62742734
28362,0.3029419
28363,0.57068324
28364,0.44675833
28365,0.39608797
28366,0.7304575
28367,0.5715487
28368,0.62861884
28369,0.57606936
28370,0.46094358
28371,0.529735
28372,0.69619745
28373,0.5483153
28374,0.6066836
28375,0.37905857
28376,0.39065298
28377,0.45645815
28378,0.36279234
28379,0.5735371
28380,0.3742956
28381,0.52285486
28382,0.46252212
28383,0.40907675
28384,0.36945444
28385,0.4424207
28386,0.63512504
28387,0.38067156
28388,0.62213296
28389,0.36183515
28390,0.2626134
28391,0.5294785
28392,0.36779752
28393,0.24059631
28394,0.53554296
28395,0.3607762
28396,0.22456901
28397,0.34198123
28398,0.5004838
28399,0.45395976
28400,0.41020674
28401,0.46820742
28402,0.5208185
28403,0.5296143
28404,0.45949042
28405,0.46709168
28406,0.47723338
28407,0.54606223
28408,0.37057012
28409,0.38475814
28410,0.54544955
28411,0.42151967
28412,0.5969741
28413,0.6501825
28414,0.51205504
28415,0.4464654
28416,0.5347963
28417,0.42635846
28418,0.29087225
28419,0.3835236
28420,0.3670349
28421,0.3659449
28422,0.6381611
28423,0.48893666
28424,0.50762314
28425,0.44338217
28426,0.39595294
28427,0.36243215
28428,0.22556312
28429,0.61978316
28430,0.4302144
28431,0.5013911
28432,0.47317258
28433,0.521329
28434,0.40392148
28435,0.5484951
28436,0.565675
28437,0.26754388
28438,0.51714236
28439,0.3198737
28440,0.5029218
28441,0.34479678
28442,0.40332863
28443,0.34882218
28444,0.32736987
28445,0.44055724
28446,0.4246852
28447,0.4660138
28448,0.4913802
28449,0.42263225
28450,0.23527654
28451,0.15766665
28452,0.41926396
28453,0.27906272
28454,0.31499442
28455,0.37831864
28456,0.7099391
28457,0.5363406
28458,0.41948274
28459,0.7554256
28460,0.32711118
28461,0.6175953
28462,0.52965695
28463,0.4287513
28464,0.55927557
28465,0.45542905
28466,0.4511748
28467,0.52006555
28468,0.41324255
28469,0.5517358
28470,0.23969465
28471,0.34258783
28472,0.3591942
28473,0.5462709
28474,0.53690654
28475,0.57819545
28476,0.2729313
28477,0.2382028
28478,0.6016656
28479,0.49622717
28480,0.55841744
28481,0.4822457
28482,0.37817144
28483,0.5973457
28484,0.2869125
28485,0.35067293
28486,0.59443337
28487,0.43938923
28488,0.40206897
28489,0.14188823
28490,0.12866472
28491,0.43325067
28492,0.33025867
28493,0.30097854
28494,0.45458096
28495,0.24880669
28496,0.355088
28497,0.33127528
28498,0.28175426
28499,0.39779332
28500,0.34543708
28501,0.60039186
28502,0.32001272
28503,0.27274364
28504,0.3752097
28505,0.28416878
28506,0.4236645
28507,0.3955568
28508,0.5741238
28509,0.37172577
28510,0.36763388
28511,0.4285706
28512,0.3898387
28513,0.17525795
28514,0.08072269
28515,0.47047338
28516,0.54850733
28517,0.36376062
28518,0.35448235
28519,0.46414316
28520,0.41187435
28521,0.57584536
28522,0.41304368
28523,0.6371253
28524,0.30023462
28525,0.52122283
28526,0.422857
28527,0.349529
28528,0.51939535
28529,0.4544076
28530,0.5333744
28531,0.3685037
28532,0.32889965
28533,0.29662445
28534,0.57189685
28535,0.71216315
28536,0.4345062
28537,0.54611796
28538,0.2596484
28539,0.44741428
28540,0.56090313
28541,0.47798052
28542,0.28013995
28543,0.31337887
28544,0.40963775
28545,0.48932272
28546,0.5364405
28547,0.45086092
28548,0.24924463
28549,0.5506188
28550,0.44394106
28551,0.49918926
28552,0.44788396
28553,0.4362285
28554,0.64552414
28555,0.58971214
28556,0.5416914
28557,0.3679704
28558,0.4040742
28559,0.40472317
28560,0.40690473
28561,0.26414695
28562,0.5646601
28563,0.5494079
28564,0.6738992
28565,0.49687257
28566,0.4842588
28567,0.28018805
28568,0.32390887
28569,0.2939925
28570,0.6256877
28571,0.48991838
28572,0.5962152
28573,0.3889216
28574,0.50496715
28575,0.466512
28576,0.33042932
28577,0.3796578
28578,0.48914945
28579,0.46569717
28580,0.6224295
28581,0.39923516
28582,0.6723056
28583,0.5440883
28584,0.27731594
28585,0.553144
28586,0.15645336
28587,0.3669616
28588,0.42603242
28589,0.46497715
28590,0.36267546
28591,0.2521376
28592,0.2999673
28593,0.33313897
28594,0.33330932
28595,0.44240418
28596,0.53629076
28597,0.61249405
28598,0.3549617
28599,0.22764853
28600,0.3613849
28601,0.5389357
28602,0.31973496
28603,0.54626137
28604,0.4156144
28605,0.46585396
28606,0.41911572
28607,0.5256952
28608,0.6346101
28609,0.5410763
28610,0.48469743
28611,0.31136784
28612,0.19252531
28613,0.30942968
28614,0.29926842
28615,0.45897466
28616,0.45038897
28617,0.6544882
28618,0.66186476
28619,0.6485995
28620,0.4076789
28621,0.551053
28622,0.5137162
28623,0.33002025
28624,0.31529045
28625,0.4437535
28626,0.5556584
28627,0.4964274
28628,0.49141118
28629,0.47665524
28630,0.40492916
28631,0.35608992
28632,0.6144329
28633,0.32999766
28634,0.46084595
28635,0.58538705
28636,0.52941877
28637,0.23762763
28638,0.32312387
28639,0.2846848
28640,0.37389305
28641,0.61018777
28642,0.45874542
28643,0.56887823
28644,0.65151393
28645,0.43795055
28646,0.31327623
28647,0.25595576
28648,0.39409912
28649,0.5640308
28650,0.501795
28651,0.44262016
28652,0.5704775
28653,0.44992688
28654,0.34796754
28655,0.24942079
28656,0.48395568
28657,0.48164082
28658,0.5306273
28659,0.16042344
28660,0.5796964
28661,0.34068018
28662,0.26032138
28663,0.43930003
28664,0.32439002
28665,0.47130442
28666,0.38107494
28667,0.58373094
28668,0.42321324
28669,0.53308105
28670,0.35678545
28671,0.7953707
28672,0.31847876
28673,0.23900247
28674,0.41202924
28675,0.5659658
28676,0.5750064
28677,0.53046626
28678,0.24096042
28679,0.4496672
28680,0.553313
28681,0.57128495
28682,0.42508692
28683,0.58378273
28684,0.29299337
28685,0.39472258
28686,0.599739
28687,0.5000696
28688,0.49907735
28689,0.6713207
28690,0.35076645
28691,0.3543533
28692,0.39662698
28693,0.3892527
28694,0.25376034
28695,0.4545246
28696,0.55775344
28697,0.62334526
28698,0.24270311
28699,0.53601193
28700,0.20730512
28701,0.31035674
28702,0.5629365
28703,0.37586123
28704,0.51829696
28705,0.33266336
28706,0.23748623
28707,0.43439978
28708,0.3867705
28709,0.22358626
28710,0.49794865
28711,0.39482287
28712,0.5565072
28713,0.37456673
28714,0.42712635
28715,0.3292769
28716,0.28627175
28717,0.5411554
28718,0.32587084
28719,0.45788676
28720,0.40047583
28721,0.3468335
28722,0.45525783
28723,0.55869377
28724,0.30322707
28725,0.45056412
28726,0.49343598
28727,0.44906262
28728,0.4411324
28729,0.27862793
28730,0.33913878
28731,0.41656318
28732,0.51526326
28733,0.50350285
28734,0.4578619
28735,0.3706446
28736,0.49551564
28737,0.68580675
28738,0.4234345
28739,0.52832043
28740,0.44344658
28741,0.40814552
28742,0.51288867
28743,0.65762967
28744,0.5327734
28745,0.335113
28746,0.32820436
28747,0.59894925
28748,0.26265803
28749,0.33984017
28750,0.5303073
28751,0.5804869
28752,0.39507833
28753,0.32676703
28754,0.5064306
28755,0.2897935
28756,0.4204022
28757,0.50206494
28758,0.3655855
28759,0.29420564
28760,0.5173944
28761,0.42020297
28762,0.45391804
28763,0.30761704
28764,0.43594468
28765,0.28931555
28766,0.2366107
28767,0.20386584
28768,0.33160836
28769,0.41957867
28770,0.2613363
28771,0.4037925
28772,0.43760264
28773,0.47943833
28774,0.39956218
28775,0.4622449
28776,0.27945888
28777,0.43977472
28778,0.6011196
28779,0.33918253
28780,0.22955364
28781,0.4573914
28782,0.51792645
28783,0.35709766
28784,0.58922476
28785,0.5064574
28786,0.4991939
28787,0.1578426
28788,0.544535
28789,0.48504418
28790,0.6181653
28791,0.35839373
28792,0.49186257
28793,0.3030889
28794,0.30637655
28795,0.339459
28796,0.42144737
28797,0.1195296
28798,0.4082479
28799,0.49880588
28800,0.39017615
28801,0.3142437
28802,0.30698055
28803,0.1769112
28804,0.47678924
28805,0.33124372
28806,0.44566298
28807,0.50215584
28808,0.46612337
28809,0.41061193
28810,0.5626245
28811,0.37176564
28812,0.6483182
28813,0.38119054
28814,0.605014
28815,0.20211744
28816,0.3939827
28817,0.4741787
28818,0.11189629
28819,0.54089487
28820,0.3996233
28821,0.34857616
28822,0.49910134
28823,0.23496059
28824,0.4876636
28825,0.53011084
28826,0.19687384
28827,0.43115523
28828,0.19927488
28829,0.26500696
28830,0.2946337
28831,0.3790972
28832,0.24691641
28833,0.4196602
28834,0.41330567
28835,0.55408746
28836,0.35060713
28837,0.36560142
28838,0.24540195
28839,0.47561288
28840,0.6551455
28841,0.3634158
28842,0.4681331
28843,0.3450363
28844,0.50934184
28845,0.31467086
28846,0.55621153
28847,0.46860674
28848,0.15553015
28849,0.499483
28850,0.44577944
28851,0.34365302
28852,0.64492106
28853,0.70140046
28854,0.45668793
28855,0.2984399
28856,0.5496236
28857,0.30440804
28858,0.39996287
28859,0.31226778
28860,0.6388806
28861,0.45255673
28862,0.43214783
28863,0.43110543
28864,0.34489328
28865,0.30282485
28866,0.38733336
28867,0.41363594
28868,0.35212538
28869,0.34037146
28870,0.5479854
28871,0.4709351
28872,0.49774206
28873,0.24769625
28874,0.7129284
28875,0.06471645
28876,0.23114054
28877,0.44920313
28878,0.4987927
28879,0.45073068
28880,0.23920509
28881,0.15793149
28882,0.29854727
28883,0.44537666
28884,0.5166926
28885,0.49656326
28886,0.6992865
28887,0.49025682
28888,0.58419544
28889,0.35356012
28890,0.27960515
28891,0.5277586
28892,0.29772508
28893,0.65366477
28894,0.4198184
28895,0.4425178
28896,0.3061422
28897,0.4586423
28898,0.5317478
28899,0.31627306
28900,0.26675892
28901,0.7240817
28902,0.52561915
28903,0.26458633
28904,0.2833601
28905,0.31228766
28906,0.5704986
28907,0.66051406
28908,0.40603617
28909,0.39082447
28910,0.5264255
28911,0.2765212
28912,0.71085113
28913,0.22671369
28914,0.6313687
28915,0.38242894
28916,0.55495775
28917,0.38012847
28918,0.30883402
28919,0.42561847
28920,0.3517804
28921,0.29403186
28922,0.52103287
28923,0.5701844
28924,0.49070582
28925,0.1963604
28926,0.5653651
28927,0.5355019
28928,0.42351168
28929,0.31896827
28930,0.295141
28931,0.3593231
28932,0.48734942
28933,0.44241294
28934,0.47642103
28935,0.45153198
28936,0.32274026
28937,0.23568884
28938,0.32773888
28939,0.49320233
28940,0.34795
28941,0.17276765
28942,0.7369894
28943,0.47726667
28944,0.1333245
28945,0.6173341
28946,0.35647196
28947,0.4993531
28948,0.34857535
28949,0.30668747
28950,0.40448827
28951,0.22259967
28952,0.58903974
28953,0.2773441
28954,0.6088118
28955,0.36524314
28956,0.46213326
28957,0.44707653
28958,0.5262471
28959,0.4122184
28960,0.33414719
28961,0.47373876
28962,0.4826536
28963,0.26353407
28964,0.3951114
28965,0.41239607
28966,0.48642516
28967,0.5149907
28968,0.48701996
28969,0.6176917
28970,0.27431437
28971,0.23123367
28972,0.5527418
28973,0.5027462
28974,0.46991992
28975,0.3442799
28976,0.4248366
28977,0.37215304
28978,0.30843908
28979,0.21985187
28980,0.41691875
28981,0.47932
28982,0.45106474
28983,0.35643587
28984,0.2468637
28985,0.3981001
28986,0.3347579
28987,0.45001972
28988,0.60227776
28989,0.6901177
28990,0.30108476
28991,0.47422865
28992,0.63929194
28993,0.43257314
28994,0.49485624
28995,0.30223435
28996,0.29774198
28997,0.5472266
28998,0.42095315
28999,0.36934182
29000,0.30054277
29001,0.31809857
29002,0.3727408
29003,0.30337808
29004,0.6024154
29005,0.42407653
29006,0.2842019
29007,0.6413707
29008,0.31618464
29009,0.69357044
29010,0.19487762
29011,0.44378102
29012,0.43081644
29013,0.4275754
29014,0.47724578
29015,0.422123
29016,0.5145235
29017,0.5813903
29018,0.20246214
29019,0.4358054
29020,0.56792957
29021,0.28675532
29022,0.3502968
29023,0.50672007
29024,0.4849096
29025,0.2972929
29026,0.3829248
29027,0.21935979
29028,0.34669974
29029,0.32731247
29030,0.35752815
29031,0.48227164
29032,0.25626722
29033,0.3199246
29034,0.41725865
29035,0.39174932
29036,0.23150808
29037,0.4440065
29038,0.2743496
29039,0.5832167
29040,0.56782335
29041,0.1608501
29042,0.25634724
29043,0.3732814
29044,0.33138916
29045,0.34363335
29046,0.54922026
29047,0.4578085
29048,0.54917014
29049,0.47968233
29050,0.41223466
29051,0.24280253
29052,0.4819025
29053,0.46052375
29054,0.36405116
29055,0.4637467
29056,0.34941715
29057,0.26538077
29058,0.36671326
29059,0.2383363
29060,0.3442331
29061,0.57722324
29062,0.52990866
29063,0.47795513
29064,0.54579073
29065,0.44149375
29066,0.5305924
29067,0.5117088
29068,0.4192037
29069,0.55966455
29070,0.50144136
29071,0.42484656
29072,0.40759006
29073,0.40301704
29074,0.34438324
29075,0.47699243
29076,0.5513159
29077,0.48125154
29078,0.68311673
29079,0.4687895
29080,0.498305
29081,0.45626906
29082,0.7032768
29083,0.40662047
29084,0.6571007
29085,0.55745566
29086,0.38517776
29087,0.52513283
29088,0.37353423
29089,0.6085104
29090,0.5281138
29091,0.4079692
29092,0.32007906
29093,0.30400884
29094,0.21849014
29095,0.38945225
29096,0.63579845
29097,0.39456433
29098,0.5684942
29099,0.2963163
29100,0.28959453
29101,0.6535067
29102,0.3181514
29103,0.38881552
29104,0.28895885
29105,0.30572885
29106,0.34797677
29107,0.24239616
29108,0.33053118
29109,0.45779908
29110,0.58421206
29111,0.30013034
29112,0.4139118
29113,0.3477427
29114,0.63416183
29115,0.5500244
29116,0.30579656
29117,0.4265825
29118,0.43106413
29119,0.42486897
29120,0.3539799
29121,0.3843157
29122,0.5126583
29123,0.42465377
29124,0.43399945
29125,0.3865804
29126,0.435292
29127,0.41147324
29128,0.4283628
29129,0.22858582
29130,0.46455094
29131,0.5195769
29132,0.34781176
29133,0.7009012
29134,0.48072913
29135,0.8224875
29136,0.25797614
29137,0.39787927
29138,0.25139123
29139,0.7075593
29140,0.5390356
29141,0.5817916
29142,0.5889944
29143,0.5321942
29144,0.40439305
29145,0.5046436
29146,0.5308533
29147,0.33242399
29148,0.5551532
29149,0.33367726
29150,0.50490755
29151,0.6212764
29152,0.48808855
29153,0.5186926
29154,0.45920005
29155,0.6544496
29156,0.24049065
29157,0.5445119
29158,0.1185912
29159,0.6401012
29160,0.24807619
29161,0.4513955
29162,0.4067073
29163,0.3810084
29164,0.4705499
29165,0.24869229
29166,0.35391465
29167,0.49543715
29168,0.6320636
29169,0.5521478
29170,0.3625299
29171,0.64287853
29172,0.68598044
29173,0.7224983
29174,0.39567858
29175,0.36801723
29176,0.6501941
29177,0.14132649
29178,0.45381147
29179,0.30593908
29180,0.3173462
29181,0.29053468
29182,0.4974155
29183,0.22151423
29184,0.27337763
29185,0.33986408
29186,0.49160126
29187,0.3813271
29188,0.5845231
29189,0.43074203
29190,0.2543288
29191,0.5270085
29192,0.17859046
29193,0.55992407
29194,0.3016038
29195,0.5165402
29196,0.4960258
29197,0.3121451
29198,0.63434887
29199,0.544123
29200,0.51838976
29201,0.40609592
29202,0.48556167
29203,0.49608472
29204,0.30267715
29205,0.596559
29206,0.4601698
29207,0.52415866
29208,0.28071216
29209,0.32942164
29210,0.28068677
29211,0.38822538
29212,0.30349693
29213,0.42673385
29214,0.39295012
29215,0.5373743
29216,0.5326352
29217,0.50519216
29218,0.29348397
29219,0.34538466
29220,0.47340608
29221,0.55474854
29222,0.58762056
29223,0.34944698
29224,0.49231952
29225,0.12805034
29226,0.43449837
29227,0.5857168
29228,0.4003812
29229,0.37699306
29230,0.36355594
29231,0.36230418
29232,0.27710414
29233,0.42258236
29234,0.30846775
29235,0.5727801
29236,0.24279213
29237,0.45509127
29238,0.5951157
29239,0.077376455
29240,0.49244305
29241,0.30275753
29242,0.34990066
29243,0.46973696
29244,0.61048937
29245,0.5228047
29246,0.29269022
29247,0.40282622
29248,0.49439526
29249,0.62521154
29250,0.51862323
29251,0.44558245
29252,0.2476775
29253,0.7585188
29254,0.44523054
29255,0.52192676
29256,0.24474107
29257,0.2837875
29258,0.30527538
29259,0.44050884
29260,0.17869666
29261,0.33392754
29262,0.1816684
29263,0.44894898
29264,0.20805521
29265,0.22672585
29266,0.4508705
29267,0.3196725
29268,0.13193023
29269,0.5829539
29270,0.7110872
29271,0.49067712
29272,0.47170025
29273,0.5445184
29274,0.32030803
29275,0.5540295
29276,0.6265595
29277,0.28565392
29278,0.48083824
29279,0.20657493
29280,0.40030152
29281,0.4772828
29282,0.5926951
29283,0.4679673
29284,0.40569794
29285,0.33951756
29286,0.2584201
29287,0.31601024
29288,0.765574
29289,0.44003293
29290,0.47536573
29291,0.16269004
29292,0.3015946
29293,0.3696783
29294,0.37231082
29295,0.5203232
29296,0.3472866
29297,0.36055747
29298,0.41204086
29299,0.4846828
29300,0.51817715
29301,0.4656766
29302,0.52316135
29303,0.33678195
29304,0.43117633
29305,0.29126778
29306,0.38650283
29307,0.24959496
29308,0.2617098
29309,0.4945355
29310,0.5941508
29311,0.5328987
29312,0.43697962
29313,0.5507183
29314,0.3547066
29315,0.35636795
29316,0.547321
29317,0.3383465
29318,0.5846842
29319,0.32401583
29320,0.44928032
29321,0.50844526
29322,0.7080109
29323,0.41597176
29324,0.5703106
29325,0.46442008
29326,0.48177996
29327,0.6414022
29328,0.56715816
29329,0.4910887
29330,0.43650982
29331,0.7791868
29332,0.4528586
29333,0.43506682
29334,0.44410297
29335,0.5890582
29336,0.32851043
29337,0.5076333
29338,0.28296348
29339,0.26829576
29340,0.49784124
29341,0.52801335
29342,0.36624426
29343,0.6111861
29344,0.5254959
29345,0.6691675
29346,0.3266104
29347,0.48376438
29348,0.31289425
29349,0.26978114
29350,0.56018424
29351,0.40827382
29352,0.3681991
29353,0.5495699
29354,0.26647598
29355,0.44214535
29356,0.5430164
29357,0.442197
29358,0.2558272
29359,0.5180997
29360,0.323692
29361,0.41677922
29362,0.4957486
29363,0.3560366
29364,0.49050495
29365,0.44933215
29366,0.38548017
29367,0.38045445
29368,0.33692336
29369,0.51725966
29370,0.45817477
29371,0.4916296
29372,0.41831577
29373,0.3672997
29374,0.3735864
29375,0.56762755
29376,0.4813371
29377,0.32560214
29378,0.39277548
29379,0.30719948
29380,0.45210463
29381,0.5409482
29382,0.5188119
29383,0.42232162
29384,0.5023769
29385,0.51844615
29386,0.34041068
29387,0.54770327
29388,0.636004
29389,0.29884285
29390,0.25954652
29391,0.43163043
29392,0.4689667
29393,0.2902188
29394,0.4026601
29395,0.4255702
29396,0.7049163
29397,0.3938167
29398,0.44096345
29399,0.59032077
29400,0.1568966
29401,0.22910285
29402,0.32662678
29403,0.26794198
29404,0.40038848
29405,0.5229933
29406,0.45340157
29407,0.38491496
29408,0.34697568
29409,0.38686734
29410,0.31074354
29411,0.4987945
29412,0.3934967
29413,0.4786861
29414,0.3544033
29415,0.41867962
29416,0.4539912
29417,0.5622626
29418,0.32980996
29419,0.15186018
29420,0.37138218
29421,0.6562764
29422,0.120152965
29423,0.38406932
29424,0.47858548
29425,0.38333777
29426,0.3970927
29427,0.5181547
29428,0.42419106
29429,0.46481884
29430,0.43431678
29431,0.4462365
29432,0.46133626
29433,0.41242296
29434,0.44000956
29435,0.23680091
29436,0.48039228
29437,0.43368393
29438,0.32625997
29439,0.38248304
29440,0.37938136
29441,0.27440104
29442,0.61751646
29443,0.44217023
29444,0.54726416
29445,0.4133699
29446,0.42008594
29447,0.3860538
29448,0.54291856
29449,0.33703765
29450,0.31393293
29451,0.36936668
29452,0.4771658
29453,0.46850246
29454,0.41649386
29455,0.6592972
29456,0.40454048
29457,0.51321346
29458,0.3974796
29459,0.4795369
29460,0.4457564
29461,0.19099277
29462,0.6558672
29463,0.3476749
29464,0.33626586
29465,0.3500219
29466,0.43000737
29467,0.2146602
29468,0.5602035
29469,0.40204066
29470,0.5356765
29471,0.33157754
29472,0.5116469
29473,0.45631817
29474,0.41805205
29475,0.34953395
29476,0.42471996
29477,0.6486457
29478,0.39838758
29479,0.40589896
29480,0.43899164
29481,0.49825078
29482,0.4806459
29483,0.5645233
29484,0.6243618
29485,0.26485458
29486,0.5015526
29487,0.46478206
29488,0.43246898
29489,0.4666129
29490,0.3472625
29491,0.18370561
29492,0.39245933
29493,0.5509761
29494,0.6510601
29495,0.5161507
29496,0.33535987
29497,0.39186707
29498,0.34100458
29499,0.33706072
29500,0.6335879
29501,0.60920495
29502,0.33526447
29503,0.31285343
29504,0.5897535
29505,0.32894468
29506,0.41788623
29507,0.5152596
29508,0.60711145
29509,0.3358261
29510,0.6008967
29511,0.19497666
29512,0.39796758
29513,0.49256718
29514,0.64753354
29515,0.21510527
29516,0.3628341
29517,0.76027554
29518,0.48305947
29519,0.30475503
29520,0.16704404
29521,0.4402882
29522,0.5345359
29523,0.2864739
29524,0.33905345
29525,0.6752666
29526,0.41403997
29527,0.46619135
29528,0.5186399
29529,0.48915824
29530,0.29371107
29531,0.27603912
29532,0.23251972
29533,0.3381284
29534,0.5215917
29535,0.47568673
29536,0.46162984
29537,0.6049058
29538,0.5677463
29539,0.46542773
29540,0.37223652
29541,0.43379113
29542,0.47842214
29543,0.3136225
29544,0.40349695
29545,0.556518
29546,0.42982513
29547,0.34257796
29548,0.37615922
29549,0.3423591
29550,0.40705985
29551,0.35447332
29552,0.40331173
29553,0.56975573
29554,0.28504565
29555,0.525138
29556,0.36342695
29557,0.49161226
29558,0.419257
29559,0.43065596
29560,0.4894601
29561,0.49406466
29562,0.426667
29563,0.5230028
29564,0.5288776
29565,0.50749505
29566,0.26118505
29567,0.7152149
29568,0.4278057
29569,0.252963
29570,0.6205354
29571,0.4417191
29572,0.5011347
29573,0.44841343
29574,0.28433514
29575,0.4761354
29576,0.3320274
29577,0.41702858
29578,0.6356029
29579,0.20634204
29580,0.38090816
29581,0.3302227
29582,0.51491594
29583,0.33906952
29584,0.26957622
29585,0.33478624
29586,0.28794083
29587,0.43093428
29588,0.42766124
29589,0.361825
29590,0.19556399
29591,0.42357847
29592,0.47879413
29593,0.27687904
29594,0.54760057
29595,0.44025823
29596,0.22940378
29597,0.46428785
29598,0.31401592
29599,0.48663223
29600,0.62872326
29601,0.46219826
29602,0.59747565
29603,0.32295543
29604,0.3016814
29605,0.40543327
29606,0.41338718
29607,0.31331185
29608,0.35691035
29609,0.386884
29610,0.423918
29611,0.5738375
29612,0.13173898
29613,0.4123729
29614,0.27489287
29615,0.36809668
29616,0.4714506
29617,0.557037
29618,0.63978344
29619,0.14539133
29620,0.35120308
29621,0.22366264
29622,0.39739278
29623,0.3383071
29624,0.43762812
29625,0.24046561
29626,0.26159057
29627,0.37633595
29628,0.5044785
29629,0.5653271
29630,0.30518627
29631,0.43236044
29632,0.38787133
29633,0.25699723
29634,0.45571923
29635,0.39985076
29636,0.35240746
29637,0.5285879
29638,0.3743787
29639,0.29176867
29640,0.47939482
29641,0.2983081
29642,0.4056246
29643,0.4293014
29644,0.52175635
29645,0.40168065
29646,0.1484955
29647,0.46812814
29648,0.39525643
29649,0.37321928
29650,0.66065496
29651,0.24912702
29652,0.49147937
29653,0.36539483
29654,0.41847008
29655,0.40217528
29656,0.45412686
29657,0.42623222
29658,0.31364876
29659,0.30104926
29660,0.3668948
29661,0.21444885
29662,0.5256056
29663,0.6651519
29664,0.22690076
29665,0.5925076
29666,0.48017943
29667,0.25699183
29668,0.42408052
29669,0.26475355
29670,0.724991
29671,0.42679703
29672,0.4555187
29673,0.6067507
29674,0.18138462
29675,0.36714047
29676,0.10434189
29677,0.2154135
29678,0.534822
29679,0.3460122
29680,0.2693661
29681,0.5138025
29682,0.55232567
29683,0.4766508
29684,0.38955346
29685,0.25357687
29686,0.42604354
29687,0.2945693
29688,0.24040714
29689,0.65669924
29690,0.20682614
29691,0.50423044
29692,0.38629174
29693,0.42996714
29694,0.5919861
29695,0.4418868
29696,0.66300714
29697,0.3655578
29698,0.48065004
29699,0.42388105
29700,0.45956802
29701,0.38775215
29702,0.4360785
29703,0.49628007
29704,0.5011333
29705,0.4020555
29706,0.6622135
29707,0.16666166
29708,0.54833806
29709,0.3654516
29710,0.24758308
29711,0.43854046
29712,0.5764371
29713,0.35555002
29714,0.45810992
29715,0.31196344
29716,0.45848125
29717,0.39305183
29718,0.25679067
29719,0.41647387
29720,0.45322925
29721,0.5686733
29722,0.45950866
29723,0.31859198
29724,0.3804873
29725,0.6928319
29726,0.5118278
29727,0.34035227
29728,0.5009829
29729,0.49602348
29730,0.21021901
29731,0.47009352
29732,0.41497564
29733,0.2709098
29734,0.49631324
29735,0.40909654
29736,0.5521294
29737,0.3875776
29738,0.2746147
29739,0.42098004
29740,0.43193567
29741,0.5431129
29742,0.73008245
29743,0.4306712
29744,0.49705946
29745,0.49252465
29746,0.5639671
29747,0.4477743
29748,0.5131631
29749,0.2375482
29750,0.4907235
29751,0.3784934
29752,0.26980707
29753,0.5952481
29754,0.36709473
29755,0.5749105
29756,0.37204644
29757,0.16972952
29758,0.39755833
29759,0.6565598
29760,0.47099328
29761,0.49005172
29762,0.3312486
29763,0.37521312
29764,0.42701292
29765,0.5487561
29766,0.4943674
29767,0.3468921
29768,0.4296652
29769,0.31368604
29770,0.56466484
29771,0.23686272
29772,0.21216717
29773,0.5755302
29774,0.35865974
29775,0.37408668
29776,0.2404912
29777,0.21127465
29778,0.47159907
29779,0.48319983
29780,0.73721504
29781,0.3028367
29782,0.4733322
29783,0.47079435
29784,0.493734
29785,0.53436553
29786,0.45136952
29787,0.39265966
29788,0.378015
29789,0.54000527
29790,0.4748262
29791,0.5226754
29792,0.5062496
29793,0.4481479
29794,0.5168685
29795,0.5708378
29796,0.32842228
29797,0.32224634
29798,0.6330508
29799,0.36551872
29800,0.3143643
29801,0.44345325
29802,0.4368094
29803,0.26575634
29804,0.5047566
29805,0.49908805
29806,0.3687292
29807,0.49959853
29808,0.42903903
29809,0.75268596
29810,0.46904716
29811,0.25063005
29812,0.53265506
29813,0.415774
29814,0.38079372
29815,0.7529154
29816,0.6029578
29817,0.27173066
29818,0.5681921
29819,0.61959666
29820,0.37160552
29821,0.28941014
29822,0.511482
29823,0.19990031
29824,0.70008254
29825,0.33630344
29826,0.43290427
29827,0.42417616
29828,0.29231727
29829,0.6393961
29830,0.47013324
29831,0.42224476
29832,0.56362855
29833,0.45194924
29834,0.36093897
29835,0.22705057
29836,0.430067
29837,0.31684756
29838,0.7226891
29839,0.24412398
29840,0.5652114
29841,0.7677047
29842,0.3899553
29843,0.38384968
29844,0.45459282
29845,0.24651773
29846,0.40866137
29847,0.34551665
29848,0.4702858
29849,0.5565294
29850,0.52201533
29851,0.5272007
29852,0.44961962
29853,0.29369906
29854,0.44590926
29855,0.4483361
29856,0.44211674
29857,0.30511037
29858,0.5693288
29859,0.50412625
29860,0.54376316
29861,0.35594463
29862,0.296819
29863,0.6001717
29864,0.6770765
29865,0.59679437
29866,0.3617892
29867,0.69109374
29868,0.39336312
29869,0.5954181
29870,0.579869
29871,0.159798
29872,0.2542208
29873,0.43163
29874,0.3601927
29875,0.40553883
29876,0.30205056
29877,0.4467592
29878,0.5241399
29879,0.29314294
29880,0.24891686
29881,0.5079421
29882,0.47723246
29883,0.4785305
29884,0.33332163
29885,0.6457862
29886,0.48092222
29887,0.54384905
29888,0.33018982
29889,0.36653456
29890,0.30289623
29891,0.46831843
29892,0.5102758
29893,0.5455568
29894,0.35465816
29895,0.47154948
29896,0.50660247
29897,0.318324
29898,0.30593145
29899,0.34354165
29900,0.39361817
29901,0.607837
29902,0.48168927
29903,0.4492706
29904,0.58341473
29905,0.41347706
29906,0.4271035
29907,0.34888363
29908,0.409699
29909,0.32262632
29910,0.48439464
29911,0.57048696
29912,0.5246341
29913,0.38497838
29914,0.42501414
29915,0.46689084
29916,0.53780353
29917,0.52082646
29918,0.26334652
29919,0.22053306
29920,0.5165464
29921,0.42141044
29922,0.37577915
29923,0.2748442
29924,0.49678028
29925,0.55694306
29926,0.4153667
29927,0.4707916
29928,0.38883594
29929,0.34809598
29930,0.25629425
29931,0.48047724
29932,0.5963349
29933,0.21065482
29934,0.55105186
29935,0.4428486
29936,0.47033256
29937,0.5931432
29938,0.5449829
29939,0.39751452
29940,0.4401472
29941,0.22712344
29942,0.40377286
29943,0.32554436
29944,0.59435046
29945,0.6172304
29946,0.24985795
29947,0.46977407
29948,0.28860056
29949,0.6675787
29950,0.631178
29951,0.511029
29952,0.37965056
29953,0.44044524
29954,0.40252778
29955,0.31055668
29956,0.350347
29957,0.4840294
29958,0.2124321
29959,0.30638567
29960,0.6983208
29961,0.36102334
29962,0.4569773
29963,0.37605166
29964,0.41539344
29965,0.41308638
29966,0.24647346
29967,0.30505857
29968,0.22924823
29969,0.26917922
29970,0.3536935
29971,0.43383333
29972,0.40669096
29973,0.27286187
29974,0.3349795
29975,0.41389498
29976,0.22790071
29977,0.28794163
29978,0.61440665
29979,0.4627927
29980,0.59559774
29981,0.4367871
29982,0.46111175
29983,0.42662558
29984,0.45225313
29985,0.3627336
29986,0.43198553
29987,0.57580864
29988,0.47982237
29989,0.2276431
29990,0.73645115
29991,0.7157328
29992,0.4148228
29993,0.36827904
29994,0.22897983
29995,0.32317138
29996,0.60968274
29997,0.478342
29998,0.46300077
29999,0.49805182
30000,0.6134746
30001,0.58781576
30002,0.5235384
30003,0.5263296
30004,0.381541
30005,0.4409678
30006,0.48987243
30007,0.40925238
30008,0.6706516
30009,0.38716844
30010,0.37783268
30011,0.34402782
30012,0.44446725
30013,0.4390609
30014,0.3341762
30015,0.2743984
30016,0.36275235
30017,0.52333224
30018,0.4500169
30019,0.33235228
30020,0.5577376
30021,0.42224398
30022,0.37076688
30023,0.57000273
30024,0.29505882
30025,0.45928153
30026,0.4501566
30027,0.30683413
30028,0.4805602
30029,0.3886445
30030,0.3038443
30031,0.30663475
30032,0.484848
30033,0.57622504
30034,0.66891646
30035,0.29306236
30036,0.31160972
30037,0.31390527
30038,0.36814415
30039,0.58089596
30040,0.20655605
30041,0.37016234
30042,0.49690083
30043,0.22037733
30044,0.359615
30045,0.22105598
30046,0.4348519
30047,0.40452597
30048,0.400443
30049,0.63478744
30050,0.31599426
30051,0.47364965
30052,0.30796358
30053,0.26923582
30054,0.48023355
30055,0.3470423
30056,0.63448584
30057,0.4427071
30058,0.5701721
30059,0.48189017
30060,0.5037414
30061,0.42236796
30062,0.5597289
30063,0.38015485
30064,0.5710878
30065,0.50359344
30066,0.4100202
30067,0.44148636
30068,0.5770696
30069,0.2802595
30070,0.34762642
30071,0.44403806
30072,0.15095842
30073,0.4855467
30074,0.64304596
30075,0.46731922
30076,0.4940783
30077,0.34216082
30078,0.5810938
30079,0.5553294
30080,0.39853814
30081,0.20581384
30082,0.36798504
30083,0.36411697
30084,0.7340679
30085,0.31557423
30086,0.45553797
30087,0.467969
30088,0.5210017
30089,0.40200132
30090,0.32341054
30091,0.34118265
30092,0.58306783
30093,0.43236083
30094,0.43295264
30095,0.4372726
30096,0.4953512
30097,0.45934856
30098,0.66144836
30099,0.4506746
30100,0.42364138
30101,0.46001568
30102,0.514796
30103,0.24253039
30104,0.25226447
30105,0.45253375
30106,0.3690881
30107,0.39882094
30108,0.6774507
30109,0.64406204
30110,0.69755936
30111,0.6395989
30112,0.354715
30113,0.6055533
30114,0.40324944
30115,0.35250092
30116,0.33652696
30117,0.42349464
30118,0.7219191
30119,0.31061146
30120,0.522831
30121,0.2766111
30122,0.25292498
30123,0.38961014
30124,0.33406988
30125,0.50556266
30126,0.4010242
30127,0.5772338
30128,0.43449122
30129,0.6239841
30130,0.40602854
30131,0.5207776
30132,0.36381963
30133,0.38033345
30134,0.5085884
30135,0.43859756
30136,0.57607025
30137,0.25575215
30138,0.28218344
30139,0.625648
30140,0.25993428
30141,0.5954261
30142,0.5370469
30143,0.3105986
30144,0.48975477
30145,0.24970667
30146,0.40892678
30147,0.52731675
30148,0.46190253
30149,0.27149123
30150,0.45175382
30151,0.2903326
30152,0.3234772
30153,0.3923904
30154,0.4103067
30155,0.49765494
30156,0.3690992
30157,0.4211618
30158,0.5322083
30159,0.44328597
30160,0.38260898
30161,0.4103364
30162,0.4382815
30163,0.4573223
30164,0.3002374
30165,0.35744262
30166,0.49218464
30167,0.5445665
30168,0.3927379
30169,0.33140478
30170,0.54214406
30171,0.34225854
30172,0.6028602
30173,0.3583885
30174,0.4345956
30175,0.45485783
30176,0.5911449
30177,0.3807186
30178,0.25107953
30179,0.570554
30180,0.3820689
30181,0.59532434
30182,0.3631551
30183,0.39589888
30184,0.3454628
30185,0.5923268
30186,0.49654344
30187,0.30736074
30188,0.38124102
30189,0.5838514
30190,0.36021948
30191,0.33031124
30192,0.40947437
30193,0.5161401
30194,0.7790691
30195,0.5912318
30196,0.4367548
30197,0.58432025
30198,0.5618536
30199,0.5007749
30200,0.325191
30201,0.19844443
30202,0.29454884
30203,0.4704707
30204,0.4350694
30205,0.5964108
30206,0.44743782
30207,0.42605823
30208,0.45293802
30209,0.26550996
30210,0.2182158
30211,0.39662138
30212,0.63217294
30213,0.31681547
30214,0.33107674
30215,0.27205107
30216,0.288586
30217,0.5345543
30218,0.22156732
30219,0.5854704
30220,0.51821655
30221,0.6278911
30222,0.6102308
30223,0.41686103
30224,0.4739288
30225,0.4475242
30226,0.50217795
30227,0.4377318
30228,0.38498467
30229,0.36834303
30230,0.4414134
30231,0.48469877
30232,0.38306198
30233,0.40707436
30234,0.70474404
30235,0.5922904
30236,0.29678237
30237,0.36190778
30238,0.21942872
30239,0.7115998
30240,0.6146012
30241,0.46397662
30242,0.5196934
30243,0.29716247
30244,0.22897813
30245,0.54768467
30246,0.29966202
30247,0.32398623
30248,0.3185679
30249,0.46334848
30250,0.5470962
30251,0.13884202
30252,0.29748505
30253,0.67348987
30254,0.41304123
30255,0.61971027
30256,0.5539513
30257,0.24023868
30258,0.52716017
30259,0.4382327
30260,0.34757164
30261,0.4778148
30262,0.5263933
30263,0.36029
30264,0.5850452
30265,0.58746666
30266,0.6711618
30267,0.54505306
30268,0.64447397
30269,0.2224048
30270,0.17744935
30271,0.49327773
30272,0.49853364
30273,0.5637745
30274,0.35583475
30275,0.5206097
30276,0.29529324
30277,0.41858637
30278,0.33918807
30279,0.42631757
30280,0.5436235
30281,0.54166067
30282,0.32587653
30283,0.26656038
30284,0.5332375
30285,0.3047151
30286,0.4178122
30287,0.42810667
30288,0.28092045
30289,0.24387701
30290,0.34923548
30291,0.42951548
30292,0.4061206
30293,0.36611316
30294,0.54606795
30295,0.36967137
30296,0.24518651
30297,0.47473332
30298,0.37931928
30299,0.54789966
30300,0.5356424
30301,0.4959226
30302,0.25256673
30303,0.31009966
30304,0.19328791
30305,0.5795378
30306,0.61902285
30307,0.202107
30308,0.27525356
30309,0.28775778
30310,0.5252325
30311,0.48265213
30312,0.17906909
30313,0.52468747
30314,0.49209237
30315,0.3208864
30316,0.51447827
30317,0.59355885
30318,0.35982195
30319,0.626046
30320,0.3225306
30321,0.15596123
30322,0.2841044
30323,0.46257052
30324,0.36040902
30325,0.34420487
30326,0.35148633
30327,0.101344064
30328,0.6100497
30329,0.3411632
30330,0.31524745
30331,0.28219634
30332,0.4489872
30333,0.22238763
30334,0.5092083
30335,0.38425243
30336,0.5498963
30337,0.23001435
30338,0.4661108
30339,0.6424323
30340,0.37365106
30341,0.38716063
30342,0.52053255
30343,0.5506994
30344,0.20954229
30345,0.45370224
30346,0.2804583
30347,0.33437914
30348,0.49177623
30349,0.6448783
30350,0.2644544
30351,0.34624502
30352,0.34032106
30353,0.1806643
30354,0.44687763
30355,0.19214807
30356,0.64575875
30357,0.67876655
30358,0.6296659
30359,0.5302237
30360,0.48491687
30361,0.6736011
30362,0.32488567
30363,0.3791581
30364,0.33141214
30365,0.26643136
30366,0.37575018
30367,0.19676918
30368,0.43140876
30369,0.2957613
30370,0.49306214
30371,0.48904246
30372,0.4304714
30373,0.5113204
30374,0.47825685
30375,0.29868147
30376,0.50734735
30377,0.26590833
30378,0.41530514
30379,0.38410905
30380,0.19830772
30381,0.3341478
30382,0.3882354
30383,0.38619655
30384,0.6637007
30385,0.49158812
30386,0.5933919
30387,0.33296698
30388,0.47684273
30389,0.6209148
30390,0.40024978
30391,0.57808566
30392,0.45610026
30393,0.46471408
30394,0.4715233
30395,0.1932079
30396,0.45604917
30397,0.51085585
30398,0.24595332
30399,0.34305367
30400,0.5492588
30401,0.6372957
30402,0.53010035
30403,0.25964445
30404,0.26549187
30405,0.44226795
30406,0.31542268
30407,0.7189948
30408,0.4523732
30409,0.5129797
30410,0.33428165
30411,0.37166822
30412,0.5438123
30413,0.40753034
30414,0.36025545
30415,0.5499129
30416,0.22863266
30417,0.5486544
30418,0.4738783
30419,0.701387
30420,0.4026595
30421,0.35020617
30422,0.69554925
30423,0.43568194
30424,0.6080069
30425,0.45294532
30426,0.34363723
30427,0.31714472
30428,0.3516862
30429,0.5377877
30430,0.2594842
30431,0.35504866
30432,0.43958133
30433,0.23733002
30434,0.26719746
30435,0.46643776
30436,0.33277997
30437,0.2024452
30438,0.43529254
30439,0.36275175
30440,0.28223926
30441,0.515092
30442,0.3703184
30443,0.26483008
30444,0.4793717
30445,0.34265596
30446,0.4991081
30447,0.14236142
30448,0.29067776
30449,0.42059207
30450,0.34028378
30451,0.23088561
30452,0.5082117
30453,0.4609786
30454,0.38643345
30455,0.41805184
30456,0.5738692
30457,0.38434142
30458,0.22831541
30459,0.4116077
30460,0.5212949
30461,0.2627945
30462,0.40657192
30463,0.36429316
30464,0.5042724
30465,0.33179513
30466,0.44711038
30467,0.32531616
30468,0.37588936
30469,0.39112544
30470,0.34185755
30471,0.43991423
30472,0.10323355
30473,0.37720102
30474,0.3155093
30475,0.6901556
30476,0.32095653
30477,0.35517067
30478,0.5002628
30479,0.33080956
30480,0.30294496
30481,0.43915164
30482,0.5059929
30483,0.4075942
30484,0.30144596
30485,0.3020951
30486,0.51938486
30487,0.48647457
30488,0.31400052
30489,0.37514633
30490,0.4769984
30491,0.6769689
30492,0.5798979
30493,0.35624743
30494,0.598074
30495,0.43767393
30496,0.3727739
30497,0.36476815
30498,0.56809807
30499,0.14885557
30500,0.6377633
30501,0.4710876
30502,0.468673
30503,0.42805016
30504,0.61499006
30505,0.2619529
30506,0.5745698
30507,0.33059353
30508,0.4463941
30509,0.36427692
30510,0.4693623
30511,0.4809741
30512,0.6303784
30513,0.3116092
30514,0.46889707
30515,0.30128908
30516,0.566977
30517,0.22979516
30518,0.2885701
30519,0.2230765
30520,0.41712436
30521,0.50327784
30522,0.35812473
30523,0.29594985
30524,0.65108633
30525,0.4756413
30526,0.3214225
30527,0.54947805
30528,0.29509488
30529,0.41112542
30530,0.17197976
30531,0.7148467
30532,0.4675526
30533,0.5412112
30534,0.44516975
30535,0.39077124
30536,0.141068
30537,0.41975135
30538,0.30934972
30539,0.2507279
30540,0.5522393
30541,0.53486776
30542,0.2026665
30543,0.34490186
30544,0.08240518
30545,0.5440006
30546,0.3169429
30547,0.30203676
30548,0.580882
30549,0.44870394
30550,0.62801784
30551,0.44252676
30552,0.6157645
30553,0.22957751
30554,0.684416
30555,0.4431944
30556,0.2068203
30557,0.5033043
30558,0.51214135
30559,0.41229498
30560,0.38781562
30561,0.5144905
30562,0.4819178
30563,0.5541344
30564,0.4122222
30565,0.31757867
30566,0.3946529
30567,0.4632483
30568,0.5012288
30569,0.6623091
30570,0.4759267
30571,0.30683753
30572,0.5173472
30573,0.28186923
30574,0.22199753
30575,0.38318127
30576,0.55840117
30577,0.5660693
30578,0.40758976
30579,0.4080845
30580,0.58530414
30581,0.60463524
30582,0.4553537
30583,0.3655766
30584,0.37623355
30585,0.35562903
30586,0.43562493
30587,0.28231293
30588,0.37826782
30589,0.51362216
30590,0.48799568
30591,0.5855887
30592,0.5236966
30593,0.45495945
30594,0.5047886
30595,0.36622724
30596,0.37184167
30597,0.49924403
30598,0.4296246
30599,0.4744225
30600,0.3755338
30601,0.46119663
30602,0.31578594
30603,0.46766818
30604,0.31114477
30605,0.17475708
30606,0.52232414
30607,0.275044
30608,0.5628502
30609,0.587227
30610,0.50396633
30611,0.50317705
30612,0.4367902
30613,0.4756406
30614,0.48181602
30615,0.22006181
30616,0.40968698
30617,0.49773082
30618,0.21460062
30619,0.48080748
30620,0.5849759
30621,0.22346315
30622,0.5103934
30623,0.40949553
30624,0.55742925
30625,0.5997335
30626,0.683027
30627,0.6974167
30628,0.26140478
30629,0.55005246
30630,0.4402972
30631,0.5287903
30632,0.5585988
30633,0.557337
30634,0.5235123
30635,0.19560565
30636,0.32489127
30637,0.5468372
30638,0.4303023
30639,0.67370063
30640,0.4006921
30641,0.24336882
30642,0.4236937
30643,0.3035168
30644,0.4678877
30645,0.13914216
30646,0.42652097
30647,0.5358683
30648,0.4992267
30649,0.37079412
30650,0.47957847
30651,0.53985345
30652,0.44464016
30653,0.50061715
30654,0.5605389
30655,0.32678106
30656,0.36996275
30657,0.6240772
30658,0.18998311
30659,0.3036421
30660,0.5644448
30661,0.5169435
30662,0.38124228
30663,0.37108344
30664,0.4674475
30665,0.43590018
30666,0.3487931
30667,0.28305838
30668,0.2609494
30669,0.3836966
30670,0.5152225
30671,0.44523385
30672,0.54266864
30673,0.42584845
30674,0.42933753
30675,0.39886564
30676,0.27348492
30677,0.43413764
30678,0.47705343
30679,0.4857873
30680,0.48087138
30681,0.1924304
30682,0.39217597
30683,0.56082535
30684,0.18034332
30685,0.590776
30686,0.3567354
30687,0.563919
30688,0.3618961
30689,0.2131112
30690,0.5394616
30691,0.37088975
30692,0.17880812
30693,0.49880683
30694,0.54429704
30695,0.4664554
30696,0.38325787
30697,0.275097
30698,0.25408503
30699,0.55519426
30700,0.38523847
30701,0.34761977
30702,0.5512686
30703,0.34579733
30704,0.4731631
30705,0.51098645
30706,0.5050783
30707,0.41125837
30708,0.15554935
30709,0.31417874
30710,0.5333301
30711,0.31355628
30712,0.4666211
30713,0.37393934
30714,0.5062885
30715,0.6170702
30716,0.59930056
30717,0.3840554
30718,0.53827506
30719,0.54491633
30720,0.44486234
30721,0.54469
30722,0.74279994
30723,0.2478831
30724,0.68851525
30725,0.5540895
30726,0.2663007
30727,0.47284442
30728,0.47882152
30729,0.3754042
30730,0.40452456
30731,0.24313816
30732,0.4094423
30733,0.46247438
30734,0.52033716
30735,0.38094875
30736,0.2567802
30737,0.31273073
30738,0.14856926
30739,0.60842663
30740,0.5454708
30741,0.406471
30742,0.5728828
30743,0.4352593
30744,0.55176324
30745,0.3738167
30746,0.44105098
30747,0.51455057
30748,0.3633586
30749,0.26621258
30750,0.36039907
30751,0.48909208
30752,0.2123681
30753,0.3882747
30754,0.26474348
30755,0.46288216
30756,0.40585646
30757,0.6090067
30758,0.367961
30759,0.40395302
30760,0.4881434
30761,0.76001596
30762,0.23092507
30763,0.51539606
30764,0.3106946
30765,0.6669314
30766,0.36147267
30767,0.47029
30768,0.5551945
30769,0.30570507
30770,0.4106507
30771,0.3046392
30772,0.30999506
30773,0.43548453
30774,0.41153014
30775,0.5027446
30776,0.4156933
30777,0.50452334
30778,0.21083939
30779,0.64860857
30780,0.45733497
30781,0.50094765
30782,0.5714034
30783,0.5460807
30784,0.44116706
30785,0.5509688
30786,0.37270397
30787,0.48599285
30788,0.4862654
30789,0.30762762
30790,0.38074842
30791,0.42211387
30792,0.58062136
30793,0.47568884
30794,0.5730746
30795,0.63169533
30796,0.43301684
30797,0.5275496
30798,0.33415967
30799,0.48796487
30800,0.4307777
30801,0.3939748
30802,0.36328053
30803,0.45859545
30804,0.5046611
30805,0.4777185
30806,0.34328875
30807,0.68876946
30808,0.44198936
30809,0.63424987
30810,0.5052898
30811,0.30841428
30812,0.537881
30813,0.27584055
30814,0.4092742
30815,0.20265518
30816,0.29622614
30817,0.17158091
30818,0.14766671
30819,0.41763988
30820,0.46435443
30821,0.5472793
30822,0.5502823
30823,0.2678889
30824,0.6006031
30825,0.47345316
30826,0.3772603
30827,0.42862773
30828,0.54328835
30829,0.6602246
30830,0.25616336
30831,0.48444003
30832,0.38722175
30833,0.39884415
30834,0.71493715
30835,0.45428103
30836,0.5547859
30837,0.4854269
30838,0.30516464
30839,0.6526833
30840,0.38068816
30841,0.37491947
30842,0.6910752
30843,0.43457615
30844,0.18777381
30845,0.46154216
30846,0.38033175
30847,0.45616585
30848,0.28275874
30849,0.55025774
30850,0.4309218
30851,0.43829656
30852,0.60810155
30853,0.6371659
30854,0.6169337
30855,0.3915474
30856,0.40430737
30857,0.50005114
30858,0.46494237
30859,0.47688746
30860,0.27658305
30861,0.3419776
30862,0.42588738
30863,0.49930555
30864,0.5568355
30865,0.43345582
30866,0.56766766
30867,0.61631954
30868,0.4526227
30869,0.3964229
30870,0.274422
30871,0.27626204
30872,0.44595453
30873,0.48800406
30874,0.42376202
30875,0.2753269
30876,0.5404386
30877,0.57648426
30878,0.580617
30879,0.28384438
30880,0.46086848
30881,0.3698349
30882,0.35911286
30883,0.49961293
30884,0.63998955
30885,0.3995321
30886,0.4076834
30887,0.45060602
30888,0.3745365
30889,0.56371254
30890,0.49972942
30891,0.46835756
30892,0.3765975
30893,0.7080537
30894,0.36211142
30895,0.4274234
30896,0.4520484
30897,0.44880974
30898,0.41071922
30899,0.41994667
30900,0.60675836
30901,0.43344498
30902,0.38998455
30903,0.32762945
30904,0.5325167
30905,0.3522093
30906,0.42351693
30907,0.5682389
30908,0.350523
30909,0.17962043
30910,0.5054728
30911,0.53987044
30912,0.45788985
30913,0.6890207
30914,0.42033967
30915,0.3689331
30916,0.31139705
30917,0.3773658
30918,0.49695787
30919,0.5892539
30920,0.5770166
30921,0.2734494
30922,0.39318645
30923,0.18122765
30924,0.4123741
30925,0.5639883
30926,0.61391056
30927,0.49730062
30928,0.193334
30929,0.39064065
30930,0.5578246
30931,0.5696014
30932,0.58919245
30933,0.10168527
30934,0.3980322
30935,0.30616385
30936,0.3184919
30937,0.30929065
30938,0.47176424
30939,0.31117034
30940,0.36284763
30941,0.37807307
30942,0.43447307
30943,0.6070684
30944,0.58447367
30945,0.69413173
30946,0.38379595
30947,0.3415823
30948,0.25950903
30949,0.21816213
30950,0.64246
30951,0.45693877
30952,0.5511565
30953,0.320285
30954,0.25741377
30955,0.6464475
30956,0.3317619
30957,0.39605865
30958,0.4971974
30959,0.42789224
30960,0.39252722
30961,0.3783371
30962,0.57199365
30963,0.5870308
30964,0.51716983
30965,0.40334523
30966,0.5847847
30967,0.31369144
30968,0.44392192
30969,0.62248397
30970,0.20776267
30971,0.4784292
30972,0.34922796
30973,0.5992701
30974,0.46837744
30975,0.4033786
30976,0.37658787
30977,0.4632458
30978,0.26732084
30979,0.6577485
30980,0.31249863
30981,0.24906409
30982,0.5049301
30983,0.43339393
30984,0.26026174
30985,0.42842522
30986,0.5209857
30987,0.4572428
30988,0.26268768
30989,0.37771204
30990,0.2517093
30991,0.6852556
30992,0.37993073
30993,0.4864263
30994,0.663833
30995,0.45411927
30996,0.6924317
30997,0.49545014
30998,0.33312595
30999,0.4515662
31000,0.3409265
31001,0.51621014
31002,0.2872617
31003,0.34284943
31004,0.47397238
31005,0.4588837
31006,0.61080253
31007,0.42228323
31008,0.40269497
31009,0.4613812
31010,0.23824842
31011,0.49588156
31012,0.27122247
31013,0.526711
31014,0.3185483
31015,0.39699626
31016,0.38175166
31017,0.44980878
31018,0.3922526
31019,0.45814624
31020,0.4429208
31021,0.58966565
31022,0.4412788
31023,0.25579906
31024,0.49493724
31025,0.59987956
31026,0.38011792
31027,0.48119622
31028,0.6359499
31029,0.43734086
31030,0.31041366
31031,0.35086584
31032,0.17533343
31033,0.3946215
31034,0.4323258
31035,0.44597444
31036,0.4885206
31037,0.4820371
31038,0.36009002
31039,0.34039846
31040,0.37962338
31041,0.58365196
31042,0.5523031
31043,0.47965184
31044,0.679255
31045,0.45348415
31046,0.6387477
31047,0.536835
31048,0.40231764
31049,0.22154813
31050,0.3942442
31051,0.32245803
31052,0.17834449
31053,0.459274
31054,0.5150129
31055,0.3139897
31056,0.3299449
31057,0.13220179
31058,0.6338411
31059,0.29839617
31060,0.12980807
31061,0.34370065
31062,0.61947083
31063,0.32849738
31064,0.43048126
31065,0.45030242
31066,0.5086932
31067,0.3747333
31068,0.49135298
31069,0.544117
31070,0.4334406
31071,0.64461756
31072,0.32184514
31073,0.24259199
31074,0.32113495
31075,0.21702948
31076,0.5193416
31077,0.3985406
31078,0.38088903
31079,0.39347243
31080,0.28825632
31081,0.14889629
31082,0.63752496
31083,0.2648712
31084,0.5076956
31085,0.63385934
31086,0.58996856
31087,0.37620747
31088,0.2617205
31089,0.5126069
31090,0.43995297
31091,0.45873466
31092,0.3407077
31093,0.6139463
31094,0.32787237
31095,0.33674967
31096,0.46723342
31097,0.36875704
31098,0.547485
31099,0.12520193
31100,0.73872906
31101,0.5258382
31102,0.5062949
31103,0.3571506
31104,0.45475328
31105,0.5714185
31106,0.28424355
31107,0.36201465
31108,0.5414662
31109,0.3534376
31110,0.14908093
31111,0.5744381
31112,0.41762492
31113,0.37909782
31114,0.52300847
31115,0.56743526
31116,0.32120687
31117,0.36820832
31118,0.5497407
31119,0.47938475
31120,0.2094167
31121,0.35496497
31122,0.43535283
31123,0.50348
31124,0.6402453
31125,0.23084469
31126,0.37776113
31127,0.6696542
31128,0.6550628
31129,0.36708054
31130,0.41800064
31131,0.4687749
31132,0.62865585
31133,0.57632464
31134,0.3395832
31135,0.2738702
31136,0.50186783
31137,0.16741614
31138,0.4092808
31139,0.46316707
31140,0.57487154
31141,0.25752816
31142,0.51958925
31143,0.6764774
31144,0.17668387
31145,0.286134
31146,0.41750413
31147,0.42124638
31148,0.4407131
31149,0.32958964
31150,0.5313123
31151,0.44558072
31152,0.44351983
31153,0.19589147
31154,0.42925626
31155,0.54122186
31156,0.26429415
31157,0.4400401
31158,0.69196033
31159,0.44574288
31160,0.5671415
31161,0.3492181
31162,0.43720633
31163,0.4684967
31164,0.17711061
31165,0.62694293
31166,0.50914675
31167,0.38606626
31168,0.4438197
31169,0.5510271
31170,0.26915672
31171,0.44979933
31172,0.46787816
31173,0.28506443
31174,0.5299841
31175,0.3405774
31176,0.3025501
31177,0.6305119
31178,0.45859495
31179,0.35092846
31180,0.341837
31181,0.47030756
31182,0.53837466
31183,0.39416954
31184,0.42081654
31185,0.16915856
31186,0.14255914
31187,0.4234678
31188,0.52753866
31189,0.40446892
31190,0.24052176
31191,0.3539381
31192,0.4387486
31193,0.24962722
31194,0.11364273
31195,0.33661556
31196,0.4134879
31197,0.51642066
31198,0.5455633
31199,0.6189012
31200,0.43342635
31201,0.20630173
31202,0.4119252
31203,0.31201273
31204,0.5189955
31205,0.34930736
31206,0.43148825
31207,0.41734585
31208,0.39892784
31209,0.44555554
31210,0.44673672
31211,0.17998189
31212,0.48296598
31213,0.36726013
31214,0.58115673
31215,0.640922
31216,0.415401
31217,0.3207361
31218,0.47296557
31219,0.26599053
31220,0.40031564
31221,0.41161135
31222,0.5298733
31223,0.376564
31224,0.5545378
31225,0.2832916
31226,0.29884544
31227,0.532647
31228,0.5538585
31229,0.5886651
31230,0.39343873
31231,0.41024992
31232,0.4117477
31233,0.50361335
31234,0.45953122
31235,0.8125625
31236,0.3785697
31237,0.35306218
31238,0.4973827
31239,0.5210034
31240,0.43915588
31241,0.25884804
31242,0.3741404
31243,0.5582193
31244,0.26237342
31245,0.4475185
31246,0.36797887
31247,0.2854044
31248,0.4284831
31249,0.13566108
31250,0.6323469
31251,0.6981853
31252,0.3910539
31253,0.36138266
31254,0.31228656
31255,0.30523202
31256,0.3024024
31257,0.41958407
31258,0.44503018
31259,0.50478655
31260,0.18633333
31261,0.37353808
31262,0.45133486
31263,0.2934142
31264,0.4582078
31265,0.46338403
31266,0.44245714
31267,0.30009538
31268,0.4610405
31269,0.58161724
31270,0.11002311
31271,0.4546061
31272,0.3913493
31273,0.33599785
31274,0.46649125
31275,0.4614462
31276,0.47667193
31277,0.33839145
31278,0.36898014
31279,0.54594374
31280,0.42315385
31281,0.5672843
31282,0.47498104
31283,0.39093798
31284,0.49632657
31285,0.25705183
31286,0.4176365
31287,0.47406358
31288,0.6202773
31289,0.506442
31290,0.44781515
31291,0.29574776
31292,0.49064007
31293,0.24897304
31294,0.1234533
31295,0.21850473
31296,0.47247753
31297,0.4573979
31298,0.29731077
31299,0.1580139
31300,0.2512655
31301,0.2627908
31302,0.3945796
31303,0.46111166
31304,0.18433109
31305,0.50429463
31306,0.1852076
31307,0.31105345
31308,0.4565214
31309,0.3081622
31310,0.36642286
31311,0.40903798
31312,0.36320648
31313,0.40611786
31314,0.3705282
31315,0.38714248
31316,0.3224058
31317,0.42136666
31318,0.596827
31319,0.4086833
31320,0.42122194
31321,0.3458076
31322,0.57047147
31323,0.45464984
31324,0.57042706
31325,0.36497936
31326,0.3963317
31327,0.43540064
31328,0.46560594
31329,0.5195907
31330,0.5651589
31331,0.42998672
31332,0.3909155
31333,0.26180887
31334,0.58311063
31335,0.36677915
31336,0.2946501
31337,0.28182194
31338,0.549562
31339,0.4038768
31340,0.34648517
31341,0.6009031
31342,0.46046653
31343,0.33935776
31344,0.40010554
31345,0.52251154
31346,0.6159593
31347,0.48902473
31348,0.25508046
31349,0.31051186
31350,0.49743226
31351,0.42783365
31352,0.38455057
31353,0.46247804
31354,0.5863451
31355,0.5889088
31356,0.30829144
31357,0.5366064
31358,0.46062487
31359,0.34008443
31360,0.48149323
31361,0.46170473
31362,0.45574972
31363,0.6128473
31364,0.5471461
31365,0.6494526
31366,0.4806454
31367,0.45018777
31368,0.30331272
31369,0.4534672
31370,0.3324083
31371,0.40641248
31372,0.33299693
31373,0.39506292
31374,0.4959769
31375,0.4182438
31376,0.35782433
31377,0.15007244
31378,0.12763532
31379,0.40348065
31380,0.37250817
31381,0.32874596
31382,0.37129426
31383,0.38416702
31384,0.43681046
31385,0.3996351
31386,0.61910933
31387,0.3063317
31388,0.541323
31389,0.41514954
31390,0.58755845
31391,0.5255233
31392,0.20485218
31393,0.46763068
31394,0.18054226
31395,0.619857
31396,0.60258454
31397,0.4364305
31398,0.56429625
31399,0.4732868
31400,0.36122108
31401,0.46429822
31402,0.3138366
31403,0.29746273
31404,0.30709025
31405,0.6561307
31406,0.70713615
31407,0.3196707
31408,0.3426544
31409,0.33285862
31410,0.5398043
31411,0.47685164
31412,0.41484758
31413,0.57977706
31414,0.39323375
31415,0.40435204
31416,0.69094193
31417,0.5658585
31418,0.56873137
31419,0.40081862
31420,0.50981253
31421,0.44297758
31422,0.24721962
31423,0.57095027
31424,0.48738918
31425,0.46190304
31426,0.3700553
31427,0.48022145
31428,0.5047314
31429,0.32763878
31430,0.45049027
31431,0.45297462
31432,0.522917
31433,0.48801324
31434,0.44152874
31435,0.29165936
31436,0.3646903
31437,0.297449
31438,0.60076344
31439,0.25122136
31440,0.56951845
31441,0.43010473
31442,0.43867743
31443,0.36414307
31444,0.5087965
31445,0.49171716
31446,0.5283536
31447,0.4951935
31448,0.31682956
31449,0.6086886
31450,0.44682407
31451,0.59339267
31452,0.43326876
31453,0.47920018
31454,0.49059233
31455,0.43148223
31456,0.56242746
31457,0.14921014
31458,0.463437
31459,0.30941662
31460,0.50027734
31461,0.5209416
31462,0.12824497
31463,0.36197424
31464,0.4697841
31465,0.5537928
31466,0.23694812
31467,0.19799833
31468,0.4036519
31469,0.62099105
31470,0.26816174
31471,0.2902617
31472,0.5251796
31473,0.5006377
31474,0.23981254
31475,0.29043928
31476,0.6639166
31477,0.5935482
31478,0.29348513
31479,0.373287
31480,0.6231198
31481,0.41995347
31482,0.26674068
31483,0.5314398
31484,0.3788302
31485,0.40113327
31486,0.36089674
31487,0.54346925
31488,0.19980685
31489,0.5411487
31490,0.5868111
31491,0.44630918
31492,0.5934252
31493,0.60777116
31494,0.6658112
31495,0.54452807
31496,0.31670052
31497,0.37156048
31498,0.658402
31499,0.39973173
31500,0.3456264
31501,0.57689124
31502,0.5921435
31503,0.6034183
31504,0.33528537
31505,0.50116676
31506,0.4619627
31507,0.33345386
31508,0.5775032
31509,0.5286281
31510,0.36948553
31511,0.4328908
31512,0.64451617
31513,0.43940532
31514,0.6158051
31515,0.20130515
31516,0.45635608
31517,0.31286517
31518,0.43362603
31519,0.50390005
31520,0.14445524
31521,0.4361004
31522,0.24717073
31523,0.47126594
31524,0.44251993
31525,0.31848443
31526,0.47830442
31527,0.39974824
31528,0.5645643
31529,0.49903128
31530,0.36440864
31531,0.26529816
31532,0.5643844
31533,0.22099766
31534,0.26892278
31535,0.1693516
31536,0.40837094
31537,0.36413333
31538,0.5181073
31539,0.5472571
31540,0.39685124
31541,0.29308805
31542,0.57947654
31543,0.53219527
31544,0.5911661
31545,0.40777254
31546,0.53301466
31547,0.3999712
31548,0.23875825
31549,0.41367432
31550,0.34672782
31551,0.45359498
31552,0.18919605
31553,0.47763386
31554,0.38370878
31555,0.46732402
31556,0.25668806
31557,0.39789987
31558,0.57043576
31559,0.3750541
31560,0.3441619
31561,0.53269565
31562,0.34457967
31563,0.67150104
31564,0.62477607
31565,0.4593677
31566,0.52850723
31567,0.60746276
31568,0.29045647
31569,0.28380388
31570,0.5821733
31571,0.6642654
31572,0.53353107
31573,0.36608052
31574,0.2995212
31575,0.42766613
31576,0.20163392
31577,0.6114308
31578,0.43798763
31579,0.20051375
31580,0.37277997
31581,0.3597633
31582,0.54617786
31583,0.49548706
31584,0.32877627
31585,0.5017549
31586,0.3366531
31587,0.4082561
31588,0.47789383
31589,0.5277165
31590,0.26515654
31591,0.5495371
31592,0.5494053
31593,0.30903104
31594,0.5657527
31595,0.378507
31596,0.3848338
31597,0.38437063
31598,0.5219577
31599,0.36345834
31600,0.546778
31601,0.39115658
31602,0.3759596
31603,0.6965063
31604,0.5950667
31605,0.5377562
31606,0.6223802
31607,0.3792504
31608,0.26025572
31609,0.5212886
31610,0.472519
31611,0.55912006
31612,0.24090952
31613,0.42277408
31614,0.39091575
31615,0.37080905
31616,0.35890427
31617,0.39038286
31618,0.4202015
31619,0.4514816
31620,0.42534655
31621,0.5934008
31622,0.41682827
31623,0.23878103
31624,0.47578174
31625,0.67725325
31626,0.4102457
31627,0.37225074
31628,0.21031532
31629,0.23820896
31630,0.4728748
31631,0.6090852
31632,0.2017484
31633,0.28119847
31634,0.1889293
31635,0.55764306
31636,0.45516345
31637,0.41391948
31638,0.273421
31639,0.3634909
31640,0.703251
31641,0.44902232
31642,0.46319798
31643,0.46366578
31644,0.23941047
31645,0.48900917
31646,0.20548698
31647,0.43170053
31648,0.48346055
31649,0.33650133
31650,0.26258978
31651,0.3347286
31652,0.32875255
31653,0.18732695
31654,0.3785208
31655,0.48887694
31656,0.4368001
31657,0.46950224
31658,0.2459363
31659,0.58477795
31660,0.3411484
31661,0.48751363
31662,0.6098759
31663,0.60411704
31664,0.5438027
31665,0.50450915
31666,0.5523158
31667,0.49086466
31668,0.5331837
31669,0.4741074
31670,0.5712416
31671,0.5292859
31672,0.52532804
31673,0.35452983
31674,0.22940297
31675,0.53948975
31676,0.35640267
31677,0.4565118
31678,0.5312209
31679,0.40162453
31680,0.4191154
31681,0.81499434
31682,0.53058666
31683,0.21372284
31684,0.351398
31685,0.21808581
31686,0.2767395
31687,0.48260948
31688,0.23990886
31689,0.46319455
31690,0.45844358
31691,0.33131558
31692,0.41886076
31693,0.3811407
31694,0.6275243
31695,0.4991749
31696,0.35460895
31697,0.44813132
31698,0.48881665
31699,0.51919466
31700,0.2823659
31701,0.24615055
31702,0.5355267
31703,0.6208381
31704,0.30593577
31705,0.28118274
31706,0.37648723
31707,0.44986507
31708,0.48030287
31709,0.5364704
31710,0.42312354
31711,0.5216615
31712,0.4192188
31713,0.62587935
31714,0.30163756
31715,0.63726866
31716,0.2757295
31717,0.38234326
31718,0.5104887
31719,0.46010345
31720,0.62092966
31721,0.5926126
31722,0.23298737
31723,0.5237815
31724,0.36282212
31725,0.3544551
31726,0.5220296
31727,0.2253636
31728,0.67026246
31729,0.36330065
31730,0.41595963
31731,0.2023777
31732,0.49952778
31733,0.56313777
31734,0.5242272
31735,0.2755851
31736,0.4693231
31737,0.483756
31738,0.46163005
31739,0.21398434
31740,0.38023552
31741,0.49918
31742,0.1893614
31743,0.32382348
31744,0.36004636
31745,0.42056155
31746,0.56592596
31747,0.3159253
31748,0.5265636
31749,0.6208176
31750,0.62032425
31751,0.50205135
31752,0.4416644
31753,0.38900492
31754,0.35795817
31755,0.24889146
31756,0.2973841
31757,0.57536376
31758,0.42604673
31759,0.23892829
31760,0.28621215
31761,0.3232402
31762,0.3118542
31763,0.39252037
31764,0.3095089
31765,0.45169157
31766,0.33286825
31767,0.31194907
31768,0.28205898
31769,0.42345628
31770,0.14715822
31771,0.4707489
31772,0.46755823
31773,0.42269096
31774,0.3610285
31775,0.6506189
31776,0.41305083
31777,0.419831
31778,0.32652435
31779,0.4430981
31780,0.33656397
31781,0.6243804
31782,0.42900124
31783,0.4286046
31784,0.34702456
31785,0.26774308
31786,0.61064804
31787,0.3022046
31788,0.2909178
31789,0.23659033
31790,0.5407946
31791,0.4453977
31792,0.39213103
31793,0.30835545
31794,0.3816948
31795,0.41911054
31796,0.2937287
31797,0.47708687
31798,0.43540388
31799,0.40190038
31800,0.2680081
31801,0.539165
31802,0.57597744
31803,0.34642932
31804,0.63577074
31805,0.18926167
31806,0.48563424
31807,0.42122737
31808,0.5385508
31809,0.4002851
31810,0.38320398
31811,0.4334929
31812,0.50890595
31813,0.5157681
31814,0.5830484
31815,0.6223657
31816,0.52867883
31817,0.2635819
31818,0.3261821
31819,0.17317465
31820,0.36099127
31821,0.2574341
31822,0.47231936
31823,0.57256866
31824,0.44969526
31825,0.22049011
31826,0.57444006
31827,0.48363632
31828,0.27007666
31829,0.6445907
31830,0.38304853
31831,0.3835037
31832,0.5379332
31833,0.3562045
31834,0.6132738
31835,0.44446245
31836,0.49785087
31837,0.28248304
31838,0.21978565
31839,0.50183254
31840,0.44196576
31841,0.61875767
31842,0.36255726
31843,0.556975
31844,0.46805558
31845,0.26285908
31846,0.66127956
31847,0.3990468
31848,0.22905485
31849,0.34021795
31850,0.32671753
31851,0.51234007
31852,0.44845793
31853,0.45073625
31854,0.4636096
31855,0.34645095
31856,0.42268673
31857,0.5659549
31858,0.3707566
31859,0.1837752
31860,0.19440857
31861,0.6147893
31862,0.57908213
31863,0.26926965
31864,0.5250909
31865,0.39244094
31866,0.3575067
31867,0.23464532
31868,0.50341004
31869,0.52613354
31870,0.2978513
31871,0.47039396
31872,0.5848784
31873,0.5274037
31874,0.39719248
31875,0.38361102
31876,0.44935742
31877,0.3902465
31878,0.19007258
31879,0.66991717
31880,0.24147901
31881,0.4588207
31882,0.36694914
31883,0.33838686
31884,0.64314944
31885,0.5309741
31886,0.63322324
31887,0.52705353
31888,0.48150033
31889,0.340867
31890,0.558626
31891,0.43308336
31892,0.50471336
31893,0.49326947
31894,0.63549316
31895,0.14068973
31896,0.35217193
31897,0.49029556
31898,0.32738072
31899,0.33920234
31900,0.4696217
31901,0.42712167
31902,0.5824678
31903,0.27158466
31904,0.28117883
31905,0.21205446
31906,0.32767865
31907,0.44602063
31908,0.49540532
31909,0.54172003
31910,0.60314906
31911,0.42559764
31912,0.32652855
31913,0.644227
31914,0.3016642
31915,0.5014179
31916,0.42837548
31917,0.2595603
31918,0.56291425
31919,0.69603527
31920,0.37889516
31921,0.34319392
31922,0.40363565
31923,0.28778374
31924,0.4815775
31925,0.53448176
31926,0.5679625
31927,0.3057767
31928,0.62214416
31929,0.7053119
31930,0.37989566
31931,0.46968564
31932,0.4580881
31933,0.42874488
31934,0.26566628
31935,0.341231
31936,0.37976706
31937,0.5786147
31938,0.41214025
31939,0.2228824
31940,0.47454908
31941,0.58869433
31942,0.44958213
31943,0.47623137
31944,0.38572058
31945,0.55140626
31946,0.5473466
31947,0.39134932
31948,0.3519529
31949,0.7027511
31950,0.6460146
31951,0.41131833
31952,0.28335014
31953,0.42083812
31954,0.1874377
31955,0.48153746
31956,0.26856792
31957,0.38020888
31958,0.41414583
31959,0.5753232
31960,0.41496816
31961,0.42202848
31962,0.43010932
31963,0.52173287
31964,0.25468054
31965,0.68448704
31966,0.28570974
31967,0.3976812
31968,0.10367952
31969,0.14235869
31970,0.33059293
31971,0.47737408
31972,0.37639153
31973,0.3748407
31974,0.42335013
31975,0.42531505
31976,0.3220434
31977,0.5344236
31978,0.48591292
31979,0.532287
31980,0.39618343
31981,0.4230671
31982,0.75646126
31983,0.32882243
31984,0.47662437
31985,0.44945624
31986,0.33099952
31987,0.37854362
31988,0.24200082
31989,0.57393426
31990,0.36202252
31991,0.41030705
31992,0.44409752
31993,0.45161477
31994,0.48302934
31995,0.43465793
31996,0.34210184
31997,0.31335944
31998,0.3823487
31999,0.2754531
32000,0.31955466
32001,0.5850854
32002,0.4104579
32003,0.503154
32004,0.49027526
32005,0.5537186
32006,0.33859456
32007,0.451348
32008,0.5607072
32009,0.21231152
32010,0.5382733
32011,0.43373516
32012,0.49507535
32013,0.16294046
32014,0.23951848
32015,0.26940465
32016,0.4658344
32017,0.49992442
32018,0.29416698
32019,0.40558195
32020,0.35446042
32021,0.42221025
32022,0.303128
32023,0.31053492
32024,0.23359115
32025,0.5787229
32026,0.4300259
32027,0.35144958
32028,0.30069587
32029,0.5650031
32030,0.42881387
32031,0.2751492
32032,0.3175896
32033,0.34553915
32034,0.43561926
32035,0.4768214
32036,0.49174488
32037,0.37160137
32038,0.25500163
32039,0.49621442
32040,0.47258422
32041,0.28054252
32042,0.36391518
32043,0.41531628
32044,0.49480346
32045,0.35325626
32046,0.48128065
32047,0.7291176
32048,0.34129602
32049,0.4388313
32050,0.42545906
32051,0.5202968
32052,0.16885349
32053,0.7171617
32054,0.44920284
32055,0.3857304
32056,0.47769424
32057,0.41957724
32058,0.5689027
32059,0.18086039
32060,0.41556275
32061,0.3755421
32062,0.1704041
32063,0.31848475
32064,0.51143736
32065,0.47656685
32066,0.36288193
32067,0.45165965
32068,0.5211991
32069,0.3704039
32070,0.40181622
32071,0.38732287
32072,0.25279298
32073,0.5118677
32074,0.30087095
32075,0.34423947
32076,0.35330045
32077,0.56596607
32078,0.3073537
32079,0.55838263
32080,0.61472464
32081,0.55139965
32082,0.38673964
32083,0.5318319
32084,0.4217346
32085,0.22243688
32086,0.5370765
32087,0.46239966
32088,0.28743747
32089,0.63595885
32090,0.3396304
32091,0.5483349
32092,0.5335787
32093,0.4095244
32094,0.27747002
32095,0.47507477
32096,0.43655342
32097,0.37610283
32098,0.3426818
32099,0.57456905
32100,0.34806666
32101,0.48335743
32102,0.34644234
32103,0.19255395
32104,0.2981948
32105,0.44758895
32106,0.631775
32107,0.41480547
32108,0.4602327
32109,0.3745305
32110,0.3507786
32111,0.4581196
32112,0.24433196
32113,0.38298455
32114,0.5374546
32115,0.43227494
32116,0.5459511
32117,0.28928807
32118,0.43501255
32119,0.34045503
32120,0.46851262
32121,0.61557096
32122,0.49190146
32123,0.6486583
32124,0.59522635
32125,0.3648368
32126,0.46162558
32127,0.26089144
32128,0.3732797
32129,0.33823454
32130,0.43762976
32131,0.529611
32132,0.45169097
32133,0.24508552
32134,0.46193328
32135,0.38636932
32136,0.3580478
32137,0.40378556
32138,0.4740871
32139,0.33173284
32140,0.33594036
32141,0.38425303
32142,0.37835068
32143,0.46976927
32144,0.1854
32145,0.543292
32146,0.33956432
32147,0.37238914
32148,0.41866395
32149,0.3282705
32150,0.28939572
32151,0.5550198
32152,0.68857354
32153,0.39624077
32154,0.5802484
32155,0.4839898
32156,0.720015
32157,0.3742475
32158,0.19419815
32159,0.30567098
32160,0.3751943
32161,0.24959938
32162,0.32001346
32163,0.5088163
32164,0.556766
32165,0.32413843
32166,0.25508508
32167,0.2712303
32168,0.44886625
32169,0.3910678
32170,0.5474796
32171,0.33621413
32172,0.20683004
32173,0.32930097
32174,0.2965031
32175,0.33406988
32176,0.17003617
32177,0.44429982
32178,0.3696919
32179,0.3749781
32180,0.5288141
32181,0.32443354
32182,0.7293476
32183,0.28857195
32184,0.33975083
32185,0.3277625
32186,0.47715205
32187,0.41461948
32188,0.57611966
32189,0.38801867
32190,0.3279745
32191,0.73051965
32192,0.25043935
32193,0.61227304
32194,0.39618522
32195,0.44044575
32196,0.76688224
32197,0.19473693
32198,0.4118342
32199,0.15523645
32200,0.47860962
32201,0.26216125
32202,0.5521999
32203,0.27528524
32204,0.54790103
32205,0.39718089
32206,0.2638675
32207,0.20594905
32208,0.28205845
32209,0.5780082
32210,0.2592308
32211,0.3305327
32212,0.2913842
32213,0.40820333
32214,0.5307422
32215,0.4478176
32216,0.33201158
32217,0.6448525
32218,0.45379424
32219,0.5390416
32220,0.3322356
32221,0.3365394
32222,0.2725746
32223,0.5038489
32224,0.5784627
32225,0.20498613
32226,0.404251
32227,0.3328484
32228,0.40667737
32229,0.43056634
32230,0.3455124
32231,0.56336075
32232,0.45168972
32233,0.4040598
32234,0.39522195
32235,0.35474506
32236,0.67207694
32237,0.67492044
32238,0.41124958
32239,0.19608521
32240,0.3772971
32241,0.52390534
32242,0.5715547
32243,0.3290093
32244,0.39716247
32245,0.48875538
32246,0.4234031
32247,0.2711551
32248,0.47035635
32249,0.28912246
32250,0.38038784
32251,0.36718678
32252,0.3969969
32253,0.37693912
32254,0.3118737
32255,0.19089149
32256,0.48557442
32257,0.69826525
32258,0.47300935
32259,0.40416247
32260,0.3467269
32261,0.3680118
32262,0.34499237
32263,0.5205023
32264,0.41376036
32265,0.52384484
32266,0.29631492
32267,0.33122534
32268,0.4121373
32269,0.16850887
32270,0.45747554
32271,0.40971637
32272,0.6089574
32273,0.49010244
32274,0.34191054
32275,0.47814897
32276,0.2697667
32277,0.46572682
32278,0.5680874
32279,0.45867926
32280,0.782486
32281,0.5802936
32282,0.14018618
32283,0.31650844
32284,0.35287726
32285,0.4208389
32286,0.5074189
32287,0.41161284
32288,0.5129317
32289,0.27966523
32290,0.31560576
32291,0.49325475
32292,0.50433534
32293,0.20751968
32294,0.22915661
32295,0.4587421
32296,0.40461516
32297,0.32544252
32298,0.35727084
32299,0.45468214
32300,0.53328574
32301,0.5285993
32302,0.3316611
32303,0.40571952
32304,0.49286774
32305,0.58517015
32306,0.3417775
32307,0.24043751
32308,0.5659901
32309,0.2110007
32310,0.32186148
32311,0.42100328
32312,0.47296157
32313,0.4054573
32314,0.5898941
32315,0.20713294
32316,0.5819384
32317,0.43907377
32318,0.43293026
32319,0.4267457
32320,0.49636018
32321,0.31631437
32322,0.33933845
32323,0.20115921
32324,0.38203755
32325,0.5747584
32326,0.33334923
32327,0.50528675
32328,0.6293255
32329,0.61882114
32330,0.34506178
32331,0.31762308
32332,0.35085472
32333,0.4000438
32334,0.43592662
32335,0.20387135
32336,0.43595234
32337,0.5363248
32338,0.30504525
32339,0.3684353
32340,0.5092877
32341,0.6168448
32342,0.40190157
32343,0.58285236
32344,0.21221146
32345,0.26957735
32346,0.5437713
32347,0.37924597
32348,0.34836063
32349,0.48590976
32350,0.3130741
32351,0.31844223
32352,0.19033423
32353,0.14568011
32354,0.30119526
32355,0.28495035
32356,0.46860355
32357,0.47424763
32358,0.6690444
32359,0.5701916
32360,0.38425344
32361,0.3846154
32362,0.24597342
32363,0.45974246
32364,0.5768008
32365,0.35270593
32366,0.15668157
32367,0.3429441
32368,0.52541375
32369,0.22049767
32370,0.27911657
32371,0.44062018
32372,0.36943075
32373,0.63881147
32374,0.26373833
32375,0.38805977
32376,0.3485372
32377,0.55866903
32378,0.5400309
32379,0.41069356
32380,0.38307407
32381,0.3478872
32382,0.5145875
32383,0.4887618
32384,0.39282793
32385,0.36619475
32386,0.11154623
32387,0.35871592
32388,0.18459234
32389,0.5314562
32390,0.3698985
32391,0.55641234
32392,0.501739
32393,0.26421306
32394,0.3767146
32395,0.22687335
32396,0.49052218
32397,0.52437484
32398,0.47462335
32399,0.24471305
32400,0.435717
32401,0.48820522
32402,0.48172423
32403,0.32894415
32404,0.2544059
32405,0.3777131
32406,0.40015158
32407,0.5901836
32408,0.32672015
32409,0.38366643
32410,0.56514704
32411,0.34197268
32412,0.4463091
32413,0.60988766
32414,0.3875465
32415,0.36459318
32416,0.53825533
32417,0.31621683
32418,0.55499595
32419,0.5778665
32420,0.30643222
32421,0.5320216
32422,0.45775273
32423,0.4799266
32424,0.5866333
32425,0.32665798
32426,0.39591756
32427,0.27000588
32428,0.40596825
32429,0.27964857
32430,0.21929403
32431,0.52000844
32432,0.47329357
32433,0.40184006
32434,0.4414015
32435,0.5084669
32436,0.48788968
32437,0.35486066
32438,0.40109268
32439,0.39831656
32440,0.33754927
32441,0.57855994
32442,0.26941022
32443,0.4120063
32444,0.5238693
32445,0.47340158
32446,0.32862568
32447,0.3283855
32448,0.40774354
32449,0.34023124
32450,0.5498355
32451,0.3568258
32452,0.111658566
32453,0.47701183
32454,0.18422654
32455,0.25619763
32456,0.49602392
32457,0.11205573
32458,0.35104302
32459,0.2263771
32460,0.40898883
32461,0.40097627
32462,0.4006165
32463,0.56754494
32464,0.38664848
32465,0.477679
32466,0.38506165
32467,0.4475598
32468,0.14746572
32469,0.4136787
32470,0.6318136
32471,0.42726377
32472,0.5056636
32473,0.40193826
32474,0.27493018
32475,0.6657414
32476,0.34054947
32477,0.30903387
32478,0.5607017
32479,0.34253594
32480,0.39195898
32481,0.41536683
32482,0.5154314
32483,0.3339423
32484,0.33948573
32485,0.4797923
32486,0.41742244
32487,0.32250345
32488,0.38977507
32489,0.41598964
32490,0.45618662
32491,0.4569098
32492,0.24526344
32493,0.4983132
32494,0.36371034
32495,0.30784863
32496,0.6082677
32497,0.24029268
32498,0.4146212
32499,0.48700553
32500,0.39607087
32501,0.57052547
32502,0.4482887
32503,0.5059972
32504,0.4034989
32505,0.41883522
32506,0.4889411
32507,0.17114574
32508,0.51637655
32509,0.3277381
32510,0.25105116
32511,0.35222927
32512,0.56328034
32513,0.46969447
32514,0.41569138
32515,0.4028438
32516,0.54253185
32517,0.35990185
32518,0.43723586
32519,0.3374213
32520,0.3636421
32521,0.41143715
32522,0.65828854
32523,0.4496439
32524,0.30758885
32525,0.4035072
32526,0.51463866
32527,0.23648278
32528,0.27559853
32529,0.40263042
32530,0.42131764
32531,0.3643822
32532,0.40169755
32533,0.6350565
32534,0.33143184
32535,0.3844546
32536,0.078166045
32537,0.39031792
32538,0.41581982
32539,0.3739591
32540,0.31494594
32541,0.23514274
32542,0.15504913
32543,0.39033517
32544,0.6789557
32545,0.3198357
32546,0.37226003
32547,0.37795436
32548,0.30326068
32549,0.50969833
32550,0.4420069
32551,0.506482
32552,0.41874242
32553,0.5059158
32554,0.38843453
32555,0.21316038
32556,0.48379508
32557,0.43913564
32558,0.40296724
32559,0.5381756
32560,0.58721364
32561,0.2074656
32562,0.37348616
32563,0.23485263
32564,0.33311248
32565,0.6155254
32566,0.4248083
32567,0.521163
32568,0.30555806
32569,0.33548582
32570,0.30069968
32571,0.41585645
32572,0.4523399
32573,0.48832232
32574,0.23289946
32575,0.6545108
32576,0.49813917
32577,0.4025698
32578,0.3491302
32579,0.3766756
32580,0.56727564
32581,0.13190055
32582,0.32565123
32583,0.4168923
32584,0.3921348
32585,0.53575075
32586,0.36412227
32587,0.42415276
32588,0.3668483
32589,0.39018852
32590,0.39478785
32591,0.29938143
32592,0.3544109
32593,0.41723242
32594,0.45537075
32595,0.3361802
32596,0.58372086
32597,0.42841932
32598,0.34380004
32599,0.33139744
32600,0.4547426
32601,0.48501647
32602,0.3230196
32603,0.32518747
32604,0.32453948
32605,0.36634073
32606,0.51836073
32607,0.26632792
32608,0.5305244
32609,0.59774315
32610,0.32606512
32611,0.5385658
32612,0.3597902
32613,0.0824365
32614,0.37920803
32615,0.41051066
32616,0.6169615
32617,0.62372476
32618,0.3643426
32619,0.47172192
32620,0.3948245
32621,0.37509635
32622,0.32259497
32623,0.44421673
32624,0.37038976
32625,0.37858406
32626,0.6288852
32627,0.52521574
32628,0.37542108
32629,0.46886268
32630,0.45974317
32631,0.47239664
32632,0.59517837
32633,0.24179937
32634,0.4440885
32635,0.41895127
32636,0.44438493
32637,0.580845
32638,0.3873282
32639,0.41412166
32640,0.5103766
32641,0.29246333
32642,0.5090533
32643,0.3081158
32644,0.77695376
32645,0.21244396
32646,0.5961139
32647,0.3326966
32648,0.5364829
32649,0.31255978
32650,0.22659501
32651,0.39901808
32652,0.3199913
32653,0.49994522
32654,0.29353926
32655,0.3881172
32656,0.5303816
32657,0.5218786
32658,0.6551894
32659,0.31852403
32660,0.553769
32661,0.2588586
32662,0.30591562
32663,0.30069703
32664,0.30518615
32665,0.3117697
32666,0.48387355
32667,0.47963506
32668,0.49039337
32669,0.32001698
32670,0.24627057
32671,0.21227795
32672,0.435579
32673,0.35090467
32674,0.57771873
32675,0.49741408
32676,0.43731365
32677,0.45275933
32678,0.29365593
32679,0.44955105
32680,0.50002277
32681,0.13371451
32682,0.2981892
32683,0.38988882
32684,0.46272177
32685,0.36286297
32686,0.44253895
32687,0.37992263
32688,0.3187587
32689,0.23618728
32690,0.13975617
32691,0.3996304
32692,0.4069995
32693,0.3780633
32694,0.23331381
32695,0.38771564
32696,0.57898635
32697,0.20535724
32698,0.577619
32699,0.35507587
32700,0.36949402
32701,0.4415531
32702,0.29688826
32703,0.3610028
32704,0.23512584
32705,0.44168404
32706,0.36839145
32707,0.5152694
32708,0.3327671
32709,0.48432982
32710,0.47599638
32711,0.3222961
32712,0.22204122
32713,0.31869417
32714,0.25588572
32715,0.5820447
32716,0.35929066
32717,0.47118795
32718,0.35971203
32719,0.6628094
32720,0.468732
32721,0.44335067
32722,0.5705952
32723,0.57601935
32724,0.30133432
32725,0.44577938
32726,0.52862036
32727,0.37309867
32728,0.43373546
32729,0.62241095
32730,0.2757001
32731,0.16083755
32732,0.42760724
32733,0.63203865
32734,0.6633522
32735,0.30572012
32736,0.16702498
32737,0.47494212
32738,0.23528054
32739,0.40448204
32740,0.4303541
32741,0.519631
32742,0.26232377
32743,0.47851968
32744,0.69462556
32745,0.27494118
32746,0.32907608
32747,0.6212762
32748,0.6388176
32749,0.31267944
32750,0.43285215
32751,0.37664068
32752,0.17921108
32753,0.36336008
32754,0.28910473
32755,0.43239927
32756,0.5443275
32757,0.4870949
32758,0.33403066
32759,0.2717878
32760,0.5552874
32761,0.51454365
32762,0.5572938
32763,0.2832576
32764,0.29608652
32765,0.7673247
32766,0.33281794
32767,0.30719033
32768,0.4380262
32769,0.1540187
32770,0.5468072
32771,0.35456806
32772,0.32725546
32773,0.61152315
32774,0.2533519
32775,0.3761014
32776,0.5303514
32777,0.2503701
32778,0.4434281
32779,0.4777753
32780,0.4367961
32781,0.5116307
32782,0.3103404
32783,0.57823086
32784,0.45527413
32785,0.46842796
32786,0.4340748
32787,0.37133068
32788,0.31357622
32789,0.6137037
32790,0.27147475
32791,0.401148
32792,0.5102962
32793,0.16639946
32794,0.3481
32795,0.21478987
32796,0.52108896
32797,0.4332179
32798,0.27168077
32799,0.31572536
32800,0.42038336
32801,0.21461569
32802,0.32331052
32803,0.3127286
32804,0.7020132
32805,0.404232
32806,0.49573714
32807,0.45799398
32808,0.45609695
32809,0.27014276
32810,0.59314966
32811,0.42439455
32812,0.3417969
32813,0.47440857
32814,0.4683582
32815,0.46200195
32816,0.18678391
32817,0.1533805
32818,0.54677624
32819,0.4697264
32820,0.5145786
32821,0.65956855
32822,0.38094893
32823,0.5406552
32824,0.45924175
32825,0.4230018
32826,0.373203
32827,0.6255414
32828,0.35070288
32829,0.47529602
32830,0.42460522
32831,0.21969111
32832,0.3963124
32833,0.35360712
32834,0.61469066
32835,0.2093887
32836,0.5591698
32837,0.4738828
32838,0.52692723
32839,0.49899244
32840,0.38831884
32841,0.36902887
32842,0.19695948
32843,0.38258508
32844,0.31371292
32845,0.5161908
32846,0.3695825
32847,0.25377652
32848,0.56085443
32849,0.37117034
32850,0.2734141
32851,0.34890974
32852,0.2270012
32853,0.35362157
32854,0.55949515
32855,0.5568557
32856,0.29153496
32857,0.38410074
32858,0.25920144
32859,0.59270734
32860,0.36859858
32861,0.3934003
32862,0.5007057
32863,0.39827588
32864,0.45651117
32865,0.4420936
32866,0.42009702
32867,0.2733402
32868,0.6002918
32869,0.2876487
32870,0.42549205
32871,0.26696926
32872,0.30707836
32873,0.354799
32874,0.40812778
32875,0.45287985
32876,0.14486805
32877,0.4714339
32878,0.32681966
32879,0.53389
32880,0.50825435
32881,0.26886958
32882,0.42234185
32883,0.27658057
32884,0.53048575
32885,0.49849036
32886,0.2853839
32887,0.46427444
32888,0.33527145
32889,0.5764827
32890,0.33075762
32891,0.2310703
32892,0.3986024
32893,0.277385
32894,0.37095916
32895,0.18795979
32896,0.42878518
32897,0.45309713
32898,0.16758822
32899,0.46734968
32900,0.56530666
32901,0.3589975
32902,0.3573975
32903,0.1906921
32904,0.14840722
32905,0.20116442
32906,0.17543639
32907,0.38251922
32908,0.4177603
32909,0.48488894
32910,0.4076681
32911,0.61005974
32912,0.7066464
32913,0.48775467
32914,0.37782836
32915,0.35712814
32916,0.5092236
32917,0.3160398
32918,0.17036884
32919,0.20784315
32920,0.4063295
32921,0.76612306
32922,0.5624481
32923,0.44823018
32924,0.5431249
32925,0.32448986
32926,0.5435404
32927,0.3336943
32928,0.30390614
32929,0.39761758
32930,0.61770135
32931,0.22507226
32932,0.3287314
32933,0.47010046
32934,0.42845082
32935,0.49538642
32936,0.34909323
32937,0.5353604
32938,0.52093124
32939,0.48979458
32940,0.4949204
32941,0.2969074
32942,0.4685524
32943,0.56280637
32944,0.8133338
32945,0.4915384
32946,0.4856609
32947,0.35370627
32948,0.35178873
32949,0.5056233
32950,0.51450515
32951,0.46432567
32952,0.44919
32953,0.29926446
32954,0.22246368
32955,0.43429676
32956,0.3488749
32957,0.34789476
32958,0.32971844
32959,0.29940984
32960,0.31552157
32961,0.61479205
32962,0.45050484
32963,0.2725188
32964,0.25313166
32965,0.4841822
32966,0.50868493
32967,0.3665445
32968,0.5361516
32969,0.53215206
32970,0.1992711
32971,0.3848556
32972,0.3418451
32973,0.55590713
32974,0.57774246
32975,0.41985202
32976,0.5533666
32977,0.3425343
32978,0.32809195
32979,0.38282385
32980,0.53813267
32981,0.18267374
32982,0.5327645
32983,0.27089572
32984,0.5292161
32985,0.20818414
32986,0.52746534
32987,0.34953472
32988,0.2136658
32989,0.48740014
32990,0.2678105
32991,0.44073972
32992,0.3807019
32993,0.5625708
32994,0.1905243
32995,0.30302474
32996,0.32546252
32997,0.29454118
32998,0.20601247
32999,0.35338697
33000,0.311228
33001,0.5360904
33002,0.26771048
33003,0.3941278
33004,0.6460204
33005,0.54113
33006,0.40446335
33007,0.33894208
33008,0.23949386
33009,0.5193982
33010,0.38112247
33011,0.43211398
33012,0.39836493
33013,0.3730519
33014,0.5945255
33015,0.3740375
33016,0.20993493
33017,0.46553782
33018,0.44780904
33019,0.54589975
33020,0.44602737
33021,0.67059517
33022,0.39760292
33023,0.39101335
33024,0.4248476
33025,0.35043484
33026,0.45832515
33027,0.3526514
33028,0.48553762
33029,0.5272406
33030,0.2643064
33031,0.18621649
33032,0.49347088
33033,0.72651494
33034,0.54769397
33035,0.67767644
33036,0.5597859
33037,0.63936496
33038,0.19333296
33039,0.4150493
33040,0.41380855
33041,0.5186577
33042,0.42678285
33043,0.6869249
33044,0.1536188
33045,0.37560475
33046,0.28605968
33047,0.5828739
33048,0.31569985
33049,0.26831457
33050,0.41402623
33051,0.37851137
33052,0.27909335
33053,0.43896437
33054,0.37887296
33055,0.36951527
33056,0.48717743
33057,0.50236017
33058,0.39713728
33059,0.3541346
33060,0.5558099
33061,0.5512916
33062,0.44518328
33063,0.48975518
33064,0.44734213
33065,0.2530073
33066,0.48319516
33067,0.24449341
33068,0.25054643
33069,0.39020386
33070,0.49665135
33071,0.47553813
33072,0.5842579
33073,0.520563
33074,0.20902921
33075,0.45773944
33076,0.5252628
33077,0.54014415
33078,0.42462286
33079,0.48261616
33080,0.41096038
33081,0.3302065
33082,0.20873342
33083,0.2612366
33084,0.34768197
33085,0.2736739
33086,0.53825027
33087,0.5252933
33088,0.4569716
33089,0.47450152
33090,0.5184859
33091,0.32151738
33092,0.42055437
33093,0.22155772
33094,0.51866597
33095,0.28066266
33096,0.39405358
33097,0.4151464
33098,0.49227569
33099,0.32630932
33100,0.33771196
33101,0.4755449
33102,0.2531231
33103,0.41711226
33104,0.34683585
33105,0.28227863
33106,0.5140519
33107,0.36114523
33108,0.43992123
33109,0.3605241
33110,0.30394512
33111,0.3629282
33112,0.3906033
33113,0.5546359
33114,0.63347936
33115,0.41107583
33116,0.2971752
33117,0.3851958
33118,0.4215819
33119,0.33842278
33120,0.29687637
33121,0.4053463
33122,0.38037425
33123,0.6720281
33124,0.30416858
33125,0.43074575
33126,0.47144783
33127,0.31355047
33128,0.3143472
33129,0.37192595
33130,0.48046196
33131,0.27569008
33132,0.3787828
33133,0.67384183
33134,0.41067675
33135,0.37467057
33136,0.3079203
33137,0.28732347
33138,0.40122375
33139,0.5011539
33140,0.4316651
33141,0.5537284
33142,0.46031734
33143,0.3621373
33144,0.61737144
33145,0.56314623
33146,0.5159093
33147,0.27251118
33148,0.3718149
33149,0.4670037
33150,0.59967136
33151,0.262261
33152,0.4807253
33153,0.3408541
33154,0.635791
33155,0.4397408
33156,0.42865807
33157,0.23543131
33158,0.37972692
33159,0.34947988
33160,0.4472623
33161,0.4703325
33162,0.67795324
33163,0.5750973
33164,0.46710876
33165,0.35963392
33166,0.5015497
33167,0.3601917
33168,0.5549701
33169,0.3877043
33170,0.39404374
33171,0.39571363
33172,0.5007294
33173,0.58075905
33174,0.5334674
33175,0.2106303
33176,0.44226414
33177,0.5228485
33178,0.20941885
33179,0.282885
33180,0.25290322
33181,0.17015435
33182,0.19616233
33183,0.51959014
33184,0.44819814
33185,0.41486436
33186,0.41583616
33187,0.28599495
33188,0.48049992
33189,0.41130096
33190,0.45015955
33191,0.6726806
33192,0.47465703
33193,0.41964695
33194,0.6518258
33195,0.2560494
33196,0.4478273
33197,0.54365546
33198,0.4837606
33199,0.61399645
33200,0.23017742
33201,0.6401882
33202,0.3598716
33203,0.28387627
33204,0.17958562
33205,0.456766
33206,0.41787446
33207,0.49926782
33208,0.39964938
33209,0.3707476
33210,0.47407258
33211,0.44414672
33212,0.34563002
33213,0.2971458
33214,0.2891976
33215,0.3041634
33216,0.31267703
33217,0.52485543
33218,0.29057223
33219,0.4089795
33220,0.4206547
33221,0.15935342
33222,0.5856279
33223,0.35594854
33224,0.29444864
33225,0.36976153
33226,0.36229834
33227,0.5237915
33228,0.17450693
33229,0.38019782
33230,0.42630994
33231,0.23628305
33232,0.31925446
33233,0.57917947
33234,0.34667742
33235,0.40124202
33236,0.3273945
33237,0.60607535
33238,0.35479128
33239,0.34292912
33240,0.4678975
33241,0.60361946
33242,0.612185
33243,0.4711934
33244,0.53876096
33245,0.3820743
33246,0.47691593
33247,0.5199298
33248,0.5289519
33249,0.21354687
33250,0.21880159
33251,0.44508252
33252,0.5400726
33253,0.3007076
33254,0.4150728
33255,0.5032582
33256,0.40924966
33257,0.41942835
33258,0.55630714
33259,0.3915481
33260,0.4710915
33261,0.581452
33262,0.441955
33263,0.54783237
33264,0.4299482
33265,0.41090712
33266,0.37830794
33267,0.26931292
33268,0.1952431
33269,0.39635158
33270,0.5840742
33271,0.24404058
33272,0.45945564
33273,0.4702665
33274,0.266851
33275,0.3882377
33276,0.3531193
33277,0.30875325
33278,0.34054953
33279,0.61847323
33280,0.4214991
33281,0.19320282
33282,0.3640495
33283,0.39323762
33284,0.24029103
33285,0.4232992
33286,0.26948798
33287,0.48978567
33288,0.27901623
33289,0.471786
33290,0.16403286
33291,0.22412829
33292,0.6990498
33293,0.5648746
33294,0.35433263
33295,0.41844577
33296,0.36345786
33297,0.36750653
33298,0.6080838
33299,0.276257
33300,0.3364225
33301,0.55741984
33302,0.4032721
33303,0.43856022
33304,0.3847112
33305,0.59276754
33306,0.10578473
33307,0.42328495
33308,0.2716433
33309,0.58099675
33310,0.18667422
33311,0.32175162
33312,0.3457636
33313,0.5935766
33314,0.40170762
33315,0.5182975
33316,0.6677895
33317,0.29806656
33318,0.37083605
33319,0.5109606
33320,0.6815033
33321,0.4310824
33322,0.4714709
33323,0.40601397
33324,0.5963628
33325,0.31997168
33326,0.5452092
33327,0.5953398
33328,0.5058629
33329,0.42810133
33330,0.53858596
33331,0.36147934
33332,0.24933039
33333,0.56135446
33334,0.36926562
33335,0.49977812
33336,0.585423
33337,0.33770224
33338,0.3939317
33339,0.34128428
33340,0.4027093
33341,0.57307005
33342,0.44248936
33343,0.44053355
33344,0.0788286
33345,0.42601818
33346,0.3281773
33347,0.37596264
33348,0.4940193
33349,0.2779582
33350,0.4433422
33351,0.42686445
33352,0.34895444
33353,0.109634236
33354,0.74250877
33355,0.5245177
33356,0.20189466
33357,0.45653805
33358,0.3839747
33359,0.47340992
33360,0.38909203
33361,0.29738247
33362,0.52266663
33363,0.34596038
33364,0.4327216
33365,0.16955559
33366,0.42809793
33367,0.51651645
33368,0.45262364
33369,0.22725426
33370,0.62568974
33371,0.31860974
33372,0.3618208
33373,0.25395077
33374,0.5879574
33375,0.5231636
33376,0.49561647
33377,0.35449374
33378,0.37788603
33379,0.46574977
33380,0.3889809
33381,0.37922525
33382,0.5461088
33383,0.1933408
33384,0.45057213
33385,0.4585528
33386,0.3872593
33387,0.51045394
33388,0.4239975
33389,0.3668259
33390,0.41733155
33391,0.5440365
33392,0.47909474
33393,0.26446524
33394,0.35433125
33395,0.5488991
33396,0.49214247
33397,0.5321737
33398,0.23785372
33399,0.71199185
33400,0.38413697
33401,0.5510417
33402,0.7643273
33403,0.28393975
33404,0.42552325
33405,0.4153774
33406,0.5856038
33407,0.25500962
33408,0.291278
33409,0.46127343
33410,0.29069656
33411,0.38991758
33412,0.39334545
33413,0.35936737
33414,0.4388342
33415,0.2125761
33416,0.27016628
33417,0.45279253
33418,0.4697689
33419,0.5356548
33420,0.35358375
33421,0.18599798
33422,0.42385098
33423,0.5384722
33424,0.27919897
33425,0.30669847
33426,0.47707814
33427,0.531898
33428,0.57630396
33429,0.37735718
33430,0.5604784
33431,0.6129262
33432,0.52791613
33433,0.31795508
33434,0.44333354
33435,0.6049069
33436,0.69610715
33437,0.4290782
33438,0.5538543
33439,0.36378428
33440,0.54626584
33441,0.5580763
33442,0.49005508
33443,0.40604898
33444,0.27848697
33445,0.35136744
33446,0.39370236
33447,0.35294983
33448,0.31869
33449,0.6115874
33450,0.39442235
33451,0.53671926
33452,0.29425323
33453,0.4474162
33454,0.2798646
33455,0.39564642
33456,0.35662714
33457,0.1615304
33458,0.38706273
33459,0.35481492
33460,0.62477916
33461,0.3825504
33462,0.5305617
33463,0.46062613
33464,0.5991428
33465,0.06447709
33466,0.32966733
33467,0.36364645
33468,0.33715594
33469,0.4058069
33470,0.4653265
33471,0.29354918
33472,0.33485374
33473,0.46709663
33474,0.35940903
33475,0.481052
33476,0.4196399
33477,0.6776362
33478,0.36548573
33479,0.40029937
33480,0.50265545
33481,0.3329559
33482,0.55951655
33483,0.30836925
33484,0.39576036
33485,0.38685063
33486,0.5400338
33487,0.30177248
33488,0.5598659
33489,0.47225517
33490,0.5548964
33491,0.4370677
33492,0.40819237
33493,0.25063902
33494,0.21996878
33495,0.5496684
33496,0.3635824
33497,0.32263297
33498,0.5872367
33499,0.37317955
33500,0.23696649
33501,0.49053216
33502,0.34887955
33503,0.42038357
33504,0.51248753
33505,0.5360617
33506,0.12578787
33507,0.42274183
33508,0.38232356
33509,0.3738148
33510,0.24258105
33511,0.18950507
33512,0.5282929
33513,0.31491998
33514,0.38129354
33515,0.30966178
33516,0.54466337
33517,0.27032048
33518,0.57428443
33519,0.23825985
33520,0.37099335
33521,0.4684134
33522,0.4759913
33523,0.3954614
33524,0.52615476
33525,0.46525535
33526,0.42021358
33527,0.5008121
33528,0.46083343
33529,0.37984073
33530,0.5511277
33531,0.53859454
33532,0.3820889
33533,0.35578477
33534,0.4500897
33535,0.73473483
33536,0.4783054
33537,0.30628073
33538,0.36619514
33539,0.3700313
33540,0.4781643
33541,0.38274443
33542,0.4196511
33543,0.6592053
33544,0.68252045
33545,0.44172388
33546,0.41329715
33547,0.14616871
33548,0.30251047
33549,0.4037618
33550,0.68982315
33551,0.19740254
33552,0.3263624
33553,0.3612063
33554,0.3229581
33555,0.2893388
33556,0.3315778
33557,0.55285615
33558,0.65443593
33559,0.6082413
33560,0.24206495
33561,0.53486407
33562,0.30587178
33563,0.5464886
33564,0.38099942
33565,0.71812856
33566,0.39480877
33567,0.7198525
33568,0.40108487
33569,0.64572847
33570,0.60934055
33571,0.3096955
33572,0.5610575
33573,0.5432516
33574,0.22793432
33575,0.56734025
33576,0.5263065
33577,0.3555482
33578,0.5851331
33579,0.38352993
33580,0.5124965
33581,0.38238272
33582,0.44161972
33583,0.39593092
33584,0.40482917
33585,0.2640185
33586,0.331352
33587,0.3533381
33588,0.36392486
33589,0.3894607
33590,0.55263346
33591,0.42847744
33592,0.6708377
33593,0.4074241
33594,0.4307538
33595,0.44588703
33596,0.31067976
33597,0.62744844
33598,0.52768844
33599,0.55949825
33600,0.20378116
33601,0.3290088
33602,0.6529089
33603,0.26758897
33604,0.36861172
33605,0.2758747
33606,0.52273035
33607,0.124912515
33608,0.34194246
33609,0.4618597
33610,0.339098
33611,0.3604763
33612,0.36181235
33613,0.5084321
33614,0.61289626
33615,0.46361873
33616,0.5569242
33617,0.31719804
33618,0.4748266
33619,0.48814818
33620,0.41091356
33621,0.37182343
33622,0.3930701
33623,0.42568758
33624,0.40535086
33625,0.5972486
33626,0.38924596
33627,0.45998472
33628,0.64848405
33629,0.16356325
33630,0.23599523
33631,0.2742125
33632,0.28441316
33633,0.28200912
33634,0.31299558
33635,0.32670796
33636,0.38788402
33637,0.34871817
33638,0.5269756
33639,0.264808
33640,0.34990975
33641,0.4553896
33642,0.38822263
33643,0.5346807
33644,0.17531659
33645,0.3430537
33646,0.45250952
33647,0.34757262
33648,0.43040532
33649,0.4261985
33650,0.40336365
33651,0.43102562
33652,0.41825235
33653,0.52759945
33654,0.2220384
33655,0.24258757
33656,0.55229485
33657,0.43129906
33658,0.50230783
33659,0.42303994
33660,0.5457267
33661,0.41402608
33662,0.26915368
33663,0.47949678
33664,0.41266924
33665,0.35455635
33666,0.39468324
33667,0.48542488
33668,0.27896053
33669,0.58981556
33670,0.5377446
33671,0.4044914
33672,0.49517927
33673,0.5797834
33674,0.40315863
33675,0.57020926
33676,0.47466886
33677,0.38134485
33678,0.5130965
33679,0.4210978
33680,0.42462164
33681,0.3924342
33682,0.5408584
33683,0.35135877
33684,0.5684235
33685,0.17988154
33686,0.29657197
33687,0.49300706
33688,0.22325489
33689,0.5542208
33690,0.24392954
33691,0.46270287
33692,0.510143
33693,0.58919203
33694,0.32783532
33695,0.45717803
33696,0.35271227
33697,0.554685
33698,0.44541678
33699,0.47284767
33700,0.42796072
33701,0.5549669
33702,0.54814327
33703,0.43312648
33704,0.5502787
33705,0.4341403
33706,0.5806779
33707,0.55255383
33708,0.14219657
33709,0.5059082
33710,0.35378587
33711,0.30764183
33712,0.5911091
33713,0.272522
33714,0.23456357
33715,0.49698466
33716,0.1779871
33717,0.38514683
33718,0.40679467
33719,0.3570175
33720,0.54065204
33721,0.4891137
33722,0.36751932
33723,0.45611787
33724,0.6856705
33725,0.47175735
33726,0.42777547
33727,0.11978395
33728,0.34453887
33729,0.5001179
33730,0.53139806
33731,0.40117624
33732,0.29196155
33733,0.63025653
33734,0.38932398
33735,0.21341504
33736,0.35749787
33737,0.5034039
33738,0.19495049
33739,0.23184025
33740,0.48822126
33741,0.3851754
33742,0.2877707
33743,0.3624956
33744,0.67919433
33745,0.2266626
33746,0.47032905
33747,0.55882514
33748,0.33867496
33749,0.4399766
33750,0.35044366
33751,0.38506067
33752,0.32202926
33753,0.12965359
33754,0.16349092
33755,0.5735354
33756,0.51047194
33757,0.30287817
33758,0.32194653
33759,0.40618187
33760,0.6029525
33761,0.38966703
33762,0.18453775
33763,0.25134242
33764,0.7018339
33765,0.50017613
33766,0.3052501
33767,0.3985065
33768,0.49135235
33769,0.4967665
33770,0.1708536
33771,0.37737024
33772,0.26535755
33773,0.20342863
33774,0.36341456
33775,0.22793064
33776,0.29315013
33777,0.33009928
33778,0.17893966
33779,0.4374222
33780,0.6102944
33781,0.35175568
33782,0.49189505
33783,0.24985453
33784,0.50597775
33785,0.47322842
33786,0.54047287
33787,0.21261449
33788,0.40747425
33789,0.28478935
33790,0.5048576
33791,0.18222748
33792,0.384277
33793,0.43782848
33794,0.5473458
33795,0.38136104
33796,0.24575889
33797,0.54315466
33798,0.6120962
33799,0.18093038
33800,0.45279047
33801,0.43714264
33802,0.58757716
33803,0.4727393
33804,0.44008878
33805,0.57051677
33806,0.43364012
33807,0.5466191
33808,0.52821124
33809,0.2354728
33810,0.40171638
33811,0.4425587
33812,0.53484154
33813,0.30598003
33814,0.32350773
33815,0.41888535
33816,0.24506307
33817,0.53619814
33818,0.46167114
33819,0.33260158
33820,0.4126605
33821,0.32106966
33822,0.230978
33823,0.4037177
33824,0.50099623
33825,0.42511356
33826,0.59016484
33827,0.40136382
33828,0.5778852
33829,0.3604726
33830,0.37664145
33831,0.228345
33832,0.62207687
33833,0.53658885
33834,0.3349701
33835,0.47731593
33836,0.40721723
33837,0.52566016
33838,0.44442466
33839,0.44164374
33840,0.54383326
33841,0.55237836
33842,0.3546397
33843,0.5314821
33844,0.39580974
33845,0.46999404
33846,0.39270803
33847,0.42573646
33848,0.4054184
33849,0.26763463
33850,0.20744573
33851,0.3383739
33852,0.34425762
33853,0.59843755
33854,0.4203215
33855,0.1743275
33856,0.30429554
33857,0.52224326
33858,0.31293795
33859,0.40234783
33860,0.6263161
33861,0.67934585
33862,0.4639259
33863,0.24747919
33864,0.62663233
33865,0.4410366
33866,0.39683688
33867,0.18223351
33868,0.35019922
33869,0.16183004
33870,0.38764298
33871,0.22903384
33872,0.3335339
33873,0.23512107
33874,0.39370853
33875,0.4230413
33876,0.4565694
33877,0.46448457
33878,0.32863218
33879,0.16145094
33880,0.42535475
33881,0.29481956
33882,0.4066301
33883,0.46688548
33884,0.3411744
33885,0.2010353
33886,0.5397001
33887,0.21109691
33888,0.45214313
33889,0.36817804
33890,0.16003986
33891,0.4357859
33892,0.3774039
33893,0.41539723
33894,0.25837374
33895,0.3442786
33896,0.56560075
33897,0.5200571
33898,0.6308908
33899,0.25165486
33900,0.35713974
33901,0.33607942
33902,0.3786769
33903,0.4394068
33904,0.33410993
33905,0.4612505
33906,0.33871588
33907,0.54061174
33908,0.25211442
33909,0.4580921
33910,0.7692672
33911,0.23348632
33912,0.3452686
33913,0.33501273
33914,0.4839344
33915,0.27861783
33916,0.3176299
33917,0.45556638
33918,0.7194426
33919,0.29428896
33920,0.3319984
33921,0.28248724
33922,0.45952874
33923,0.4577702
33924,0.61128664
33925,0.46005404
33926,0.32539305
33927,0.41347396
33928,0.10702693
33929,0.2812483
33930,0.61230767
33931,0.33355734
33932,0.45417714
33933,0.61118656
33934,0.4920294
33935,0.52300376
33936,0.38000977
33937,0.422989
33938,0.29174933
33939,0.38964364
33940,0.49460408
33941,0.52324575
33942,0.25557968
33943,0.553911
33944,0.24879958
33945,0.48230398
33946,0.5736477
33947,0.447825
33948,0.4163968
33949,0.31427318
33950,0.23484035
33951,0.58672017
33952,0.15498607
33953,0.4718901
33954,0.35427138
33955,0.21311563
33956,0.1970287
33957,0.30298164
33958,0.28894296
33959,0.4083969
33960,0.5164009
33961,0.48617995
33962,0.33422253
33963,0.50934154
33964,0.29909572
33965,0.49331322
33966,0.4965879
33967,0.28471315
33968,0.4489959
33969,0.42019886
33970,0.39423892
33971,0.4456309
33972,0.4760249
33973,0.44596314
33974,0.4987763
33975,0.40853286
33976,0.46305612
33977,0.14424354
33978,0.5713845
33979,0.33477873
33980,0.38659117
33981,0.65952337
33982,0.36534724
33983,0.53934824
33984,0.3402901
33985,0.42478162
33986,0.3119192
33987,0.22098629
33988,0.4078342
33989,0.3251243
33990,0.6496388
33991,0.39666373
33992,0.51926774
33993,0.47421107
33994,0.38704824
33995,0.47451377
33996,0.4013505
33997,0.40639308
33998,0.30321744
33999,0.27890182
34000,0.5349352
34001,0.4059532
34002,0.3886812
34003,0.21385588
34004,0.38979858
34005,0.2787939
34006,0.33926
34007,0.6736792
34008,0.31387973
34009,0.58307666
34010,0.4165543
34011,0.2597458
34012,0.3340127
34013,0.4529657
34014,0.4200112
34015,0.2702587
34016,0.41468334
34017,0.55790573
34018,0.37698448
34019,0.46511543
34020,0.04889117
34021,0.55824447
34022,0.3828686
34023,0.2730792
34024,0.33754307
34025,0.46165118
34026,0.4024076
34027,0.39607728
34028,0.52448493
34029,0.5649914
34030,0.5686198
34031,0.59804803
34032,0.5497256
34033,0.5895759
34034,0.50414443
34035,0.39622948
34036,0.14173537
34037,0.16557236
34038,0.48127997
34039,0.5531022
34040,0.31846184
34041,0.47097906
34042,0.37934515
34043,0.4234736
34044,0.5210272
34045,0.6105447
34046,0.5202627
34047,0.2719589
34048,0.31610715
34049,0.42372265
34050,0.55216295
34051,0.47244814
34052,0.42523468
34053,0.5325428
34054,0.33058777
34055,0.35841566
34056,0.3396285
34057,0.48849216
34058,0.57497907
34059,0.42505792
34060,0.4651327
34061,0.36553562
34062,0.26146856
34063,0.28824174
34064,0.5464544
34065,0.40790203
34066,0.6514703
34067,0.2912499
34068,0.32661787
34069,0.49780005
34070,0.21682301
34071,0.33227766
34072,0.49250528
34073,0.50638014
34074,0.41975117
34075,0.44454336
34076,0.5735875
34077,0.15593478
34078,0.27544963
34079,0.6698458
34080,0.70138067
34081,0.32930458
34082,0.35727724
34083,0.33610392
34084,0.46049383
34085,0.38719195
34086,0.45018554
34087,0.30820674
34088,0.16135903
34089,0.4118922
34090,0.34005433
34091,0.33999228
34092,0.38739407
34093,0.14930505
34094,0.2844794
34095,0.47506353
34096,0.3501279
34097,0.19419159
34098,0.4940146
34099,0.30597886
34100,0.35669515
34101,0.5540969
34102,0.5906268
34103,0.31819886
34104,0.4655374
34105,0.4752398
34106,0.35431752
34107,0.42500898
34108,0.40066516
34109,0.4071154
34110,0.26628217
34111,0.688419
34112,0.32979265
34113,0.34540114
34114,0.23601171
34115,0.41251305
34116,0.3802208
34117,0.3027794
34118,0.5909346
34119,0.13232355
34120,0.50807804
34121,0.4035793
34122,0.46107802
34123,0.33627114
34124,0.4381491
34125,0.48013437
34126,0.4319229
34127,0.32164222
34128,0.40449256
34129,0.21617284
34130,0.3179004
34131,0.54952073
34132,0.51684105
34133,0.3718207
34134,0.26400623
34135,0.30118272
34136,0.30172363
34137,0.51083505
34138,0.32097238
34139,0.38063395
34140,0.42874068
34141,0.42241788
34142,0.37846962
34143,0.48978737
34144,0.25581452
34145,0.57184434
34146,0.3721809
34147,0.42105356
34148,0.3833641
34149,0.39559135
34150,0.2570915
34151,0.541404
34152,0.3297998
34153,0.34903082
34154,0.48745477
34155,0.37608495
34156,0.29639485
34157,0.67185354
34158,0.26126838
34159,0.51031405
34160,0.37356624
34161,0.55651623
34162,0.4111029
34163,0.5980979
34164,0.42541176
34165,0.5703283
34166,0.3158028
34167,0.42084646
34168,0.41560522
34169,0.33486718
34170,0.4509404
34171,0.35791364
34172,0.5275616
34173,0.67025465
34174,0.41876888
34175,0.52859074
34176,0.6325345
34177,0.52802616
34178,0.32172853
34179,0.5140876
34180,0.42289066
34181,0.5802451
34182,0.30662847
34183,0.39376888
34184,0.3121322
34185,0.48870593
34186,0.41717207
34187,0.38977116
34188,0.32103297
34189,0.42772275
34190,0.36144972
34191,0.36997533
34192,0.36647448
34193,0.20418453
34194,0.3570551
34195,0.5250928
34196,0.30008298
34197,0.1675707
34198,0.41171643
34199,0.28407896
34200,0.42290926
34201,0.523967
34202,0.30185667
34203,0.369151
34204,0.44276953
34205,0.4135756
34206,0.6495868
34207,0.58923197
34208,0.40713152
34209,0.2295935
34210,0.581063
34211,0.37719518
34212,0.19738081
34213,0.09290336
34214,0.42509615
34215,0.73111314
34216,0.178024
34217,0.37000668
34218,0.5429026
34219,0.4108725
34220,0.4393353
34221,0.34625375
34222,0.40001634
34223,0.30948445
34224,0.45233583
34225,0.46630943
34226,0.6018913
34227,0.30304784
34228,0.3372422
34229,0.2486358
34230,0.4333524
34231,0.6186155
34232,0.467795
34233,0.4043271
34234,0.42633057
34235,0.32741642
34236,0.30380476
34237,0.29778475
34238,0.4221594
34239,0.4331984
34240,0.37506634
34241,0.40079826
34242,0.48262703
34243,0.56066227
34244,0.4832624
34245,0.57062113
34246,0.3798585
34247,0.6756279
34248,0.500605
34249,0.50199693
34250,0.54131246
34251,0.42586592
34252,0.4546477
34253,0.4967334
34254,0.47043318
34255,0.26232758
34256,0.46547708
34257,0.22579771
34258,0.37694454
34259,0.4681027
34260,0.10862287
34261,0.31542817
34262,0.41645533
34263,0.4342574
34264,0.42052796
34265,0.5830722
34266,0.6126343
34267,0.23916371
34268,0.3495584
34269,0.42610058
34270,0.5830508
34271,0.51848835
34272,0.41247824
34273,0.41121727
34274,0.40025583
34275,0.19139254
34276,0.36441427
34277,0.43070647
34278,0.5310422
34279,0.58486533
34280,0.284287
34281,0.48378575
34282,0.16038196
34283,0.3390658
34284,0.3800843
34285,0.37831068
34286,0.37180546
34287,0.25832167
34288,0.27928925
34289,0.46279183
34290,0.5410061
34291,0.39626873
34292,0.47300616
34293,0.18425128
34294,0.32209608
34295,0.38849393
34296,0.2303948
34297,0.22471453
34298,0.568377
34299,0.47626176
34300,0.20164481
34301,0.20964657
34302,0.5124871
34303,0.33242616
34304,0.31694108
34305,0.45281675
34306,0.36485654
34307,0.46851766
34308,0.27812135
34309,0.48516974
34310,0.464493
34311,0.34742573
34312,0.38917458
34313,0.15157802
34314,0.45127207
34315,0.5311468
34316,0.5303226
34317,0.5396649
34318,0.2308332
34319,0.34169424
34320,0.38469434
34321,0.31016642
34322,0.5025002
34323,0.45783848
34324,0.51676303
34325,0.59249526
34326,0.40801084
34327,0.4662272
34328,0.5110008
34329,0.36550048
34330,0.49355942
34331,0.4660376
34332,0.23204789
34333,0.26711014
34334,0.39827216
34335,0.5168617
34336,0.30418655
34337,0.55751956
34338,0.40649506
34339,0.40761927
34340,0.26991826
34341,0.34085965
34342,0.44332072
34343,0.4001164
34344,0.39601746
34345,0.5610462
34346,0.58154356
34347,0.47810486
34348,0.42293927
34349,0.4374332
34350,0.42362508
34351,0.30183312
34352,0.49385244
34353,0.5382479
34354,0.22008304
34355,0.4102483
34356,0.37243128
34357,0.22735974
34358,0.25821745
34359,0.5863219
34360,0.45769432
34361,0.7402461
34362,0.45105746
34363,0.49987474
34364,0.47254923
34365,0.35629874
34366,0.6063739
34367,0.5442714
34368,0.5280683
34369,0.5119878
34370,0.2626967
34371,0.390209
34372,0.21221024
34373,0.45825136
34374,0.4071305
34375,0.52097654
34376,0.3651807
34377,0.34917784
34378,0.5632262
34379,0.39946225
34380,0.47991037
34381,0.38206825
34382,0.48527774
34383,0.3178056
34384,0.31731465
34385,0.34318128
34386,0.29777697
34387,0.35040918
34388,0.3034293
34389,0.47378457
34390,0.31413344
34391,0.6754381
34392,0.33248097
34393,0.43110847
34394,0.5169942
34395,0.33579797
34396,0.5187223
34397,0.4368754
34398,0.49703795
34399,0.4296516
34400,0.21945024
34401,0.55412465
34402,0.37784532
34403,0.5456794
34404,0.31220883
34405,0.36073804
34406,0.56219393
34407,0.30414358
34408,0.26432505
34409,0.21559225
34410,0.25250363
34411,0.35110936
34412,0.32944012
34413,0.3508835
34414,0.19927695
34415,0.19895878
34416,0.24676028
34417,0.5232878
34418,0.40054595
34419,0.6893478
34420,0.43661082
34421,0.32783625
34422,0.43761122
34423,0.45103312
34424,0.42809337
34425,0.44816896
34426,0.34584013
34427,0.5266893
34428,0.30098084
34429,0.32438886
34430,0.35048786
34431,0.4699347
34432,0.5359581
34433,0.3242206
34434,0.23902474
34435,0.2838959
34436,0.39939317
34437,0.48469484
34438,0.43219092
34439,0.3100347
34440,0.41428924
34441,0.58627033
34442,0.45214215
34443,0.44504675
34444,0.48808485
34445,0.33515638
34446,0.4570881
34447,0.48607045
34448,0.46357107
34449,0.36897427
34450,0.24937692
34451,0.39609253
34452,0.34682864
34453,0.20183665
34454,0.39775836
34455,0.48883522
34456,0.30941564
34457,0.5397847
34458,0.3798259
34459,0.38951993
34460,0.4440551
34461,0.3997132
34462,0.36784777
34463,0.30748641
34464,0.55975413
34465,0.4556535
34466,0.35910648
34467,0.43386394
34468,0.4119315
34469,0.37789205
34470,0.32648
34471,0.6009905
34472,0.46711197
34473,0.4455317
34474,0.35702357
34475,0.55697614
34476,0.5999107
34477,0.52222174
34478,0.46619934
34479,0.565358
34480,0.40066004
34481,0.28689912
34482,0.6264622
34483,0.43986735
34484,0.22288872
34485,0.6798863
34486,0.2421361
34487,0.26358715
34488,0.52732074
34489,0.46108338
34490,0.35139325
34491,0.38087267
34492,0.5282761
34493,0.4108254
34494,0.47166175
34495,0.32948196
34496,0.6424633
34497,0.35404053
34498,0.3193972
34499,0.23320132
34500,0.37609655
34501,0.29766393
34502,0.57848537
34503,0.20016886
34504,0.558153
34505,0.48751226
34506,0.41844228
34507,0.27865908
34508,0.27195475
34509,0.50204664
34510,0.32763168
34511,0.33725688
34512,0.48733553
34513,0.5110319
34514,0.16168778
34515,0.39697295
34516,0.33363602
34517,0.4826212
34518,0.4381545
34519,0.54201615
34520,0.51106894
34521,0.3236098
34522,0.574336
34523,0.5767234
34524,0.20756361
34525,0.30945897
34526,0.4235092
34527,0.55623555
34528,0.37828448
34529,0.6009898
34530,0.32890105
34531,0.5624155
34532,0.57930714
34533,0.45322874
34534,0.5357207
34535,0.4768565
34536,0.40188462
34537,0.3644586
34538,0.49989483
34539,0.15112333
34540,0.38714278
34541,0.2037396
34542,0.6200293
34543,0.3391092
34544,0.5327921
34545,0.52022
34546,0.42602172
34547,0.5326576
34548,0.38975292
34549,0.49047387
34550,0.49059308
34551,0.2061999
34552,0.35864133
34553,0.7060731
34554,0.35615322
34555,0.38259917
34556,0.2930551
34557,0.24001358
34558,0.5184648
34559,0.56890726
34560,0.2882028
34561,0.3213198
34562,0.37836596
34563,0.572857
34564,0.49893856
34565,0.3150507
34566,0.2948796
34567,0.45576394
34568,0.27449498
34569,0.44427213
34570,0.5657172
34571,0.2668617
34572,0.31708875
34573,0.5284121
34574,0.511404
34575,0.3197435
34576,0.34757078
34577,0.42577937
34578,0.18933576
34579,0.45168436
34580,0.4158346
34581,0.55308646
34582,0.3959752
34583,0.48170343
34584,0.397792
34585,0.3610211
34586,0.29440242
34587,0.5009895
34588,0.44586504
34589,0.5031755
34590,0.37923738
34591,0.3481493
34592,0.36526346
34593,0.1797516
34594,0.4970227
34595,0.28727943
34596,0.39737406
34597,0.45104218
34598,0.35335356
34599,0.3496005
34600,0.4284722
34601,0.4136215
34602,0.2605358
34603,0.5037351
34604,0.32073578
34605,0.45254013
34606,0.30216777
34607,0.39702404
34608,0.5143924
34609,0.60469633
34610,0.26385143
34611,0.43457833
34612,0.40213004
34613,0.33544648
34614,0.5776263
34615,0.36703295
34616,0.45401648
34617,0.348668
34618,0.60214573
34619,0.51506716
34620,0.31812492
34621,0.28910634
34622,0.24654344
34623,0.50481147
34624,0.21041934
34625,0.5339361
34626,0.29323304
34627,0.36694166
34628,0.4597437
34629,0.50367266
34630,0.39175218
34631,0.56121504
34632,0.38110512
34633,0.46207178
34634,0.4232349
34635,0.46120527
34636,0.33828804
34637,0.37597215
34638,0.63463837
34639,0.32291684
34640,0.46377447
34641,0.4295228
34642,0.39962396
34643,0.43453902
34644,0.40493754
34645,0.39755133
34646,0.5240051
34647,0.2428303
34648,0.53821677
34649,0.3187202
34650,0.3428559
34651,0.2694124
34652,0.52033657
34653,0.64530265
34654,0.3190158
34655,0.42669892
34656,0.41744843
34657,0.5108025
34658,0.27254927
34659,0.43929031
34660,0.5612318
34661,0.4288946
34662,0.22097366
34663,0.4166234
34664,0.5310675
34665,0.38706565
34666,0.43000275
34667,0.5264921
34668,0.62340015
34669,0.16933957
34670,0.52618164
34671,0.39234614
34672,0.40103048
34673,0.48831493
34674,0.3756039
34675,0.5155535
34676,0.46066287
34677,0.6034459
34678,0.38283694
34679,0.53798574
34680,0.18695918
34681,0.48250118
34682,0.41724545
34683,0.32187498
34684,0.4784575
34685,0.1682473
34686,0.48076835
34687,0.5228625
34688,0.1427656
34689,0.41665727
34690,0.3611218
34691,0.51563096
34692,0.13626026
34693,0.11920232
34694,0.18324552
34695,0.2872045
34696,0.25122583
34697,0.54548085
34698,0.46597207
34699,0.4914656
34700,0.49764815
34701,0.44875443
34702,0.46147552
34703,0.7536411
34704,0.3819984
34705,0.36709806
34706,0.47763327
34707,0.49285772
34708,0.424185
34709,0.34739104
34710,0.38017842
34711,0.3494652
34712,0.4939553
34713,0.3797998
34714,0.4425331
34715,0.42949978
34716,0.3083723
34717,0.14114554
34718,0.39369503
34719,0.1094066
34720,0.32162443
34721,0.47418717
34722,0.36156073
34723,0.1697508
34724,0.47889563
34725,0.10536225
34726,0.59857756
34727,0.41809028
34728,0.17237426
34729,0.3839035
34730,0.48342082
34731,0.09931884
34732,0.38944724
34733,0.4403983
34734,0.34351805
34735,0.43663403
34736,0.6523383
34737,0.24134867
34738,0.35279122
34739,0.4182979
34740,0.30293468
34741,0.24502571
34742,0.3214842
34743,0.32248846
34744,0.18761997
34745,0.39699337
34746,0.3505544
34747,0.46882385
34748,0.51187515
34749,0.3574471
34750,0.35772753
34751,0.5342167
34752,0.4700151
34753,0.60556144
34754,0.48196453
34755,0.44105607
34756,0.24574941
34757,0.3422134
34758,0.43753406
34759,0.36581713
34760,0.37701154
34761,0.6065745
34762,0.53178704
34763,0.52652663
34764,0.40443933
34765,0.34177884
34766,0.31731042
34767,0.4626677
34768,0.34419382
34769,0.51114964
34770,0.6608217
34771,0.37717435
34772,0.56793207
34773,0.37088832
34774,0.4012692
34775,0.4583027
34776,0.30049187
34777,0.44428805
34778,0.6182678
34779,0.4402622
34780,0.34448597
34781,0.5829754
34782,0.40418342
34783,0.31142733
34784,0.3980284
34785,0.59233034
34786,0.46893093
34787,0.46549112
34788,0.44942036
34789,0.47458652
34790,0.29499555
34791,0.44854298
34792,0.15447353
34793,0.40084365
34794,0.46289802
34795,0.41225776
34796,0.3445598
34797,0.39598134
34798,0.4897451
34799,0.42743865
34800,0.56363904
34801,0.30673832
34802,0.27378404
34803,0.389169
34804,0.5559118
34805,0.2712602
34806,0.35784307
34807,0.6628496
34808,0.31708735
34809,0.38914028
34810,0.47369608
34811,0.22681642
34812,0.44230378
34813,0.31650648
34814,0.36034352
34815,0.3759623
34816,0.48209327
34817,0.25170976
34818,0.4496068
34819,0.4988842
34820,0.38983822
34821,0.6848281
34822,0.29969302
34823,0.57379794
34824,0.2056726
34825,0.24456654
34826,0.42125916
34827,0.5362364
34828,0.25298575
34829,0.40396538
34830,0.33558616
34831,0.6373107
34832,0.44568565
34833,0.36342502
34834,0.30351004
34835,0.34588802
34836,0.46895233
34837,0.33228952
34838,0.5318606
34839,0.46367306
34840,0.64076126
34841,0.2200016
34842,0.14237192
34843,0.28536296
34844,0.3348701
34845,0.3929027
34846,0.67720956
34847,0.44150588
34848,0.38585535
34849,0.30414352
34850,0.28313333
34851,0.34950104
34852,0.51666635
34853,0.15910421
34854,0.41611004
34855,0.2609798
34856,0.3979029
34857,0.56819785
34858,0.55321527
34859,0.42342123
34860,0.36498386
34861,0.42514303
34862,0.34335148
34863,0.33006322
34864,0.471981
34865,0.40749052
34866,0.47891548
34867,0.5339294
34868,0.43966866
34869,0.62977356
34870,0.31644875
34871,0.50544506
34872,0.40928423
34873,0.116967976
34874,0.24419159
34875,0.53020203
34876,0.4903117
34877,0.29405093
34878,0.4833295
34879,0.44552138
34880,0.5523164
34881,0.49158922
34882,0.2817242
34883,0.36187333
34884,0.55119205
34885,0.23837785
34886,0.5662665
34887,0.5763876
34888,0.7592422
34889,0.38971773
34890,0.39179114
34891,0.48522395
34892,0.3219827
34893,0.327329
34894,0.4314121
34895,0.5741788
34896,0.45340392
34897,0.49411762
34898,0.5476658
34899,0.12995076
34900,0.2380435
34901,0.31443137
34902,0.32248142
34903,0.41660127
34904,0.51632184
34905,0.39100665
34906,0.3825017
34907,0.4355246
34908,0.52657783
34909,0.6920273
34910,0.7280537
34911,0.2836641
34912,0.35260493
34913,0.3462286
34914,0.4267745
34915,0.59178257
34916,0.3991029
34917,0.453846
34918,0.43730953
34919,0.34255537
34920,0.4236988
34921,0.53643775
34922,0.28340578
34923,0.26828167
34924,0.53203905
34925,0.44156057
34926,0.52181876
34927,0.3821002
34928,0.46492034
34929,0.2553412
34930,0.3697494
34931,0.45677036
34932,0.36676487
34933,0.22329716
34934,0.46424973
34935,0.5875536
34936,0.42318887
34937,0.4557527
34938,0.2979329
34939,0.55733246
34940,0.381343
34941,0.38350892
34942,0.41476077
34943,0.3976411
34944,0.42309734
34945,0.23349415
34946,0.34827974
34947,0.3734926
34948,0.29846755
34949,0.38590023
34950,0.5075038
34951,0.30450475
34952,0.63092357
34953,0.6572859
34954,0.4308731
34955,0.41394672
34956,0.1940616
34957,0.5680113
34958,0.39353013
34959,0.14233148
34960,0.36785984
34961,0.2925943
34962,0.32815635
34963,0.5328975
34964,0.71504676
34965,0.3433137
34966,0.4351295
34967,0.47103533
34968,0.4427877
34969,0.38087797
34970,0.3189647
34971,0.34359747
34972,0.36265132
34973,0.21462241
34974,0.3774989
34975,0.33321577
34976,0.5808716
34977,0.2638084
34978,0.15727329
34979,0.6386761
34980,0.44653994
34981,0.423881
34982,0.17502466
34983,0.30449143
34984,0.37059528
34985,0.3096122
34986,0.52263933
34987,0.23117127
34988,0.4450523
34989,0.38611704
34990,0.400404
34991,0.6563382
34992,0.549308
34993,0.16749904
34994,0.3558605
34995,0.4071001
34996,0.44556728
34997,0.5109162
34998,0.44026554
34999,0.34438673
35000,0.6964854
35001,0.5604037
35002,0.46621385
35003,0.5169048
35004,0.45791784
35005,0.28902817
35006,0.38123307
35007,0.42144585
35008,0.41847172
35009,0.47207636
35010,0.40671715
35011,0.6060687
35012,0.34170723
35013,0.41089875
35014,0.45673504
35015,0.5532859
35016,0.42797026
35017,0.26548773
35018,0.49300772
35019,0.39406994
35020,0.5848375
35021,0.25118002
35022,0.40020075
35023,0.22482777
35024,0.33413267
35025,0.54129136
35026,0.34246078
35027,0.25721228
35028,0.47214457
35029,0.46626976
35030,0.3237488
35031,0.24102813
35032,0.2985395
35033,0.6189233
35034,0.40466613
35035,0.25179797
35036,0.40355137
35037,0.5136242
35038,0.49847212
35039,0.19181778
35040,0.29517058
35041,0.2303545
35042,0.58197415
35043,0.6328932
35044,0.57608986
35045,0.62021285
35046,0.49186587
35047,0.65864706
35048,0.34780025
35049,0.44985113
35050,0.43966392
35051,0.46010354
35052,0.5097675
35053,0.437108
35054,0.48254818
35055,0.2997147
35056,0.24973245
35057,0.3733337
35058,0.6535128
35059,0.51612294
35060,0.5607052
35061,0.5009942
35062,0.4355085
35063,0.41603935
35064,0.23011306
35065,0.2610797
35066,0.10430633
35067,0.44617483
35068,0.392328
35069,0.5009177
35070,0.51023996
35071,0.31196442
35072,0.29554942
35073,0.3633494
35074,0.4027014
35075,0.43048254
35076,0.31467107
35077,0.5541
35078,0.5666968
35079,0.617548
35080,0.20683119
35081,0.47654876
35082,0.3814107
35083,0.47872025
35084,0.48241752
35085,0.41909528
35086,0.25624993
35087,0.55688375
35088,0.31871885
35089,0.6355443
35090,0.2875697
35091,0.27297348
35092,0.43725693
35093,0.4637102
35094,0.45879245
35095,0.3337228
35096,0.44668603
35097,0.5481119
35098,0.33485997
35099,0.408279
35100,0.6359836
35101,0.34268308
35102,0.43669993
35103,0.36418474
35104,0.47927344
35105,0.5893654
35106,0.5609567
35107,0.42702737
35108,0.44660518
35109,0.5357036
35110,0.43652162
35111,0.4105562
35112,0.48075563
35113,0.34123865
35114,0.41671714
35115,0.23959774
35116,0.6674416
35117,0.50915664
35118,0.44683343
35119,0.43637684
35120,0.31295088
35121,0.43690425
35122,0.39361984
35123,0.3634849
35124,0.5992818
35125,0.74259037
35126,0.3180943
35127,0.5016162
35128,0.30148914
35129,0.35376492
35130,0.37432733
35131,0.181486
35132,0.31511876
35133,0.45530236
35134,0.4962454
35135,0.33906287
35136,0.40255505
35137,0.45548862
35138,0.553815
35139,0.47679633
35140,0.5205878
35141,0.43289778
35142,0.46896502
35143,0.25360137
35144,0.5377281
35145,0.41016337
35146,0.42933938
35147,0.2163578
35148,0.57728946
35149,0.57739323
35150,0.5993643
35151,0.21152855
35152,0.56622446
35153,0.3013547
35154,0.47777405
35155,0.50873655
35156,0.37447137
35157,0.42985746
35158,0.43404552
35159,0.32357058
35160,0.448597
35161,0.37655625
35162,0.35180616
35163,0.37417638
35164,0.13943152
35165,0.43907773
35166,0.5123123
35167,0.5278228
35168,0.34075555
35169,0.43959782
35170,0.38578284
35171,0.29905996
35172,0.37715167
35173,0.64676213
35174,0.55409706
35175,0.38546792
35176,0.11016779
35177,0.3987717
35178,0.21357195
35179,0.46893588
35180,0.510541
35181,0.37150347
35182,0.50809544
35183,0.28339285
35184,0.29756352
35185,0.54188836
35186,0.4870543
35187,0.4104072
35188,0.42624763
35189,0.22082299
35190,0.20382252
35191,0.31007856
35192,0.31742844
35193,0.5733232
35194,0.34978798
35195,0.51985544
35196,0.3425022
35197,0.2962817
35198,0.34139472
35199,0.44035834
35200,0.33005077
35201,0.37322864
35202,0.60678613
35203,0.37990838
35204,0.40533465
35205,0.31270424
35206,0.4480844
35207,0.46774438
35208,0.45824975
35209,0.28831846
35210,0.1240309
35211,0.34640154
35212,0.50298285
35213,0.3814521
35214,0.6150182
35215,0.4521412
35216,0.60323834
35217,0.49526235
35218,0.19678304
35219,0.48821554
35220,0.30105233
35221,0.6211192
35222,0.32219756
35223,0.27780944
35224,0.4820834
35225,0.34975934
35226,0.31150877
35227,0.54080796
35228,0.29396832
35229,0.45464304
35230,0.36022496
35231,0.64026827
35232,0.29119766
35233,0.42134905
35234,0.60140455
35235,0.6107996
35236,0.2230172
35237,0.5293317
35238,0.49740088
35239,0.34281796
35240,0.3133468
35241,0.4704642
35242,0.40462753
35243,0.40675163
35244,0.41258836
35245,0.37534183
35246,0.22689295
35247,0.37285128
35248,0.47368068
35249,0.49386132
35250,0.65093344
35251,0.4171793
35252,0.4381216
35253,0.516032
35254,0.44647095
35255,0.4407657
35256,0.30609483
35257,0.55028164
35258,0.33049688
35259,0.13849811
35260,0.30918637
35261,0.6280676
35262,0.19016825
35263,0.44460565
35264,0.48336142
35265,0.3058738
35266,0.40995944
35267,0.46546218
35268,0.3354973
35269,0.46778297
35270,0.58680654
35271,0.589968
35272,0.3871407
35273,0.16573617
35274,0.681947
35275,0.44401625
35276,0.13796395
35277,0.4031214
35278,0.4752385
35279,0.67220813
35280,0.46998346
35281,0.53066605
35282,0.21719064
35283,0.41070578
35284,0.5795127
35285,0.25215343
35286,0.48492864
35287,0.45104748
35288,0.5629792
35289,0.57163215
35290,0.37494144
35291,0.3426037
35292,0.45874715
35293,0.38466775
35294,0.292522
35295,0.58323765
35296,0.38949114
35297,0.44734505
35298,0.27461037
35299,0.50635326
35300,0.52952385
35301,0.30254284
35302,0.4547374
35303,0.28417158
35304,0.40400344
35305,0.4303962
35306,0.47808754
35307,0.3084017
35308,0.56313187
35309,0.37412468
35310,0.16136429
35311,0.52255106
35312,0.42332968
35313,0.29222897
35314,0.26779383
35315,0.37174064
35316,0.49700084
35317,0.4019201
35318,0.73179775
35319,0.36187518
35320,0.36768448
35321,0.32998762
35322,0.5242582
35323,0.42732915
35324,0.22450386
35325,0.49400675
35326,0.5450577
35327,0.57991314
35328,0.20762907
35329,0.3341654
35330,0.42197004
35331,0.42451173
35332,0.5979885
35333,0.5009726
35334,0.3297024
35335,0.29241595
35336,0.525662
35337,0.3441126
35338,0.3759683
35339,0.2364436
35340,0.20451996
35341,0.56016624
35342,0.41619003
35343,0.46737596
35344,0.45549306
35345,0.445989
35346,0.16918263
35347,0.56476057
35348,0.29625657
35349,0.33695388
35350,0.3335056
35351,0.28761086
35352,0.5558486
35353,0.48822048
35354,0.32567322
35355,0.18117501
35356,0.48284787
35357,0.33741447
35358,0.32793093
35359,0.43753472
35360,0.5548097
35361,0.4749704
35362,0.43454185
35363,0.2452729
35364,0.37183183
35365,0.4758128
35366,0.46640638
35367,0.32842523
35368,0.33590022
35369,0.43628833
35370,0.4315005
35371,0.31403264
35372,0.3876603
35373,0.32715333
35374,0.2735014
35375,0.40660635
35376,0.1801445
35377,0.48359716
35378,0.30635953
35379,0.37899056
35380,0.561255
35381,0.5121773
35382,0.3936465
35383,0.20375472
35384,0.34800252
35385,0.29037568
35386,0.4670086
35387,0.33696285
35388,0.45738724
35389,0.40346977
35390,0.24738793
35391,0.64250565
35392,0.47890505
35393,0.4374271
35394,0.17985727
35395,0.39270392
35396,0.21874125
35397,0.58622646
35398,0.37419412
35399,0.42277047
35400,0.3975492
35401,0.3418035
35402,0.5131768
35403,0.6091499
35404,0.30783036
35405,0.23013274
35406,0.17064783
35407,0.47171685
35408,0.30655593
35409,0.43246987
35410,0.508824
35411,0.55995405
35412,0.4303707
35413,0.6069261
35414,0.39854822
35415,0.37334687
35416,0.45553967
35417,0.3128275
35418,0.19210255
35419,0.49015346
35420,0.29844332
35421,0.37637052
35422,0.102646984
35423,0.39113837
35424,0.32563058
35425,0.39042225
35426,0.46908218
35427,0.32886556
35428,0.4707124
35429,0.08245793
35430,0.5344961
35431,0.5514275
35432,0.26963776
35433,0.5010031
35434,0.57382685
35435,0.3515342
35436,0.5285342
35437,0.2864327
35438,0.42435127
35439,0.5355302
35440,0.49610984
35441,0.3829317
35442,0.3804344
35443,0.4890176
35444,0.49702516
35445,0.46243715
35446,0.30513364
35447,0.40115252
35448,0.49530545
35449,0.52950776
35450,0.40637028
35451,0.33361685
35452,0.4420634
35453,0.22517997
35454,0.5881501
35455,0.35943744
35456,0.47882652
35457,0.37101224
35458,0.36906752
35459,0.4177644
35460,0.5009242
35461,0.41949886
35462,0.48384407
35463,0.62695193
35464,0.45954087
35465,0.48335698
35466,0.5600269
35467,0.5532979
35468,0.16600432
35469,0.32937083
35470,0.21268423
35471,0.6191128
35472,0.3684224
35473,0.3469541
35474,0.54004824
35475,0.70586485
35476,0.5032228
35477,0.67622584
35478,0.38122886
35479,0.334921
35480,0.47315407
35481,0.45884952
35482,0.5560274
35483,0.44956058
35484,0.5487214
35485,0.30481973
35486,0.49921957
35487,0.57187897
35488,0.60317093
35489,0.37025157
35490,0.40996167
35491,0.40090668
35492,0.5024528
35493,0.43119946
35494,0.4315989
35495,0.31765363
35496,0.48425132
35497,0.3173364
35498,0.28684407
35499,0.3139534
35500,0.48566484
35501,0.4774145
35502,0.40804416
35503,0.33477914
35504,0.4415557
35505,0.29873797
35506,0.24524778
35507,0.5140072
35508,0.41395175
35509,0.61057305
35510,0.3730233
35511,0.303786
35512,0.16046795
35513,0.3084501
35514,0.65939677
35515,0.50293785
35516,0.34546515
35517,0.38462636
35518,0.41430658
35519,0.6395152
35520,0.5560248
35521,0.40118864
35522,0.46182862
35523,0.33364713
35524,0.7031723
35525,0.40065697
35526,0.25502616
35527,0.61646664
35528,0.43294525
35529,0.4511164
35530,0.627217
35531,0.5900417
35532,0.44933787
35533,0.36578903
35534,0.3862313
35535,0.4214981
35536,0.5303427
35537,0.32038078
35538,0.31256503
35539,0.67023003
35540,0.28512448
35541,0.41729295
35542,0.41610786
35543,0.4114266
35544,0.29563028
35545,0.42349118
35546,0.3640294
35547,0.51366174
35548,0.37550327
35549,0.33235553
35550,0.124066316
35551,0.53988695
35552,0.33892965
35553,0.65084064
35554,0.5470663
35555,0.36964297
35556,0.55761147
35557,0.28766572
35558,0.39974245
35559,0.4722576
35560,0.69458914
35561,0.069589585
35562,0.45328373
35563,0.4434149
35564,0.44252822
35565,0.39493662
35566,0.5007414
35567,0.42567143
35568,0.6234981
35569,0.31762078
35570,0.256003
35571,0.4764953
35572,0.5313799
35573,0.22525607
35574,0.42527026
35575,0.37925205
35576,0.40919265
35577,0.39252722
35578,0.4504861
35579,0.6133632
35580,0.56570727
35581,0.37654468
35582,0.12115148
35583,0.2016741
35584,0.25457162
35585,0.40290567
35586,0.28626543
35587,0.35246098
35588,0.6444341
35589,0.40025422
35590,0.2721295
35591,0.4845635
35592,0.5747197
35593,0.47813675
35594,0.48941755
35595,0.3648191
35596,0.5260387
35597,0.41308483
35598,0.437551
35599,0.42945105
35600,0.46641603
35601,0.33128873
35602,0.49522644
35603,0.4360624
35604,0.49822426
35605,0.44049254
35606,0.34796268
35607,0.6176595
35608,0.6375824
35609,0.55039805
35610,0.39556184
35611,0.1515074
35612,0.40280154
35613,0.4704012
35614,0.4101195
35615,0.41670197
35616,0.50144845
35617,0.21639244
35618,0.4970135
35619,0.4277313
35620,0.38883513
35621,0.39517415
35622,0.20164062
35623,0.5453419
35624,0.4207724
35625,0.37509626
35626,0.30337468
35627,0.43503845
35628,0.52431524
35629,0.54370606
35630,0.2906665
35631,0.6133222
35632,0.37663165
35633,0.36123028
35634,0.40663877
35635,0.3065008
35636,0.59531385
35637,0.32765052
35638,0.38127244
35639,0.39970756
35640,0.31878465
35641,0.23237924
35642,0.3847698
35643,0.34171945
35644,0.456654
35645,0.44497132
35646,0.24848874
35647,0.36186868
35648,0.35819215
35649,0.5229876
35650,0.33579257
35651,0.20670153
35652,0.41435006
35653,0.6119126
35654,0.5002471
35655,0.53813726
35656,0.025124393
35657,0.4373989
35658,0.59371924
35659,0.27281448
35660,0.34973833
35661,0.66757125
35662,0.30306342
35663,0.40772688
35664,0.288226
35665,0.575472
35666,0.3550627
35667,0.44738603
35668,0.37911475
35669,0.42911175
35670,0.44861
35671,0.32186973
35672,0.49067807
35673,0.7160212
35674,0.54284567
35675,0.36744615
35676,0.34155822
35677,0.2907646
35678,0.4467122
35679,0.31983367
35680,0.37464705
35681,0.44409716
35682,0.4408504
35683,0.3424224
35684,0.19184041
35685,0.38090926
35686,0.41429365
35687,0.23317228
35688,0.46602136
35689,0.657485
35690,0.31608486
35691,0.48153237
35692,0.5178585
35693,0.32725877
35694,0.357868
35695,0.47498924
35696,0.36803272
35697,0.17331609
35698,0.31603512
35699,0.47309753
35700,0.45096397
35701,0.5108882
35702,0.22430465
35703,0.38506716
35704,0.45881036
35705,0.30972856
35706,0.5910072
35707,0.5435717
35708,0.47113842
35709,0.5551022
35710,0.66880167
35711,0.39222994
35712,0.33282113
35713,0.15815867
35714,0.22614112
35715,0.28999263
35716,0.49705434
35717,0.4204412
35718,0.5895835
35719,0.44963476
35720,0.13686706
35721,0.7237538
35722,0.4159999
35723,0.48151445
35724,0.30275777
35725,0.5271642
35726,0.3178402
35727,0.3605835
35728,0.23136203
35729,0.48602587
35730,0.6411851
35731,0.31131482
35732,0.48631674
35733,0.5927723
35734,0.3808913
35735,0.47070417
35736,0.5137585
35737,0.25695553
35738,0.5450901
35739,0.31707117
35740,0.4379811
35741,0.35288942
35742,0.28096965
35743,0.45845512
35744,0.29708558
35745,0.40981063
35746,0.5649316
35747,0.27683023
35748,0.43211567
35749,0.52952987
35750,0.52485454
35751,0.347104
35752,0.27264675
35753,0.34990427
35754,0.21854658
35755,0.36004755
35756,0.42953527
35757,0.43801028
35758,0.42169008
35759,0.56377316
35760,0.42905435
35761,0.5214544
35762,0.31994343
35763,0.22990777
35764,0.50987893
35765,0.3167268
35766,0.3941802
35767,0.73986757
35768,0.33785668
35769,0.33647597
35770,0.52374804
35771,0.50576097
35772,0.24778238
35773,0.5057503
35774,0.75518644
35775,0.42382255
35776,0.4278451
35777,0.61869407
35778,0.49453074
35779,0.39535826
35780,0.44273135
35781,0.5053052
35782,0.6851428
35783,0.30754137
35784,0.20029673
35785,0.34556076
35786,0.4880456
35787,0.42139724
35788,0.23177858
35789,0.34788114
35790,0.36308008
35791,0.3430998
35792,0.30275807
35793,0.5163443
35794,0.23386152
35795,0.2947483
35796,0.28600246
35797,0.6457546
35798,0.23006031
35799,0.43212533
35800,0.36871797
35801,0.18499593
35802,0.459722
35803,0.11538538
35804,0.4921932
35805,0.51856834
35806,0.57401633
35807,0.2949238
35808,0.49741378
35809,0.4846289
35810,0.2664831
35811,0.59172297
35812,0.45270866
35813,0.4059834
35814,0.30498394
35815,0.46269345
35816,0.41696164
35817,0.34854448
35818,0.42808315
35819,0.57220423
35820,0.30945283
35821,0.3996288
35822,0.58298737
35823,0.39948937
35824,0.33854708
35825,0.46166712
35826,0.2656044
35827,0.5616212
35828,0.47012165
35829,0.4991358
35830,0.6371718
35831,0.16321865
35832,0.5635163
35833,0.16152494
35834,0.30924416
35835,0.35325375
35836,0.51517755
35837,0.45763826
35838,0.4312368
35839,0.26498753
35840,0.5039233
35841,0.3809227
35842,0.5764075
35843,0.4041269
35844,0.2731803
35845,0.4041186
35846,0.19636501
35847,0.41977227
35848,0.4699169
35849,0.17851096
35850,0.7147469
35851,0.35299486
35852,0.4670117
35853,0.3688397
35854,0.3908497
35855,0.45945555
35856,0.19935133
35857,0.4772275
35858,0.5635762
35859,0.45419347
35860,0.28070992
35861,0.60898495
35862,0.31379792
35863,0.34408268
35864,0.3205631
35865,0.46120375
35866,0.3440416
35867,0.35034555
35868,0.67554003
35869,0.2746612
35870,0.6118039
35871,0.7041123
35872,0.21313205
35873,0.24693224
35874,0.28667325
35875,0.49712998
35876,0.50593317
35877,0.47473982
35878,0.65034384
35879,0.56148314
35880,0.50303626
35881,0.2055138
35882,0.5275712
35883,0.497474
35884,0.34294727
35885,0.3214249
35886,0.486957
35887,0.4803935
35888,0.4202525
35889,0.45594206
35890,0.42936504
35891,0.41346806
35892,0.25660628
35893,0.65418583
35894,0.5800701
35895,0.39834148
35896,0.12547803
35897,0.46858597
35898,0.27941886
35899,0.5245145
35900,0.45641688
35901,0.59652334
35902,0.41174603
35903,0.6035046
35904,0.31973597
35905,0.43725967
35906,0.5274685
35907,0.30705944
35908,0.39420238
35909,0.4649756
35910,0.5099681
35911,0.3863222
35912,0.450741
35913,0.60537606
35914,0.40487674
35915,0.39336622
35916,0.56115615
35917,0.37337896
35918,0.510864
35919,0.51437086
35920,0.44869596
35921,0.31095
35922,0.5567604
35923,0.56671304
35924,0.5128636
35925,0.41478822
35926,0.36091048
35927,0.51520044
35928,0.51859975
35929,0.6805577
35930,0.5804823
35931,0.3452692
35932,0.41288787
35933,0.33935025
35934,0.52243555
35935,0.27236506
35936,0.3752389
35937,0.45098695
35938,0.28317484
35939,0.36648703
35940,0.67061543
35941,0.2754212
35942,0.35706198
35943,0.2961774
35944,0.20696881
35945,0.28181297
35946,0.32431683
35947,0.44555107
35948,0.438197
35949,0.36723885
35950,0.45870787
35951,0.20877506
35952,0.2613194
35953,0.5354259
35954,0.47301698
35955,0.55263335
35956,0.37919948
35957,0.5236092
35958,0.54223186
35959,0.44376415
35960,0.41057044
35961,0.31125593
35962,0.47239548
35963,0.34973776
35964,0.5151632
35965,0.42642227
35966,0.57384044
35967,0.5572918
35968,0.39841568
35969,0.3926669
35970,0.33092955
35971,0.18681023
35972,0.5674167
35973,0.5286919
35974,0.6002235
35975,0.5483781
35976,0.36436993
35977,0.12279891
35978,0.39576516
35979,0.22657119
35980,0.5365785
35981,0.28062516
35982,0.3553611
35983,0.36247844
35984,0.33028674
35985,0.58686554
35986,0.651538
35987,0.4062685
35988,0.45244548
35989,0.25229213
35990,0.30611116
35991,0.1831062
35992,0.45063794
35993,0.5061322
35994,0.1692051
35995,0.58615994
35996,0.24333666
35997,0.51003593
35998,0.45839244
35999,0.47326186
36000,0.22747366
36001,0.27951646
36002,0.52754486
36003,0.4942347
36004,0.26788127
36005,0.4843107
36006,0.22958556
36007,0.3219814
36008,0.22312772
36009,0.36059806
36010,0.16610357
36011,0.63981295
36012,0.3630521
36013,0.31575045
36014,0.47777036
36015,0.45246032
36016,0.53422695
36017,0.5821179
36018,0.35496357
36019,0.45956948
36020,0.60008925
36021,0.42052588
36022,0.4958507
36023,0.42086294
36024,0.4499996
36025,0.31897908
36026,0.6032176
36027,0.54333884
36028,0.5652585
36029,0.5736588
36030,0.28805304
36031,0.2540954
36032,0.3798426
36033,0.35421327
36034,0.43759906
36035,0.39884362
36036,0.23042461
36037,0.2689553
36038,0.5328467
36039,0.5697051
36040,0.46032378
36041,0.4301244
36042,0.48732823
36043,0.44740713
36044,0.61129
36045,0.37238526
36046,0.49257863
36047,0.45211944
36048,0.54325294
36049,0.4503851
36050,0.2952588
36051,0.3428437
36052,0.46658745
36053,0.15671496
36054,0.55190057
36055,0.34526625
36056,0.3903919
36057,0.58334863
36058,0.3526591
36059,0.29355678
36060,0.43216327
36061,0.17772575
36062,0.38184693
36063,0.6044517
36064,0.30654585
36065,0.40210557
36066,0.49318197
36067,0.27564102
36068,0.33304673
36069,0.18646383
36070,0.32167003
36071,0.49775517
36072,0.3940231
36073,0.45137346
36074,0.5131717
36075,0.45406917
36076,0.42529148
36077,0.4716224
36078,0.4344988
36079,0.6685554
36080,0.42067143
36081,0.39338154
36082,0.30003497
36083,0.40465328
36084,0.43109053
36085,0.4994598
36086,0.27226245
36087,0.4029076
36088,0.4974039
36089,0.4518908
36090,0.663835
36091,0.51545185
36092,0.39522254
36093,0.23170272
36094,0.30886936
36095,0.49496257
36096,0.411888
36097,0.51029325
36098,0.41880545
36099,0.5195576
36100,0.6256172
36101,0.3776151
36102,0.20611629
36103,0.6233764
36104,0.47805592
36105,0.2618005
36106,0.219904
36107,0.3502286
36108,0.45465684
36109,0.45962316
36110,0.43516558
36111,0.47367853
36112,0.42114294
36113,0.39711165
36114,0.49142304
36115,0.42102668
36116,0.4406155
36117,0.4770012
36118,0.40510473
36119,0.39222053
36120,0.27118725
36121,0.5181861
36122,0.47306415
36123,0.25632244
36124,0.64810103
36125,0.30820447
36126,0.50573814
36127,0.6111339
36128,0.3196457
36129,0.64278096
36130,0.46624067
36131,0.40376866
36132,0.35687014
36133,0.3396684
36134,0.4840309
36135,0.35864067
36136,0.35942772
36137,0.6524515
36138,0.3363835
36139,0.36131996
36140,0.3982612
36141,0.3824233
36142,0.36602336
36143,0.23409869
36144,0.16505471
36145,0.46286562
36146,0.26096123
36147,0.25146192
36148,0.29947802
36149,0.58822775
36150,0.49913213
36151,0.3012159
36152,0.3385513
36153,0.23169571
36154,0.6222259
36155,0.51963323
36156,0.60558724
36157,0.40116897
36158,0.36709884
36159,0.34041774
36160,0.48815462
36161,0.37304613
36162,0.2608005
36163,0.26546344
36164,0.42696688
36165,0.5758438
36166,0.58691037
36167,0.47086728
36168,0.5699992
36169,0.4650907
36170,0.4980414
36171,0.6109008
36172,0.4371379
36173,0.3559791
36174,0.38801217
36175,0.40923277
36176,0.45818728
36177,0.2891567
36178,0.52354157
36179,0.50022566
36180,0.23529015
36181,0.42389265
36182,0.3739949
36183,0.4420337
36184,0.60020036
36185,0.4066502
36186,0.12781115
36187,0.5392244
36188,0.49339285
36189,0.52747273
36190,0.5168986
36191,0.3167797
36192,0.57254684
36193,0.34635955
36194,0.42201838
36195,0.6411088
36196,0.06638383
36197,0.4573538
36198,0.31733048
36199,0.63755685
36200,0.32127845
36201,0.52961475
36202,0.39374685
36203,0.4732347
36204,0.21205433
36205,0.49703047
36206,0.22883965
36207,0.49052957
36208,0.6548401
36209,0.3231216
36210,0.66486686
36211,0.4866953
36212,0.39608178
36213,0.22056115
36214,0.7027139
36215,0.56981754
36216,0.46639705
36217,0.17062356
36218,0.4707567
36219,0.4425015
36220,0.39064756
36221,0.16356039
36222,0.6761833
36223,0.55802673
36224,0.2860262
36225,0.3374059
36226,0.46597528
36227,0.26760307
36228,0.3639322
36229,0.47855905
36230,0.40237817
36231,0.4299407
36232,0.4623759
36233,0.21257812
36234,0.36910006
36235,0.36049756
36236,0.51650274
36237,0.46798456
36238,0.5234554
36239,0.19038425
36240,0.3580178
36241,0.5374182
36242,0.28176236
36243,0.34499258
36244,0.3759073
36245,0.50649977
36246,0.5050613
36247,0.38433832
36248,0.33956113
36249,0.31129283
36250,0.5426631
36251,0.33206335
36252,0.38670844
36253,0.3656833
36254,0.14699565
36255,0.17765313
36256,0.20618413
36257,0.37834266
36258,0.24014223
36259,0.38933337
36260,0.29809257
36261,0.5224542
36262,0.2096437
36263,0.59011257
36264,0.50270116
36265,0.4096225
36266,0.29772592
36267,0.58954406
36268,0.3560816
36269,0.27407065
36270,0.2989654
36271,0.23159371
36272,0.30609304
36273,0.46649888
36274,0.41555864
36275,0.53253376
36276,0.47229782
36277,0.42244923
36278,0.39662412
36279,0.42678806
36280,0.32952228
36281,0.4820704
36282,0.55736077
36283,0.5181901
36284,0.41753638
36285,0.37037832
36286,0.45162386
36287,0.5466259
36288,0.38097978
36289,0.46624324
36290,0.37491387
36291,0.2781977
36292,0.47664854
36293,0.46339735
36294,0.25094718
36295,0.24942964
36296,0.33866814
36297,0.40605465
36298,0.48464596
36299,0.2957008
36300,0.091258116
36301,0.5693256
36302,0.6565011
36303,0.21871084
36304,0.43195328
36305,0.67233086
36306,0.41713506
36307,0.29246622
36308,0.39105827
36309,0.36579108
36310,0.2013597
36311,0.6043929
36312,0.5865755
36313,0.5212761
36314,0.20221321
36315,0.3132034
36316,0.4144522
36317,0.3265308
36318,0.44223076
36319,0.34844813
36320,0.5477238
36321,0.5560826
36322,0.3138794
36323,0.43955213
36324,0.52651215
36325,0.3962569
36326,0.5058334
36327,0.48855245
36328,0.41074744
36329,0.39584908
36330,0.41516697
36331,0.40545818
36332,0.65821666
36333,0.5133784
36334,0.22373216
36335,0.3205015
36336,0.37964743
36337,0.6235655
36338,0.47983357
36339,0.56462044
36340,0.4393418
36341,0.39573982
36342,0.31734776
36343,0.5958195
36344,0.16827667
36345,0.43229955
36346,0.44948715
36347,0.36713856
36348,0.40697372
36349,0.52451026
36350,0.5458719
36351,0.3791776
36352,0.18799554
36353,0.4488659
36354,0.46011305
36355,0.41629285
36356,0.2117567
36357,0.55455947
36358,0.53184724
36359,0.11760932
36360,0.29349813
36361,0.42719585
36362,0.35899842
36363,0.41087356
36364,0.3692844
36365,0.45960876
36366,0.59293574
36367,0.31614578
36368,0.5817415
36369,0.33298814
36370,0.46829388
36371,0.48832393
36372,0.53728455
36373,0.48207626
36374,0.45232326
36375,0.36142945
36376,0.2016212
36377,0.6118172
36378,0.5161033
36379,0.42142645
36380,0.5303525
36381,0.4760598
36382,0.27162936
36383,0.6239721
36384,0.31288722
36385,0.6430158
36386,0.29270464
36387,0.40257236
36388,0.27654362
36389,0.44000825
36390,0.32774323
36391,0.6277812
36392,0.4867939
36393,0.59405226
36394,0.5535004
36395,0.44838542
36396,0.519453
36397,0.2040545
36398,0.40469903
36399,0.4403112
36400,0.37671417
36401,0.33289602
36402,0.51862264
36403,0.29345796
36404,0.29925054
36405,0.46372196
36406,0.49490523
36407,0.4718877
36408,0.3142154
36409,0.22234395
36410,0.43839842
36411,0.36712044
36412,0.5476951
36413,0.17406303
36414,0.6644155
36415,0.394978
36416,0.5582836
36417,0.3307268
36418,0.2980766
36419,0.2996518
36420,0.53103304
36421,0.43587908
36422,0.40171584
36423,0.43658733
36424,0.38734242
36425,0.53607196
36426,0.39224884
36427,0.51732683
36428,0.45927137
36429,0.46281004
36430,0.2828802
36431,0.40026408
36432,0.33442333
36433,0.29152524
36434,0.52050346
36435,0.31736332
36436,0.4743839
36437,0.36071277
36438,0.55169916
36439,0.37100258
36440,0.4616121
36441,0.6952449
36442,0.40557194
36443,0.27946112
36444,0.34166202
36445,0.570101
36446,0.45333976
36447,0.4413898
36448,0.5671914
36449,0.31551057
36450,0.3928142
36451,0.4940442
36452,0.3176016
36453,0.54392666
36454,0.34106433
36455,0.5037785
36456,0.45125616
36457,0.34078506
36458,0.19627336
36459,0.48703778
36460,0.48493952
36461,0.44741628
36462,0.33196732
36463,0.28355327
36464,0.1877902
36465,0.34127897
36466,0.46960622
36467,0.5074372
36468,0.42297637
36469,0.5006995
36470,0.21335974
36471,0.47832447
36472,0.36845636
36473,0.6025896
36474,0.52792513
36475,0.23097087
36476,0.5791719
36477,0.42418802
36478,0.291075
36479,0.4167202
36480,0.5478394
36481,0.5383601
36482,0.5514184
36483,0.33104512
36484,0.22722064
36485,0.27480772
36486,0.5122124
36487,0.3035782
36488,0.68825597
36489,0.2318645
36490,0.19807608
36491,0.48777148
36492,0.37877202
36493,0.5230249
36494,0.4518954
36495,0.1022386
36496,0.49809575
36497,0.5182317
36498,0.45083067
36499,0.41706565
36500,0.38083097
36501,0.49242613
36502,0.4214389
36503,0.38209763
36504,0.4798912
36505,0.32251427
36506,0.4234486
36507,0.4148708
36508,0.4508385
36509,0.39869076
36510,0.269311
36511,0.25900847
36512,0.31770465
36513,0.34723946
36514,0.28035012
36515,0.22640388
36516,0.24973254
36517,0.3892939
36518,0.3751897
36519,0.5997952
36520,0.5296097
36521,0.16492657
36522,0.39154398
36523,0.42168355
36524,0.24341252
36525,0.58621365
36526,0.4717545
36527,0.34606314
36528,0.52390164
36529,0.5110818
36530,0.42141062
36531,0.41054887
36532,0.47799242
36533,0.5153438
36534,0.45878688
36535,0.43825302
36536,0.40244934
36537,0.6038139
36538,0.40920687
36539,0.5698672
36540,0.36819527
36541,0.55531317
36542,0.3803706
36543,0.6001081
36544,0.37648943
36545,0.4872337
36546,0.4785881
36547,0.42831472
36548,0.46867067
36549,0.43545362
36550,0.29788908
36551,0.4279878
36552,0.47168005
36553,0.30188593
36554,0.5017431
36555,0.41635433
36556,0.3355322
36557,0.3799147
36558,0.26822713
36559,0.28346726
36560,0.5241045
36561,0.55387914
36562,0.48659593
36563,0.44058177
36564,0.3984597
36565,0.33360866
36566,0.5015228
36567,0.31414768
36568,0.42770112
36569,0.48201355
36570,0.4577736
36571,0.55121475
36572,0.3737224
36573,0.7907255
36574,0.6116438
36575,0.43725866
36576,0.4707543
36577,0.40153727
36578,0.53989816
36579,0.25375494
36580,0.50218725
36581,0.49086896
36582,0.41367775
36583,0.3835603
36584,0.32043704
36585,0.342362
36586,0.38615325
36587,0.42587042
36588,0.321038
36589,0.5923339
36590,0.56356406
36591,0.6316882
36592,0.68373656
36593,0.16558237
36594,0.26674148
36595,0.25580925
36596,0.39788222
36597,0.45159137
36598,0.44200808
36599,0.31743553
36600,0.52036256
36601,0.4610687
36602,0.3058485
36603,0.43448135
36604,0.4101825
36605,0.41118065
36606,0.4676581
36607,0.44008324
36608,0.30319062
36609,0.2841224
36610,0.51472914
36611,0.34126183
36612,0.3909224
36613,0.367226
36614,0.6083646
36615,0.36345994
36616,0.35552725
36617,0.46808028
36618,0.35785452
36619,0.26229346
36620,0.19028474
36621,0.4527364
36622,0.47635734
36623,0.44489446
36624,0.63044596
36625,0.3017631
36626,0.12841107
36627,0.6857705
36628,0.36386552
36629,0.27634487
36630,0.28502947
36631,0.46169162
36632,0.42390138
36633,0.38864988
36634,0.63702756
36635,0.38429725
36636,0.48339975
36637,0.20554888
36638,0.6630669
36639,0.4215624
36640,0.5087024
36641,0.47794852
36642,0.4017547
36643,0.50528705
36644,0.4838557
36645,0.397781
36646,0.41063586
36647,0.47916022
36648,0.4938672
36649,0.52531964
36650,0.5332888
36651,0.30251265
36652,0.36817217
36653,0.3189195
36654,0.19045593
36655,0.595131
36656,0.60500616
36657,0.6556725
36658,0.42029175
36659,0.2961456
36660,0.52680737
36661,0.36822698
36662,0.46218053
36663,0.5152708
36664,0.3577364
36665,0.30770305
36666,0.53444886
36667,0.18737957
36668,0.48622093
36669,0.31994742
36670,0.34193188
36671,0.5397849
36672,0.3112096
36673,0.33270755
36674,0.5108012
36675,0.37333247
36676,0.71979487
36677,0.5402709
36678,0.55629545
36679,0.31470153
36680,0.23786463
36681,0.4680585
36682,0.4028157
36683,0.3216513
36684,0.42398745
36685,0.5663711
36686,0.41037112
36687,0.4972294
36688,0.44394514
36689,0.44284958
36690,0.5898327
36691,0.41539937
36692,0.17154802
36693,0.442904
36694,0.30307543
36695,0.30625528
36696,0.41220453
36697,0.21336316
36698,0.4957757
36699,0.56674117
36700,0.55570954
36701,0.28443685
36702,0.38298467
36703,0.43727043
36704,0.49977985
36705,0.19911447
36706,0.6048781
36707,0.29078668
36708,0.6204542
36709,0.36593983
36710,0.43571267
36711,0.29853442
36712,0.431235
36713,0.40779644
36714,0.34480888
36715,0.41645813
36716,0.45327505
36717,0.42387283
36718,0.39669505
36719,0.4939987
36720,0.38869172
36721,0.6800242
36722,0.3667673
36723,0.6279968
36724,0.41392368
36725,0.42604175
36726,0.6925022
36727,0.41574895
36728,0.52316326
36729,0.45322543
36730,0.5047294
36731,0.29978126
36732,0.41124228
36733,0.47960484
36734,0.5525895
36735,0.5344187
36736,0.4752019
36737,0.43315956
36738,0.44198325
36739,0.6516748
36740,0.4748863
36741,0.39468092
36742,0.49627236
36743,0.3569364
36744,0.5581063
36745,0.36496195
36746,0.5081144
36747,0.15950674
36748,0.4964168
36749,0.44127938
36750,0.46019736
36751,0.2357893
36752,0.57824105
36753,0.29324016
36754,0.68458205
36755,0.24753065
36756,0.3558836
36757,0.5954912
36758,0.5554064
36759,0.26716602
36760,0.103525355
36761,0.5010223
36762,0.35269707
36763,0.2202313
36764,0.26466
36765,0.4673114
36766,0.39088506
36767,0.47828847
36768,0.3211652
36769,0.40253496
36770,0.36954236
36771,0.40371838
36772,0.4141891
36773,0.2811023
36774,0.41093892
36775,0.4613182
36776,0.34557945
36777,0.4406554
36778,0.6104946
36779,0.61680204
36780,0.3400097
36781,0.43286577
36782,0.44492674
36783,0.33742446
36784,0.74547255
36785,0.49063727
36786,0.37790117
36787,0.31378886
36788,0.49612692
36789,0.42566893
36790,0.5261131
36791,0.38768744
36792,0.4566401
36793,0.43677545
36794,0.2813958
36795,0.5381758
36796,0.34027103
36797,0.50741047
36798,0.23979734
36799,0.38316905
36800,0.35162595
36801,0.6012437
36802,0.45824793
36803,0.42883804
36804,0.6633092
36805,0.43140042
36806,0.48185733
36807,0.6855942
36808,0.4844624
36809,0.46702522
36810,0.5660456
36811,0.65058726
36812,0.29601204
36813,0.49897286
36814,0.42228636
36815,0.38466987
36816,0.44080374
36817,0.37227175
36818,0.58250046
36819,0.4208822
36820,0.5246582
36821,0.40503395
36822,0.4114747
36823,0.43585494
36824,0.3894638
36825,0.44796962
36826,0.46437165
36827,0.3403003
36828,0.27620098
36829,0.4320628
36830,0.30824322
36831,0.56800723
36832,0.47449255
36833,0.4158586
36834,0.56403315
36835,0.4933922
36836,0.4757746
36837,0.22298168
36838,0.49993283
36839,0.44788292
36840,0.41086462
36841,0.46875945
36842,0.40678185
36843,0.3979198
36844,0.38329363
36845,0.68327963
36846,0.3493699
36847,0.22589235
36848,0.28278396
36849,0.6285789
36850,0.30859768
36851,0.3227768
36852,0.4883744
36853,0.53098357
36854,0.42150608
36855,0.31487784
36856,0.3615139
36857,0.35438663
36858,0.43554196
36859,0.5064641
36860,0.5964719
36861,0.30427852
36862,0.2458139
36863,0.30928484
36864,0.34531593
36865,0.33208087
36866,0.31966248
36867,0.27325362
36868,0.48429874
36869,0.542903
36870,0.5130903
36871,0.3893598
36872,0.511849
36873,0.45338532
36874,0.31767482
36875,0.40400773
36876,0.35453427
36877,0.2613548
36878,0.5162539
36879,0.44907308
36880,0.43278724
36881,0.37855482
36882,0.31973127
36883,0.3572856
36884,0.20306236
36885,0.51870996
36886,0.63532454
36887,0.45972532
36888,0.43743688
36889,0.6029278
36890,0.36821294
36891,0.45232394
36892,0.6952212
36893,0.46095327
36894,0.20714405
36895,0.54870397
36896,0.31604084
36897,0.4604255
36898,0.7139473
36899,0.3888389
36900,0.34694487
36901,0.40519994
36902,0.49548846
36903,0.52762425
36904,0.42680463
36905,0.53010416
36906,0.4693421
36907,0.33010715
36908,0.32357174
36909,0.4207844
36910,0.50370055
36911,0.19053003
36912,0.31301868
36913,0.5522464
36914,0.39149415
36915,0.3793706
36916,0.3118265
36917,0.3670202
36918,0.30122352
36919,0.35451734
36920,0.34138206
36921,0.38695312
36922,0.2539073
36923,0.33240944
36924,0.4346965
36925,0.35804513
36926,0.49424076
36927,0.37553018
36928,0.60145146
36929,0.54171884
36930,0.4996018
36931,0.51440525
36932,0.450961
36933,0.5128848
36934,0.5328894
36935,0.29062915
36936,0.53774136
36937,0.38005474
36938,0.33792314
36939,0.42351606
36940,0.33520958
36941,0.43390682
36942,0.41743362
36943,0.42236373
36944,0.58731973
36945,0.3377265
36946,0.42792708
36947,0.564541
36948,0.42102587
36949,0.5781046
36950,0.39105418
36951,0.33870637
36952,0.42098358
36953,0.33933532
36954,0.4658023
36955,0.46435663
36956,0.25009283
36957,0.36954722
36958,0.47179216
36959,0.27938986
36960,0.478252
36961,0.6108957
36962,0.5133897
36963,0.22904395
36964,0.35931098
36965,0.38715208
36966,0.31311223
36967,0.416992
36968,0.55166936
36969,0.17491527
36970,0.45980728
36971,0.62660754
36972,0.5113031
36973,0.37240583
36974,0.6359932
36975,0.46639332
36976,0.43058303
36977,0.5152581
36978,0.3206235
36979,0.6550614
36980,0.5366555
36981,0.51681143
36982,0.52902293
36983,0.3881243
36984,0.45454204
36985,0.40651745
36986,0.39438677
36987,0.45099732
36988,0.3678813
36989,0.58986354
36990,0.41308013
36991,0.47659534
36992,0.31233865
36993,0.3340043
36994,0.4429784
36995,0.5808734
36996,0.44375932
36997,0.23394409
36998,0.5307209
36999,0.42260978
37000,0.44217184
37001,0.28659624
37002,0.6123517
37003,0.32899454
37004,0.69644594
37005,0.17077
37006,0.4500752
37007,0.39656958
37008,0.40979266
37009,0.37342644
37010,0.44775468
37011,0.39222208
37012,0.42838374
37013,0.38669503
37014,0.45824745
37015,0.42743436
37016,0.5298615
37017,0.47912076
37018,0.5085566
37019,0.19007143
37020,0.44123417
37021,0.6680495
37022,0.36601406
37023,0.521683
37024,0.36367995
37025,0.44097382
37026,0.59453344
37027,0.3287721
37028,0.214476
37029,0.35913593
37030,0.46226335
37031,0.59591895
37032,0.5100247
37033,0.17688675
37034,0.27811423
37035,0.36590055
37036,0.36602953
37037,0.22114837
37038,0.15654574
37039,0.40395364
37040,0.49695426
37041,0.41561353
37042,0.29708946
37043,0.6541628
37044,0.44928446
37045,0.3826151
37046,0.7007161
37047,0.2985562
37048,0.38741225
37049,0.40672177
37050,0.64010024
37051,0.4651148
37052,0.35021982
37053,0.59220463
37054,0.5312396
37055,0.33395064
37056,0.5275827
37057,0.22995068
37058,0.4723225
37059,0.21371524
37060,0.39467964
37061,0.45107085
37062,0.40984023
37063,0.32521468
37064,0.41849485
37065,0.693366
37066,0.38993
37067,0.5826913
37068,0.34131724
37069,0.38037398
37070,0.21385828
37071,0.5144316
37072,0.51284844
37073,0.25357625
37074,0.51593494
37075,0.5313845
37076,0.5190376
37077,0.5200454
37078,0.5049184
37079,0.47845456
37080,0.36882865
37081,0.3449073
37082,0.27796257
37083,0.49149647
37084,0.35132167
37085,0.20315564
37086,0.35688025
37087,0.39501902
37088,0.44593778
37089,0.2259103
37090,0.5407561
37091,0.25976345
37092,0.10494136
37093,0.3919369
37094,0.4478526
37095,0.41074497
37096,0.5606151
37097,0.250289
37098,0.34478545
37099,0.37504107
37100,0.5083569
37101,0.5515013
37102,0.34666532
37103,0.25493956
37104,0.26037532
37105,0.45279253
37106,0.56677
37107,0.48949084
37108,0.3536814
37109,0.6533085
37110,0.48664978
37111,0.15471433
37112,0.5637068
37113,0.19489013
37114,0.35113
37115,0.5659835
37116,0.5392675
37117,0.6101136
37118,0.45722204
37119,0.3611256
37120,0.4917598
37121,0.5728402
37122,0.36526108
37123,0.4000386
37124,0.4046081
37125,0.6392593
37126,0.26960176
37127,0.54111886
37128,0.23775816
37129,0.37568322
37130,0.46428487
37131,0.5206195
37132,0.3498291
37133,0.48890176
37134,0.592932
37135,0.3403708
37136,0.2646653
37137,0.4103144
37138,0.5271389
37139,0.40899697
37140,0.49842918
37141,0.43450475
37142,0.5695279
37143,0.35891053
37144,0.14028376
37145,0.5052729
37146,0.41504866
37147,0.55310804
37148,0.32724273
37149,0.32263094
37150,0.3791898
37151,0.38057446
37152,0.6128414
37153,0.31347805
37154,0.6508552
37155,0.5747746
37156,0.13099857
37157,0.32333025
37158,0.49217036
37159,0.1770976
37160,0.30825895
37161,0.45045814
37162,0.30529886
37163,0.41183445
37164,0.42278668
37165,0.31094182
37166,0.24944192
37167,0.3349282
37168,0.47033408
37169,0.4948462
37170,0.46802777
37171,0.24883093
37172,0.17464039
37173,0.6559962
37174,0.41538817
37175,0.2835354
37176,0.45552266
37177,0.5202439
37178,0.2875854
37179,0.5130101
37180,0.546692
37181,0.49111226
37182,0.3601173
37183,0.42468166
37184,0.39360607
37185,0.47885147
37186,0.39556545
37187,0.31339014
37188,0.45219168
37189,0.28648221
37190,0.48236793
37191,0.29368797
37192,0.5300831
37193,0.5618891
37194,0.6127223
37195,0.40701222
37196,0.44456428
37197,0.5787936
37198,0.42756185
37199,0.4633428
37200,0.5824066
37201,0.50382036
37202,0.67267936
37203,0.34514004
37204,0.3760059
37205,0.37671787
37206,0.22532625
37207,0.22914211
37208,0.49165595
37209,0.47715738
37210,0.3819107
37211,0.41114068
37212,0.5024554
37213,0.29061928
37214,0.19449538
37215,0.38331756
37216,0.43296203
37217,0.3358431
37218,0.6426012
37219,0.5278138
37220,0.360069
37221,0.2861973
37222,0.5058691
37223,0.41118282
37224,0.3999219
37225,0.748107
37226,0.47062287
37227,0.27070484
37228,0.380207
37229,0.3902716
37230,0.54725784
37231,0.40502512
37232,0.51538444
37233,0.66896296
37234,0.3238022
37235,0.45460486
37236,0.4984444
37237,0.49813658
37238,0.5710366
37239,0.4129395
37240,0.35281292
37241,0.5967548
37242,0.32075438
37243,0.6264386
37244,0.33861428
37245,0.23194556
37246,0.22655816
37247,0.66805476
37248,0.52914083
37249,0.32915598
37250,0.37503222
37251,0.37998265
37252,0.31198403
37253,0.23559006
37254,0.43364862
37255,0.39326632
37256,0.5513207
37257,0.48880664
37258,0.41307727
37259,0.3735298
37260,0.346143
37261,0.31547725
37262,0.42375422
37263,0.28426933
37264,0.33131194
37265,0.5313664
37266,0.46068278
37267,0.3430949
37268,0.36887428
37269,0.3423527
37270,0.48501372
37271,0.51074415
37272,0.3133896
37273,0.5189526
37274,0.45985213
37275,0.43232483
37276,0.42295942
37277,0.31779045
37278,0.520621
37279,0.44468114
37280,0.35159063
37281,0.40011132
37282,0.5650465
37283,0.50445324
37284,0.3514444
37285,0.31877947
37286,0.16494566
37287,0.38524488
37288,0.3728697
37289,0.43980655
37290,0.32742402
37291,0.17665847
37292,0.475639
37293,0.6123866
37294,0.4539328
37295,0.4953945
37296,0.4549034
37297,0.38109553
37298,0.521113
37299,0.45818952
37300,0.47557423
37301,0.41846976
37302,0.44163975
37303,0.46130762
37304,0.3486467
37305,0.2802701
37306,0.6212342
37307,0.44082254
37308,0.39875594
37309,0.5634525
37310,0.36228895
37311,0.5677418
37312,0.46174967
37313,0.6510862
37314,0.29965183
37315,0.13970037
37316,0.47446534
37317,0.23866823
37318,0.41521457
37319,0.14545986
37320,0.4908549
37321,0.59158635
37322,0.510017
37323,0.44387364
37324,0.4382227
37325,0.50124234
37326,0.57277507
37327,0.5669584
37328,0.5223284
37329,0.50112736
37330,0.4726887
37331,0.5215926
37332,0.45857745
37333,0.48483145
37334,0.4187818
37335,0.3496418
37336,0.4329457
37337,0.64215845
37338,0.43333974
37339,0.09604556
37340,0.486573
37341,0.5378503
37342,0.45173118
37343,0.30626896
37344,0.17130333
37345,0.44972226
37346,0.15173757
37347,0.40358675
37348,0.35229602
37349,0.40591002
37350,0.3064524
37351,0.3280641
37352,0.48223194
37353,0.25509167
37354,0.4421669
37355,0.48424762
37356,0.43812072
37357,0.30161422
37358,0.5839278
37359,0.42664713
37360,0.39665484
37361,0.25655833
37362,0.29611027
37363,0.7144129
37364,0.2483875
37365,0.40284538
37366,0.2777652
37367,0.40105173
37368,0.5210289
37369,0.6015852
37370,0.5174358
37371,0.1404993
37372,0.6198785
37373,0.20654008
37374,0.49619588
37375,0.6176667
37376,0.48379865
37377,0.64766383
37378,0.5852226
37379,0.07452298
37380,0.35740837
37381,0.3206485
37382,0.4470481
37383,0.34758332
37384,0.5165359
37385,0.5406585
37386,0.603488
37387,0.32484102
37388,0.35537776
37389,0.4654621
37390,0.40477848
37391,0.5009506
37392,0.5466203
37393,0.4183475
37394,0.33084667
37395,0.3359486
37396,0.1883554
37397,0.60444695
37398,0.55095166
37399,0.4716222
37400,0.52132446
37401,0.5759109
37402,0.33840966
37403,0.6059796
37404,0.39120007
37405,0.46494216
37406,0.575242
37407,0.51611257
37408,0.35803968
37409,0.46327856
37410,0.35450765
37411,0.51154965
37412,0.36789742
37413,0.7192906
37414,0.51868945
37415,0.27001044
37416,0.5372105
37417,0.5176149
37418,0.4698889
37419,0.6014476
37420,0.26719505
37421,0.37061456
37422,0.50096136
37423,0.40026942
37424,0.28778607
37425,0.40415177
37426,0.6750964
37427,0.657233
37428,0.48496413
37429,0.38637853
37430,0.6119259
37431,0.5947905
37432,0.30986425
37433,0.2346949
37434,0.5022939
37435,0.5653923
37436,0.44900548
37437,0.4458256
37438,0.24737407
37439,0.47524628
37440,0.5726598
37441,0.5395173
37442,0.59273165
37443,0.44762835
37444,0.53856874
37445,0.43289885
37446,0.5219721
37447,0.46218017
37448,0.60058874
37449,0.46457618
37450,0.39295387
37451,0.42851302
37452,0.2783443
37453,0.31162736
37454,0.43713608
37455,0.4501891
37456,0.43566856
37457,0.4823808
37458,0.50966
37459,0.3461169
37460,0.35871378
37461,0.32992318
37462,0.42561683
37463,0.39868176
37464,0.40202126
37465,0.2971222
37466,0.36785936
37467,0.32529354
37468,0.21639566
37469,0.6212318
37470,0.4574426
37471,0.47086447
37472,0.3727482
37473,0.14921743
37474,0.23811103
37475,0.550295
37476,0.37105513
37477,0.5068782
37478,0.609838
37479,0.6877501
37480,0.35002154
37481,0.13577124
37482,0.46974012
37483,0.50883645
37484,0.43903396
37485,0.3466666
37486,0.39407566
37487,0.2268684
37488,0.47750068
37489,0.4402882
37490,0.33809662
37491,0.37584358
37492,0.184675
37493,0.32423988
37494,0.26890707
37495,0.56318873
37496,0.22629288
37497,0.59766465
37498,0.3424973
37499,0.39451694
37500,0.5493564
37501,0.6017765
37502,0.42153105
37503,0.5012779
37504,0.32255045
37505,0.37294587
37506,0.3640885
37507,0.44216713
37508,0.28249013
37509,0.3949742
37510,0.4165657
37511,0.39223567
37512,0.39669675
37513,0.30362257
37514,0.38289627
37515,0.55661386
37516,0.46445647
37517,0.4171433
37518,0.085312165
37519,0.6099474
37520,0.17171037
37521,0.3268491
37522,0.5430762
37523,0.44102937
37524,0.6297906
37525,0.591948
37526,0.5451581
37527,0.4288722
37528,0.51363736
37529,0.61097234
37530,0.5345989
37531,0.6884688
37532,0.29391378
37533,0.4379692
37534,0.46601078
37535,0.14797315
37536,0.6168103
37537,0.31407344
37538,0.20859344
37539,0.5787623
37540,0.3469553
37541,0.5463714
37542,0.62954676
37543,0.48994976
37544,0.50779384
37545,0.555853
37546,0.59442806
37547,0.4967984
37548,0.3955495
37549,0.28295606
37550,0.4459109
37551,0.38958275
37552,0.23677562
37553,0.2713491
37554,0.35043436
37555,0.35639182
37556,0.4333616
37557,0.3865275
37558,0.39815706
37559,0.28112903
37560,0.5205974
37561,0.42040452
37562,0.40965235
37563,0.50832295
37564,0.42220846
37565,0.34998637
37566,0.31407484
37567,0.3508573
37568,0.60901093
37569,0.34626272
37570,0.43875465
37571,0.50326943
37572,0.690952
37573,0.34053963
37574,0.59419405
37575,0.5403846
37576,0.34961233
37577,0.35294947
37578,0.59542185
37579,0.5336325
37580,0.40669742
37581,0.3340325
37582,0.5426915
37583,0.46033958
37584,0.50899154
37585,0.33357164
37586,0.4800582
37587,0.4349304
37588,0.42338318
37589,0.58372897
37590,0.31362215
37591,0.3570084
37592,0.45752612
37593,0.22315991
37594,0.18325672
37595,0.2839003
37596,0.41596562
37597,0.37489036
37598,0.44215813
37599,0.4483355
37600,0.33279628
37601,0.5798374
37602,0.354743
37603,0.3089229
37604,0.58040386
37605,0.46097124
37606,0.47816008
37607,0.3140676
37608,0.38433793
37609,0.5243129
37610,0.57788765
37611,0.33860767
37612,0.31268147
37613,0.4898987
37614,0.4050292
37615,0.4326965
37616,0.3874963
37617,0.3596533
37618,0.44370028
37619,0.37486908
37620,0.5132059
37621,0.45532316
37622,0.6089676
37623,0.1893288
37624,0.21539703
37625,0.56079566
37626,0.37213898
37627,0.32793385
37628,0.6072769
37629,0.33088607
37630,0.6773208
37631,0.43806252
37632,0.5246518
37633,0.35079128
37634,0.49935275
37635,0.25443166
37636,0.39844018
37637,0.39417246
37638,0.52380264
37639,0.47737852
37640,0.27455366
37641,0.27870065
37642,0.44690168
37643,0.22774525
37644,0.41118
37645,0.4211384
37646,0.25511092
37647,0.5860432
37648,0.38873675
37649,0.5152131
37650,0.56930834
37651,0.17343777
37652,0.45289755
37653,0.18507974
37654,0.45657647
37655,0.30407655
37656,0.6146137
37657,0.22380577
37658,0.5160178
37659,0.478908
37660,0.5124702
37661,0.31519842
37662,0.544527
37663,0.5321183
37664,0.45769292
37665,0.58483356
37666,0.7038986
37667,0.5380208
37668,0.28135067
37669,0.65470654
37670,0.3948123
37671,0.1232744
37672,0.33313507
37673,0.105206475
37674,0.32278857
37675,0.665327
37676,0.3139248
37677,0.25318167
37678,0.21347769
37679,0.36834973
37680,0.36007607
37681,0.23449205
37682,0.49623743
37683,0.33562067
37684,0.61412543
37685,0.574321
37686,0.30144617
37687,0.5875814
37688,0.4130644
37689,0.3648881
37690,0.67998844
37691,0.43872896
37692,0.5707452
37693,0.32257876
37694,0.43192077
37695,0.4729061
37696,0.42583114
37697,0.50987315
37698,0.39482823
37699,0.18992788
37700,0.60924214
37701,0.64660364
37702,0.46877003
37703,0.42281112
37704,0.5656881
37705,0.24701902
37706,0.5361791
37707,0.3391673
37708,0.4334534
37709,0.3308503
37710,0.48738188
37711,0.5428178
37712,0.25233617
37713,0.35963467
37714,0.3307533
37715,0.36906672
37716,0.478979
37717,0.17643829
37718,0.47970417
37719,0.3218627
37720,0.68938106
37721,0.607415
37722,0.23173518
37723,0.37313038
37724,0.45976004
37725,0.5722851
37726,0.34491518
37727,0.36506894
37728,0.5515017
37729,0.39509407
37730,0.4621514
37731,0.5268982
37732,0.44933823
37733,0.39009959
37734,0.2834082
37735,0.23617904
37736,0.49862412
37737,0.44228858
37738,0.33314446
37739,0.23404476
37740,0.43991902
37741,0.37911355
37742,0.41417608
37743,0.27372238
37744,0.38561577
37745,0.36947873
37746,0.39026
37747,0.6156948
37748,0.43564057
37749,0.3856871
37750,0.30192897
37751,0.46639156
37752,0.35642472
37753,0.3977383
37754,0.32186773
37755,0.5759117
37756,0.69256514
37757,0.3877919
37758,0.27743864
37759,0.4643943
37760,0.32695892
37761,0.5646035
37762,0.3975012
37763,0.3960939
37764,0.33706495
37765,0.43251973
37766,0.46525422
37767,0.3852551
37768,0.6002989
37769,0.38498664
37770,0.4446664
37771,0.4504176
37772,0.22869267
37773,0.5737288
37774,0.4486185
37775,0.5019172
37776,0.21406037
37777,0.4720207
37778,0.1803429
37779,0.58443874
37780,0.2847935
37781,0.47531855
37782,0.29288962
37783,0.43851992
37784,0.39557382
37785,0.3873123
37786,0.3972893
37787,0.2623579
37788,0.35768357
37789,0.42164457
37790,0.5138913
37791,0.39583164
37792,0.595977
37793,0.2614605
37794,0.44586816
37795,0.7415605
37796,0.30570543
37797,0.6068763
37798,0.29821146
37799,0.33212426
37800,0.5421605
37801,0.38221908
37802,0.32115746
37803,0.42688864
37804,0.47332424
37805,0.59645605
37806,0.47846144
37807,0.12080313
37808,0.5346186
37809,0.29233575
37810,0.37372503
37811,0.42383814
37812,0.56767434
37813,0.3667603
37814,0.15189789
37815,0.5026051
37816,0.58187306
37817,0.30072656
37818,0.28246787
37819,0.3725495
37820,0.48250023
37821,0.5589719
37822,0.3200631
37823,0.55008554
37824,0.39804187
37825,0.5471213
37826,0.643189
37827,0.45228317
37828,0.51549655
37829,0.31620213
37830,0.15314992
37831,0.3327704
37832,0.2708581
37833,0.12944539
37834,0.5136774
37835,0.4271877
37836,0.45354447
37837,0.35058692
37838,0.5948214
37839,0.47445267
37840,0.41011024
37841,0.42311564
37842,0.28107125
37843,0.33432582
37844,0.49896747
37845,0.14209893
37846,0.4169478
37847,0.4084845
37848,0.47730497
37849,0.5338762
37850,0.46954986
37851,0.39914885
37852,0.571495
37853,0.24252646
37854,0.46537346
37855,0.16451073
37856,0.52140766
37857,0.25742048
37858,0.52738637
37859,0.6876376
37860,0.41829872
37861,0.53966624
37862,0.77149117
37863,0.37184748
37864,0.5164649
37865,0.60802543
37866,0.24887317
37867,0.33301568
37868,0.2744106
37869,0.4475693
37870,0.5428046
37871,0.11753667
37872,0.49559948
37873,0.3858692
37874,0.60783696
37875,0.5523607
37876,0.5732721
37877,0.14391236
37878,0.093545154
37879,0.31287682
37880,0.45475855
37881,0.5333202
37882,0.34825018
37883,0.4782564
37884,0.6462645
37885,0.49814343
37886,0.19093019
37887,0.40357032
37888,0.19678438
37889,0.41257507
37890,0.4241802
37891,0.47753337
37892,0.44712734
37893,0.61812276
37894,0.42962542
37895,0.31079572
37896,0.41631228
37897,0.72684306
37898,0.2708509
37899,0.14425433
37900,0.49386778
37901,0.46881294
37902,0.52451456
37903,0.44542977
37904,0.4406263
37905,0.26867226
37906,0.35298166
37907,0.459225
37908,0.45438448
37909,0.45641062
37910,0.3068414
37911,0.11064448
37912,0.55122817
37913,0.16376002
37914,0.6200231
37915,0.40375218
37916,0.6570648
37917,0.33604592
37918,0.35321787
37919,0.5569397
37920,0.24140151
37921,0.45939147
37922,0.32467777
37923,0.4758832
37924,0.4208745
37925,0.66794235
37926,0.61298764
37927,0.52060163
37928,0.3254281
37929,0.6145867
37930,0.46568218
37931,0.37356287
37932,0.60289
37933,0.14014924
37934,0.63422817
37935,0.27499306
37936,0.25907838
37937,0.41801712
37938,0.113069095
37939,0.58769816
37940,0.51413745
37941,0.6456411
37942,0.24117653
37943,0.47605392
37944,0.42409065
37945,0.120548785
37946,0.47131312
37947,0.42367768
37948,0.5057086
37949,0.5515771
37950,0.37212148
37951,0.4528657
37952,0.49637568
37953,0.41985133
37954,0.54531294
37955,0.5750883
37956,0.37711337
37957,0.43409118
37958,0.5375188
37959,0.21935208
37960,0.52532727
37961,0.15389988
37962,0.31810507
37963,0.21253443
37964,0.33943126
37965,0.3895925
37966,0.46322283
37967,0.41855705
37968,0.4179568
37969,0.38285694
37970,0.31868464
37971,0.40321282
37972,0.42727473
37973,0.29604915
37974,0.37664858
37975,0.30996543
37976,0.31453702
37977,0.5556701
37978,0.64905393
37979,0.30597627
37980,0.46444213
37981,0.34058243
37982,0.32951906
37983,0.46859145
37984,0.20327212
37985,0.28441364
37986,0.46504658
37987,0.5133488
37988,0.54432553
37989,0.5121438
37990,0.6803015
37991,0.50251496
37992,0.29497504
37993,0.23991984
37994,0.40707806
37995,0.572012
37996,0.5340327
37997,0.41450727
37998,0.490561
37999,0.52374846
38000,0.29190803
38001,0.5683429
38002,0.47546402
38003,0.52941954
38004,0.39376983
38005,0.5101126
38006,0.3891913
38007,0.30074406
38008,0.5999239
38009,0.362647
38010,0.66289043
38011,0.47469205
38012,0.28307223
38013,0.5922053
38014,0.27112415
38015,0.46893618
38016,0.40909407
38017,0.52413183
38018,0.44302943
38019,0.4080515
38020,0.26766172
38021,0.6133891
38022,0.38650304
38023,0.468849
38024,0.33582255
38025,0.2719933
38026,0.30265224
38027,0.4113408
38028,0.2334179
38029,0.6732696
38030,0.31733316
38031,0.30318522
38032,0.24301836
38033,0.5107017
38034,0.23419008
38035,0.42619002
38036,0.6236606
38037,0.36888024
38038,0.24848458
38039,0.46895832
38040,0.33495468
38041,0.3754459
38042,0.6304749
38043,0.59652615
38044,0.5796096
38045,0.6958687
38046,0.5146363
38047,0.32831708
38048,0.2552984
38049,0.28903466
38050,0.6010088
38051,0.25663888
38052,0.3815994
38053,0.3204211
38054,0.4780594
38055,0.30048117
38056,0.17249171
38057,0.418299
38058,0.41110945
38059,0.35303345
38060,0.24658974
38061,0.37811977
38062,0.28708163
38063,0.5081558
38064,0.40615734
38065,0.3135571
38066,0.6421526
38067,0.305227
38068,0.37759343
38069,0.25622463
38070,0.43890348
38071,0.30566138
38072,0.31488773
38073,0.43070272
38074,0.45954227
38075,0.6094699
38076,0.45809063
38077,0.34535334
38078,0.38454625
38079,0.37330207
38080,0.49647075
38081,0.40615574
38082,0.43429667
38083,0.4245026
38084,0.4750532
38085,0.363163
38086,0.5324334
38087,0.32653213
38088,0.56953776
38089,0.38987637
38090,0.33664206
38091,0.33798507
38092,0.45867985
38093,0.4077647
38094,0.41657275
38095,0.47268498
38096,0.3883697
38097,0.3920204
38098,0.27065325
38099,0.3251392
38100,0.48895603
38101,0.49946466
38102,0.41230944
38103,0.48474795
38104,0.35515448
38105,0.5064269
38106,0.38392588
38107,0.59085554
38108,0.48922592
38109,0.30450648
38110,0.35685596
38111,0.42949554
38112,0.331372
38113,0.4395922
38114,0.44210023
38115,0.6861758
38116,0.38847032
38117,0.32630783
38118,0.5003928
38119,0.20614628
38120,0.40323547
38121,0.2682871
38122,0.25438982
38123,0.21628433
38124,0.31728986
38125,0.31350863
38126,0.46194872
38127,0.35263345
38128,0.6025379
38129,0.49098796
38130,0.45891246
38131,0.3711269
38132,0.32858205
38133,0.43520194
38134,0.39845553
38135,0.41364092
38136,0.35167715
38137,0.2016511
38138,0.55876315
38139,0.33815634
38140,0.5136427
38141,0.4587316
38142,0.43710518
38143,0.49673733
38144,0.3005265
38145,0.5739834
38146,0.28410032
38147,0.6003209
38148,0.3846778
38149,0.60282546
38150,0.16957471
38151,0.54148316
38152,0.59330505
38153,0.21785043
38154,0.43949005
38155,0.42368308
38156,0.25176033
38157,0.63161093
38158,0.5169025
38159,0.45216247
38160,0.37613413
38161,0.6611675
38162,0.33928648
38163,0.42385456
38164,0.5430724
38165,0.64484596
38166,0.41873795
38167,0.6026272
38168,0.43883416
38169,0.41836292
38170,0.51261455
38171,0.2536216
38172,0.2812985
38173,0.4812765
38174,0.3292731
38175,0.3581894
38176,0.41828448
38177,0.5306755
38178,0.50631213
38179,0.3790041
38180,0.3226345
38181,0.49246353
38182,0.35029945
38183,0.48445043
38184,0.43499103
38185,0.46832263
38186,0.3197673
38187,0.50857055
38188,0.51060426
38189,0.49079344
38190,0.44924375
38191,0.3738522
38192,0.5066011
38193,0.2840097
38194,0.28271225
38195,0.4455424
38196,0.53430504
38197,0.35982254
38198,0.5068946
38199,0.45361334
38200,0.27349246
38201,0.5476487
38202,0.51634216
38203,0.3057824
38204,0.41636288
38205,0.7156684
38206,0.28269684
38207,0.32498857
38208,0.3046661
38209,0.5261009
38210,0.33176512
38211,0.24017425
38212,0.34247485
38213,0.39695257
38214,0.28950655
38215,0.39178666
38216,0.5930235
38217,0.39308912
38218,0.49771807
38219,0.6282282
38220,0.09708679
38221,0.15641078
38222,0.3226431
38223,0.34835815
38224,0.4803486
38225,0.30050713
38226,0.4078614
38227,0.740379
38228,0.37385923
38229,0.3487802
38230,0.4329389
38231,0.6329369
38232,0.3436972
38233,0.27599725
38234,0.69740206
38235,0.3791586
38236,0.417705
38237,0.40094775
38238,0.586368
38239,0.4978166
38240,0.4345912
38241,0.20143916
38242,0.28039184
38243,0.31221527
38244,0.21846631
38245,0.46335363
38246,0.5617949
38247,0.523613
38248,0.35339335
38249,0.43278962
38250,0.43268618
38251,0.38914013
38252,0.53732294
38253,0.40081954
38254,0.3628656
38255,0.55404603
38256,0.43071043
38257,0.21892932
38258,0.48194116
38259,0.32174486
38260,0.48473424
38261,0.23499052
38262,0.49650565
38263,0.14345606
38264,0.28491145
38265,0.14654058
38266,0.39230973
38267,0.29232347
38268,0.4492761
38269,0.59972405
38270,0.4355369
38271,0.32554132
38272,0.31270793
38273,0.3580214
38274,0.62998855
38275,0.372659
38276,0.30654052
38277,0.525091
38278,0.585166
38279,0.43410608
38280,0.62570024
38281,0.4840136
38282,0.19384356
38283,0.337821
38284,0.55175906
38285,0.2346225
38286,0.39515728
38287,0.507324
38288,0.34254938
38289,0.3311822
38290,0.5916888
38291,0.47979647
38292,0.4153518
38293,0.25476196
38294,0.46730182
38295,0.49984473
38296,0.23741145
38297,0.25038508
38298,0.4852336
38299,0.30432543
38300,0.28912976
38301,0.47591493
38302,0.3795031
38303,0.3039912
38304,0.23035084
38305,0.39192018
38306,0.61002004
38307,0.48511732
38308,0.65270954
38309,0.44763106
38310,0.332783
38311,0.42784604
38312,0.32180622
38313,0.48049188
38314,0.56424856
38315,0.4462088
38316,0.5856776
38317,0.59442014
38318,0.45521098
38319,0.5409006
38320,0.44414032
38321,0.36266762
38322,0.5088586
38323,0.2272742
38324,0.4129841
38325,0.7202326
38326,0.3278825
38327,0.49064967
38328,0.5164321
38329,0.4549419
38330,0.28330836
38331,0.39109325
38332,0.17652895
38333,0.46314827
38334,0.1954395
38335,0.38323277
38336,0.5723886
38337,0.61291414
38338,0.36654416
38339,0.47433168
38340,0.38234374
38341,0.40333927
38342,0.54756945
38343,0.39638153
38344,0.34770647
38345,0.62354165
38346,0.26098955
38347,0.286855
38348,0.43581876
38349,0.45741078
38350,0.37758818
38351,0.6184755
38352,0.35203788
38353,0.48886678
38354,0.30968598
38355,0.5689573
38356,0.3371768
38357,0.52062017
38358,0.32298893
38359,0.28994957
38360,0.3235385
38361,0.29164892
38362,0.43163425
38363,0.227853
38364,0.5902708
38365,0.3225881
38366,0.36792302
38367,0.5837241
38368,0.39115733
38369,0.54240596
38370,0.3936028
38371,0.49542755
38372,0.35776496
38373,0.45769447
38374,0.23677322
38375,0.5378935
38376,0.4179006
38377,0.36632872
38378,0.27390158
38379,0.24715114
38380,0.5138245
38381,0.41812935
38382,0.37510157
38383,0.4428167
38384,0.4063107
38385,0.5336107
38386,0.5409792
38387,0.38805124
38388,0.45807558
38389,0.64854544
38390,0.58310694
38391,0.35257483
38392,0.38771743
38393,0.4761116
38394,0.3600962
38395,0.34757337
38396,0.3223064
38397,0.38353598
38398,0.5272057
38399,0.43159872
38400,0.5225583
38401,0.49220416
38402,0.084183566
38403,0.4094156
38404,0.40232468
38405,0.55961883
38406,0.40621266
38407,0.45073804
38408,0.48612827
38409,0.45035315
38410,0.50360817
38411,0.32744247
38412,0.65636826
38413,0.569469
38414,0.4930546
38415,0.44182837
38416,0.34321845
38417,0.33702675
38418,0.35421622
38419,0.32422602
38420,0.4289204
38421,0.51283455
38422,0.32051468
38423,0.2796756
38424,0.52312493
38425,0.29903984
38426,0.37349162
38427,0.5138482
38428,0.5423646
38429,0.2892943
38430,0.4736323
38431,0.43965256
38432,0.2844427
38433,0.32924798
38434,0.5413094
38435,0.41409746
38436,0.4871152
38437,0.59059757
38438,0.61691767
38439,0.52453417
38440,0.40430924
38441,0.5443338
38442,0.39833552
38443,0.17562318
38444,0.7026382
38445,0.36429214
38446,0.3398472
38447,0.47872806
38448,0.329279
38449,0.49423754
38450,0.16944538
38451,0.21784298
38452,0.4549943
38453,0.26429763
38454,0.7539562
38455,0.46324247
38456,0.38771287
38457,0.5889698
38458,0.6281181
38459,0.4572101
38460,0.44788402
38461,0.4663972
38462,0.40433785
38463,0.39876884
38464,0.41219652
38465,0.30987218
38466,0.55224276
38467,0.41548026
38468,0.40405834
38469,0.60017323
38470,0.34038112
38471,0.38474736
38472,0.49628687
38473,0.38778424
38474,0.651819
38475,0.5562294
38476,0.2820975
38477,0.3730338
38478,0.28679904
38479,0.4853396
38480,0.65955603
38481,0.39204416
38482,0.5092689
38483,0.55387026
38484,0.63837224
38485,0.34533846
38486,0.43764573
38487,0.39818496
38488,0.39768472
38489,0.25621173
38490,0.24037597
38491,0.74049145
38492,0.5215285
38493,0.2483714
38494,0.51418275
38495,0.65229905
38496,0.39659396
38497,0.3600377
38498,0.27843705
38499,0.4372281
38500,0.58975816
38501,0.16043219
38502,0.26220232
38503,0.42979547
38504,0.30011833
38505,0.30206588
38506,0.54954654
38507,0.25795794
38508,0.40110925
38509,0.3965369
38510,0.31730476
38511,0.44664088
38512,0.39264318
38513,0.38163704
38514,0.62143195
38515,0.36011562
38516,0.49489284
38517,0.49942178
38518,0.5318075
38519,0.35396487
38520,0.29420096
38521,0.4039559
38522,0.30626434
38523,0.5153888
38524,0.29144794
38525,0.47209463
38526,0.4577557
38527,0.39935932
38528,0.35577846
38529,0.32675448
38530,0.54913324
38531,0.3984688
38532,0.34764653
38533,0.4589433
38534,0.3715853
38535,0.4257544
38536,0.5465969
38537,0.37462282
38538,0.35935718
38539,0.72634715
38540,0.39298186
38541,0.27476802
38542,0.26156327
38543,0.26803204
38544,0.37755665
38545,0.49292487
38546,0.5723147
38547,0.34566137
38548,0.41100883
38549,0.289376
38550,0.35858345
38551,0.49002656
38552,0.24869165
38553,0.4766011
38554,0.5334362
38555,0.51748806
38556,0.4618835
38557,0.27082264
38558,0.23929055
38559,0.7322945
38560,0.5638256
38561,0.5387128
38562,0.5596164
38563,0.26916617
38564,0.43590653
38565,0.33433723
38566,0.5290873
38567,0.31472725
38568,0.44346127
38569,0.5982123
38570,0.5642538
38571,0.44538796
38572,0.4899471
38573,0.4394883
38574,0.37272465
38575,0.4177229
38576,0.47215882
38577,0.43890727
38578,0.43067428
38579,0.23608032
38580,0.58291215
38581,0.31063554
38582,0.19839488
38583,0.39200196
38584,0.5544006
38585,0.3218419
38586,0.33831787
38587,0.25597507
38588,0.42619237
38589,0.4609102
38590,0.4630153
38591,0.37316418
38592,0.46147427
38593,0.61758065
38594,0.6554324
38595,0.32934752
38596,0.3945405
38597,0.47671518
38598,0.65910465
38599,0.5103895
38600,0.3710432
38601,0.2987063
38602,0.28768122
38603,0.38581628
38604,0.23049243
38605,0.34139156
38606,0.26383826
38607,0.49371994
38608,0.33891642
38609,0.4319061
38610,0.48322544
38611,0.38579133
38612,0.67620724
38613,0.38185444
38614,0.33045608
38615,0.37044817
38616,0.5431702
38617,0.45761862
38618,0.14231789
38619,0.3267424
38620,0.5285283
38621,0.36030462
38622,0.24967338
38623,0.6780184
38624,0.2595135
38625,0.13746588
38626,0.18565182
38627,0.4361233
38628,0.50165755
38629,0.41578743
38630,0.33445588
38631,0.46945623
38632,0.40488163
38633,0.31222817
38634,0.62001085
38635,0.32880983
38636,0.53714967
38637,0.66708237
38638,0.556306
38639,0.29685184
38640,0.26713833
38641,0.4305377
38642,0.33312485
38643,0.49717623
38644,0.6023159
38645,0.44234186
38646,0.43381
38647,0.33627477
38648,0.3457036
38649,0.4742957
38650,0.19027898
38651,0.6374109
38652,0.44183823
38653,0.36044234
38654,0.48005942
38655,0.5325429
38656,0.41985077
38657,0.22479974
38658,0.48460048
38659,0.38631064
38660,0.350404
38661,0.26982826
38662,0.48437032
38663,0.445608
38664,0.28818762
38665,0.34116662
38666,0.43015444
38667,0.37034246
38668,0.18723191
38669,0.2945295
38670,0.6333152
38671,0.5585028
38672,0.46889764
38673,0.116914004
38674,0.68395567
38675,0.517012
38676,0.45141244
38677,0.3741803
38678,0.39672744
38679,0.3862962
38680,0.31690472
38681,0.5997582
38682,0.56089646
38683,0.20494743
38684,0.39445752
38685,0.25439128
38686,0.548784
38687,0.60408413
38688,0.4218166
38689,0.40261936
38690,0.24955536
38691,0.42987958
38692,0.38475165
38693,0.46601328
38694,0.33418745
38695,0.553073
38696,0.25346532
38697,0.42500192
38698,0.42624936
38699,0.3034287
38700,0.40799582
38701,0.48028392
38702,0.3729587
38703,0.42564154
38704,0.29885477
38705,0.3576165
38706,0.24007815
38707,0.20848568
38708,0.48326743
38709,0.4857252
38710,0.394393
38711,0.45866537
38712,0.53506863
38713,0.44960317
38714,0.4842019
38715,0.4327951
38716,0.35135832
38717,0.43107387
38718,0.624939
38719,0.54123217
38720,0.5707489
38721,0.49150765
38722,0.55334145
38723,0.41015977
38724,0.21486187
38725,0.40444866
38726,0.3323149
38727,0.52583396
38728,0.41391274
38729,0.24182774
38730,0.4447155
38731,0.17586122
38732,0.56653416
38733,0.501323
38734,0.26341024
38735,0.35952064
38736,0.29043004
38737,0.30350623
38738,0.5145707
38739,0.29165375
38740,0.46632674
38741,0.36812297
38742,0.5228904
38743,0.32610163
38744,0.23649259
38745,0.3198269
38746,0.4050145
38747,0.5502537
38748,0.3477201
38749,0.29637748
38750,0.23750077
38751,0.35018682
38752,0.53472805
38753,0.5740012
38754,0.52156824
38755,0.37518832
38756,0.50109804
38757,0.38039878
38758,0.3379614
38759,0.38267815
38760,0.44116297
38761,0.46813005
38762,0.45270744
38763,0.32142892
38764,0.53624403
38765,0.46060175
38766,0.49019668
38767,0.34906515
38768,0.478433
38769,0.46512532
38770,0.24619165
38771,0.38517168
38772,0.30374163
38773,0.6655044
38774,0.37540942
38775,0.4712719
38776,0.36948082
38777,0.43520492
38778,0.28797448
38779,0.5379413
38780,0.59835714
38781,0.1764054
38782,0.5464068
38783,0.47806284
38784,0.19384724
38785,0.48088896
38786,0.27590185
38787,0.3845901
38788,0.47279048
38789,0.6340331
38790,0.39555326
38791,0.48739737
38792,0.32488474
38793,0.46106312
38794,0.251964
38795,0.25279236
38796,0.23368706
38797,0.07516632
38798,0.3543268
38799,0.44501993
38800,0.3577321
38801,0.47840104
38802,0.4213502
38803,0.4474084
38804,0.33762997
38805,0.49596938
38806,0.56449395
38807,0.4876402
38808,0.60476106
38809,0.37361217
38810,0.53040785
38811,0.3641856
38812,0.38103592
38813,0.35472876
38814,0.33664003
38815,0.41474384
38816,0.6226798
38817,0.3306134
38818,0.4142813
38819,0.35783735
38820,0.29808438
38821,0.42039713
38822,0.62934124
38823,0.2398279
38824,0.3275365
38825,0.5835092
38826,0.52560306
38827,0.56003195
38828,0.48079443
38829,0.363866
38830,0.5867084
38831,0.4928385
38832,0.34071013
38833,0.4366938
38834,0.3621717
38835,0.4677501
38836,0.47599545
38837,0.3230163
38838,0.53459924
38839,0.4903671
38840,0.28218004
38841,0.47321764
38842,0.40324542
38843,0.5751267
38844,0.45666414
38845,0.61730516
38846,0.40141758
38847,0.26795363
38848,0.53207237
38849,0.4364355
38850,0.4058033
38851,0.28742108
38852,0.45250055
38853,0.54926723
38854,0.38304034
38855,0.43764347
38856,0.42369813
38857,0.52887905
38858,0.33429074
38859,0.37677878
38860,0.4712321
38861,0.22417441
38862,0.40538523
38863,0.5040153
38864,0.3218776
38865,0.5102306
38866,0.38280654
38867,0.6193115
38868,0.5412169
38869,0.16372186
38870,0.2681985
38871,0.5269243
38872,0.5170155
38873,0.42645374
38874,0.41752937
38875,0.33024597
38876,0.42802408
38877,0.4108264
38878,0.34000364
38879,0.21086836
38880,0.5200487
38881,0.52431303
38882,0.45053557
38883,0.5393275
38884,0.5936223
38885,0.45770517
38886,0.45057568
38887,0.44618386
38888,0.5897227
38889,0.5108937
38890,0.42167503
38891,0.5890659
38892,0.4624087
38893,0.5475295
38894,0.4220967
38895,0.5447794
38896,0.5274352
38897,0.4597609
38898,0.31419715
38899,0.34391966
38900,0.2955247
38901,0.55953246
38902,0.5148099
38903,0.32049304
38904,0.2667758
38905,0.32208645
38906,0.37798762
38907,0.5645895
38908,0.39987156
38909,0.3671549
38910,0.51911926
38911,0.32140037
38912,0.4992834
38913,0.32912427
38914,0.2632056
38915,0.36534813
38916,0.5691117
38917,0.3598277
38918,0.29646137
38919,0.1948968
38920,0.45356727
38921,0.52803004
38922,0.28276896
38923,0.4898752
38924,0.31262672
38925,0.4484162
38926,0.27085552
38927,0.42785835
38928,0.49165905
38929,0.60436076
38930,0.3277864
38931,0.2500901
38932,0.5391635
38933,0.5916766
38934,0.20877503
38935,0.5179213
38936,0.47180882
38937,0.62901115
38938,0.32975972
38939,0.5079785
38940,0.5390207
38941,0.41440654
38942,0.55490625
38943,0.64116335
38944,0.42883834
38945,0.4430315
38946,0.42845958
38947,0.5209317
38948,0.45173058
38949,0.42946124
38950,0.19900317
38951,0.482935
38952,0.49600798
38953,0.28393885
38954,0.52520376
38955,0.24231993
38956,0.23795393
38957,0.5404622
38958,0.5267274
38959,0.43028182
38960,0.50065404
38961,0.56683534
38962,0.4212216
38963,0.35808158
38964,0.19671752
38965,0.33050528
38966,0.56457347
38967,0.52544034
38968,0.56099266
38969,0.6494044
38970,0.41658062
38971,0.4914975
38972,0.36602673
38973,0.32286343
38974,0.21504858
38975,0.33005503
38976,0.5087481
38977,0.33609363
38978,0.46906593
38979,0.43823913
38980,0.41394812
38981,0.5233649
38982,0.46412846
38983,0.23524107
38984,0.62629616
38985,0.26766792
38986,0.43511713
38987,0.5412993
38988,0.4846761
38989,0.29854685
38990,0.33982566
38991,0.2193768
38992,0.56312764
38993,0.35337886
38994,0.45068282
38995,0.29136914
38996,0.2581636
38997,0.45630714
38998,0.45169556
38999,0.37040448
39000,0.44899333
39001,0.4376672
39002,0.44207555
39003,0.4320789
39004,0.41689003
39005,0.5451831
39006,0.2549153
39007,0.5547478
39008,0.38854188
39009,0.49527842
39010,0.45914483
39011,0.4222347
39012,0.42404246
39013,0.22352295
39014,0.7439424
39015,0.30969778
39016,0.4834898
39017,0.34811497
39018,0.54161316
39019,0.5486657
39020,0.59363407
39021,0.46497014
39022,0.313125
39023,0.47534773
39024,0.32549262
39025,0.42157292
39026,0.36578044
39027,0.48919716
39028,0.42532948
39029,0.57054293
39030,0.2925351
39031,0.5009694
39032,0.40432405
39033,0.24091499
39034,0.08497385
39035,0.45024732
39036,0.3586925
39037,0.50893956
39038,0.3874919
39039,0.37987348
39040,0.39316317
39041,0.36044475
39042,0.37370205
39043,0.4522425
39044,0.39446783
39045,0.19062255
39046,0.43374044
39047,0.60416114
39048,0.3175839
39049,0.46926954
39050,0.4831642
39051,0.4127701
39052,0.3442567
39053,0.5400399
39054,0.6349273
39055,0.57667184
39056,0.4309722
39057,0.6275327
39058,0.4487009
39059,0.3893318
39060,0.43234396
39061,0.29671827
39062,0.4257238
39063,0.4797608
39064,0.38499132
39065,0.40326318
39066,0.49329233
39067,0.3495067
39068,0.34617862
39069,0.24298617
39070,0.64197177
39071,0.4008026
39072,0.66281104
39073,0.36975583
39074,0.4705707
39075,0.47463372
39076,0.35876718
39077,0.42041662
39078,0.45910627
39079,0.36194712
39080,0.4796616
39081,0.47211748
39082,0.42825258
39083,0.50933915
39084,0.61719996
39085,0.61274254
39086,0.55323434
39087,0.6943035
39088,0.6140386
39089,0.44628763
39090,0.72649765
39091,0.5529922
39092,0.6443999
39093,0.5147994
39094,0.50818866
39095,0.3941237
39096,0.23646003
39097,0.16879044
39098,0.36657697
39099,0.30572113
39100,0.3016804
39101,0.51763386
39102,0.54251784
39103,0.4269534
39104,0.34517482
39105,0.5454206
39106,0.37513757
39107,0.6216026
39108,0.56634957
39109,0.48390907
39110,0.40748146
39111,0.5101234
39112,0.4513244
39113,0.30774498
39114,0.6224407
39115,0.350679
39116,0.4271127
39117,0.45432255
39118,0.43486336
39119,0.3636782
39120,0.3349351
39121,0.17310703
39122,0.26746586
39123,0.53317577
39124,0.28694147
39125,0.35551196
39126,0.54780906
39127,0.37820938
39128,0.5188059
39129,0.34702724
39130,0.18124019
39131,0.62031245
39132,0.5767342
39133,0.19138633
39134,0.35899276
39135,0.3331118
39136,0.12390028
39137,0.5150896
39138,0.27043158
39139,0.30508238
39140,0.35640138
39141,0.32924458
39142,0.5328284
39143,0.37282145
39144,0.38157892
39145,0.38846427
39146,0.3112696
39147,0.34896764
39148,0.53177524
39149,0.5435987
39150,0.18833625
39151,0.44223025
39152,0.4911972
39153,0.39722165
39154,0.44022042
39155,0.32950127
39156,0.28616557
39157,0.428912
39158,0.4484489
39159,0.56950766
39160,0.31293404
39161,0.46535075
39162,0.5332602
39163,0.5359772
39164,0.41055465
39165,0.48666343
39166,0.3784236
39167,0.36850423
39168,0.40928832
39169,0.38438216
39170,0.3537538
39171,0.5462733
39172,0.4849743
39173,0.38362992
39174,0.47686866
39175,0.5100765
39176,0.31524253
39177,0.3496435
39178,0.47810355
39179,0.42877108
39180,0.4346565
39181,0.53935754
39182,0.27355736
39183,0.286911
39184,0.44501388
39185,0.4333402
39186,0.34920976
39187,0.51758754
39188,0.4506646
39189,0.4144457
39190,0.36347684
39191,0.3127112
39192,0.46520168
39193,0.46787706
39194,0.38778147
39195,0.23832752
39196,0.59130335
39197,0.5203355
39198,0.41744986
39199,0.4686393
39200,0.41382432
39201,0.3572367
39202,0.59659535
39203,0.5128623
39204,0.34528473
39205,0.5752688
39206,0.47677207
39207,0.29899305
39208,0.6235044
39209,0.49171472
39210,0.5635383
39211,0.51025593
39212,0.6019882
39213,0.22904322
39214,0.47476217
39215,0.57148767
39216,0.63392663
39217,0.42442778
39218,0.30084404
39219,0.43810314
39220,0.27175316
39221,0.5085477
39222,0.43696862
39223,0.41798493
39224,0.3967794
39225,0.671921
39226,0.06629749
39227,0.5328372
39228,0.3238141
39229,0.44950527
39230,0.54659736
39231,0.3742175
39232,0.41489527
39233,0.5411805
39234,0.5306695
39235,0.3093223
39236,0.33567545
39237,0.62139153
39238,0.43718746
39239,0.5139691
39240,0.58574325
39241,0.2733464
39242,0.5635996
39243,0.49676275
39244,0.24512865
39245,0.53464276
39246,0.37488168
39247,0.4771087
39248,0.20023304
39249,0.58019984
39250,0.32787693
39251,0.4747712
39252,0.3935589
39253,0.5773253
39254,0.526779
39255,0.56029576
39256,0.270717
39257,0.40491232
39258,0.28771147
39259,0.29282525
39260,0.61020845
39261,0.23888953
39262,0.5982708
39263,0.42918563
39264,0.3528962
39265,0.43286014
39266,0.22616656
39267,0.4164341
39268,0.31660348
39269,0.50156325
39270,0.4890387
39271,0.31883466
39272,0.6696224
39273,0.44209772
39274,0.5431955
39275,0.24237423
39276,0.42667708
39277,0.48950455
39278,0.21389765
39279,0.22239321
39280,0.32580113
39281,0.31595537
39282,0.21928799
39283,0.4217581
39284,0.41071326
39285,0.3235445
39286,0.43217987
39287,0.48446345
39288,0.6491369
39289,0.3237538
39290,0.2535108
39291,0.3689774
39292,0.37408376
39293,0.39788818
39294,0.47247124
39295,0.31153965
39296,0.5581819
39297,0.3552612
39298,0.52955407
39299,0.4327677
39300,0.51791435
39301,0.5975126
39302,0.42419675
39303,0.53652143
39304,0.32322446
39305,0.3818134
39306,0.51736253
39307,0.3291944
39308,0.33450335
39309,0.22681302
39310,0.45438552
39311,0.38943648
39312,0.3903119
39313,0.5746063
39314,0.57077634
39315,0.15958719
39316,0.44557193
39317,0.40332755
39318,0.5234827
39319,0.44765958
39320,0.53447926
39321,0.6525663
39322,0.4657426
39323,0.58985025
39324,0.42716363
39325,0.23684761
39326,0.36901325
39327,0.3510813
39328,0.13194029
39329,0.56019396
39330,0.4747962
39331,0.46491838
39332,0.30475906
39333,0.39156786
39334,0.43167326
39335,0.42443722
39336,0.4502972
39337,0.52069044
39338,0.43543145
39339,0.3448281
39340,0.46072894
39341,0.56214654
39342,0.27241334
39343,0.36684918
39344,0.45458162
39345,0.5002472
39346,0.5192095
39347,0.4739334
39348,0.3968637
39349,0.3672009
39350,0.42905173
39351,0.4339248
39352,0.38902938
39353,0.3057203
39354,0.31245673
39355,0.29703975
39356,0.3638649
39357,0.58287185
39358,0.5937009
39359,0.16198987
39360,0.19203302
39361,0.3904917
39362,0.35939813
39363,0.5738284
39364,0.3153745
39365,0.54481214
39366,0.48196098
39367,0.123269506
39368,0.31737304
39369,0.45381898
39370,0.294189
39371,0.3729863
39372,0.49408478
39373,0.40311217
39374,0.41839194
39375,0.43058443
39376,0.47393352
39377,0.47168317
39378,0.33978307
39379,0.5972822
39380,0.31741574
39381,0.26121658
39382,0.38982204
39383,0.40186596
39384,0.4189758
39385,0.4558905
39386,0.6682345
39387,0.25144362
39388,0.45248595
39389,0.47427157
39390,0.45451802
39391,0.33890653
39392,0.67567235
39393,0.21510725
39394,0.40375075
39395,0.5702249
39396,0.6491035
39397,0.48430353
39398,0.338695
39399,0.23023675
39400,0.23850825
39401,0.3743211
39402,0.2900469
39403,0.12494101
39404,0.42456368
39405,0.6456253
39406,0.38245997
39407,0.55669457
39408,0.39296377
39409,0.26397112
39410,0.49094698
39411,0.20577753
39412,0.3912097
39413,0.5681069
39414,0.5026683
39415,0.44564053
39416,0.66812766
39417,0.54273784
39418,0.21002921
39419,0.45186466
39420,0.3630766
39421,0.59896415
39422,0.30351838
39423,0.41315278
39424,0.46797848
39425,0.39709425
39426,0.42805895
39427,0.57102317
39428,0.43205148
39429,0.2608537
39430,0.18794605
39431,0.46440548
39432,0.20266509
39433,0.42082974
39434,0.19861728
39435,0.64782286
39436,0.53559333
39437,0.27753547
39438,0.37970918
39439,0.24337108
39440,0.26072133
39441,0.17445335
39442,0.42533055
39443,0.6067177
39444,0.680245
39445,0.247999
39446,0.4330373
39447,0.6394285
39448,0.4658492
39449,0.41400504
39450,0.37677038
39451,0.52254343
39452,0.3394413
39453,0.5503113
39454,0.66674656
39455,0.4189391
39456,0.43607625
39457,0.3306917
39458,0.39276385
39459,0.4545052
39460,0.39655113
39461,0.37358063
39462,0.32614043
39463,0.5667792
39464,0.34163016
39465,0.57979625
39466,0.4806151
39467,0.3340913
39468,0.4775171
39469,0.49081188
39470,0.20228943
39471,0.5150715
39472,0.38837278
39473,0.35130742
39474,0.43365967
39475,0.37251687
39476,0.5851893
39477,0.31829792
39478,0.41995883
39479,0.69715255
39480,0.3742909
39481,0.45211145
39482,0.47832078
39483,0.13720128
39484,0.35054672
39485,0.54872274
39486,0.30087098
39487,0.5362063
39488,0.4974561
39489,0.526584
39490,0.3301047
39491,0.5922146
39492,0.51111054
39493,0.41621584
39494,0.61017215
39495,0.271729
39496,0.28746343
39497,0.4304121
39498,0.4109333
39499,0.4896019
39500,0.33856103
39501,0.5048502
39502,0.423568
39503,0.4849869
39504,0.25067267
39505,0.63826984
39506,0.6634672
39507,0.28590488
39508,0.26531982
39509,0.38895652
39510,0.41646025
39511,0.48785737
39512,0.3532099
39513,0.46664155
39514,0.6859312
39515,0.37139496
39516,0.48188314
39517,0.40152246
39518,0.6145511
39519,0.36529386
39520,0.6139732
39521,0.24907409
39522,0.57733226
39523,0.44254628
39524,0.5791493
39525,0.5750983
39526,0.3404538
39527,0.39188486
39528,0.40935767
39529,0.25096482
39530,0.46746162
39531,0.4342673
39532,0.26758772
39533,0.4858776
39534,0.3852091
39535,0.44627306
39536,0.5222001
39537,0.3721462
39538,0.43643868
39539,0.42739648
39540,0.37439016
39541,0.25814706
39542,0.49991983
39543,0.49215668
39544,0.46703854
39545,0.3475761
39546,0.4329994
39547,0.50399756
39548,0.5325703
39549,0.53016406
39550,0.6492207
39551,0.45923647
39552,0.26866856
39553,0.35675243
39554,0.37051916
39555,0.4958179
39556,0.48760068
39557,0.37020597
39558,0.51674664
39559,0.4085267
39560,0.37854034
39561,0.4750206
39562,0.4108023
39563,0.25100473
39564,0.497964
39565,0.47459784
39566,0.32924154
39567,0.4483007
39568,0.29179063
39569,0.390346
39570,0.37344158
39571,0.41422987
39572,0.591491
39573,0.49421048
39574,0.5540018
39575,0.43067512
39576,0.5092574
39577,0.2403362
39578,0.41178027
39579,0.4449026
39580,0.28439274
39581,0.48342806
39582,0.26284146
39583,0.5298347
39584,0.31646222
39585,0.0891835
39586,0.30559018
39587,0.4944185
39588,0.4832702
39589,0.4276133
39590,0.2870693
39591,0.45390248
39592,0.3067421
39593,0.39057204
39594,0.54852337
39595,0.50531626
39596,0.5530344
39597,0.38396052
39598,0.3877307
39599,0.36009225
39600,0.45753208
39601,0.4520523
39602,0.54840004
39603,0.48220167
39604,0.5021627
39605,0.41293216
39606,0.54117244
39607,0.51455456
39608,0.35112867
39609,0.3811675
39610,0.7025537
39611,0.4878769
39612,0.44992092
39613,0.32269874
39614,0.6002039
39615,0.43735605
39616,0.26042885
39617,0.39162865
39618,0.31327558
39619,0.3679143
39620,0.39711624
39621,0.4464845
39622,0.18964173
39623,0.5221613
39624,0.6252392
39625,0.2801623
39626,0.35612878
39627,0.4514964
39628,0.40558237
39629,0.4782958
39630,0.5707878
39631,0.3218415
39632,0.36256185
39633,0.40833712
39634,0.39469153
39635,0.64566386
39636,0.43093565
39637,0.37656575
39638,0.12271214
39639,0.52865
39640,0.491949
39641,0.4483766
39642,0.30866843
39643,0.3804084
39644,0.3084068
39645,0.28897455
39646,0.32980663
39647,0.22463511
39648,0.45141515
39649,0.48567703
39650,0.4640973
39651,0.6024182
39652,0.3374163
39653,0.48257816
39654,0.36006138
39655,0.5746518
39656,0.5620731
39657,0.37660256
39658,0.37123924
39659,0.3909237
39660,0.09912003
39661,0.4589373
39662,0.49138734
39663,0.45632738
39664,0.33849278
39665,0.53081983
39666,0.35196775
39667,0.4832648
39668,0.6708287
39669,0.26044425
39670,0.3824888
39671,0.6731181
39672,0.53068465
39673,0.57669294
39674,0.36623743
39675,0.4213496
39676,0.43268305
39677,0.48218927
39678,0.59197736
39679,0.57414055
39680,0.32086688
39681,0.43870613
39682,0.32577989
39683,0.5399015
39684,0.676786
39685,0.25740427
39686,0.3731349
39687,0.42747295
39688,0.62351424
39689,0.6083434
39690,0.29490408
39691,0.3601721
39692,0.49416727
39693,0.2434125
39694,0.33074668
39695,0.5603906
39696,0.3259854
39697,0.35646912
39698,0.53954476
39699,0.41111445
39700,0.6449383
39701,0.3395288
39702,0.3387176
39703,0.6268191
39704,0.46220058
39705,0.58376133
39706,0.4769206
39707,0.3760247
39708,0.3954191
39709,0.36655858
39710,0.47290972
39711,0.41479284
39712,0.56637275
39713,0.5210963
39714,0.39931136
39715,0.34412226
39716,0.4569009
39717,0.290988
39718,0.3885105
39719,0.4917696
39720,0.38986674
39721,0.6734211
39722,0.4059416
39723,0.5177007
39724,0.47310725
39725,0.3222515
39726,0.31250253
39727,0.60008585
39728,0.32225725
39729,0.5274889
39730,0.40904868
39731,0.3873545
39732,0.4081625
39733,0.3303904
39734,0.27313435
39735,0.23882876
39736,0.5247836
39737,0.49880767
39738,0.29937205
39739,0.57199925
39740,0.6102344
39741,0.60541993
39742,0.22725728
39743,0.75463265
39744,0.23674943
39745,0.4874875
39746,0.40150473
39747,0.40940624
39748,0.53518635
39749,0.5630513
39750,0.6368771
39751,0.59543693
39752,0.4671203
39753,0.5716114
39754,0.41527048
39755,0.5792491
39756,0.48558673
39757,0.2952565
39758,0.471229
39759,0.55043936
39760,0.49530393
39761,0.6235076
39762,0.23746395
39763,0.5745987
39764,0.47233015
39765,0.54729414
39766,0.6065769
39767,0.4170109
39768,0.3319195
39769,0.4165766
39770,0.2228694
39771,0.37165055
39772,0.4888752
39773,0.44744214
39774,0.48023546
39775,0.5434392
39776,0.39242792
39777,0.3193583
39778,0.36779714
39779,0.501035
39780,0.43096793
39781,0.2933558
39782,0.3570037
39783,0.47018567
39784,0.42218465
39785,0.55258596
39786,0.49324328
39787,0.5526515
39788,0.60641783
39789,0.6199234
39790,0.60535574
39791,0.25168225
39792,0.40864348
39793,0.4333486
39794,0.59521383
39795,0.4949939
39796,0.49827588
39797,0.458009
39798,0.40351316
39799,0.44541115
39800,0.54661
39801,0.3582887
39802,0.33616075
39803,0.36266762
39804,0.43469217
39805,0.39356467
39806,0.5962406
39807,0.40880388
39808,0.31358835
39809,0.4016368
39810,0.77115184
39811,0.6058138
39812,0.6778742
39813,0.23177747
39814,0.41924217
39815,0.30347463
39816,0.3348885
39817,0.2894869
39818,0.5219264
39819,0.45303655
39820,0.46091926
39821,0.49720287
39822,0.50283307
39823,0.39110544
39824,0.58513814
39825,0.39552703
39826,0.59120876
39827,0.5007244
39828,0.44447523
39829,0.43680474
39830,0.46249935
39831,0.5156241
39832,0.529101
39833,0.3064269
39834,0.08903817
39835,0.38860214
39836,0.5830175
39837,0.1707018
39838,0.55314547
39839,0.22566158
39840,0.43621844
39841,0.30271417
39842,0.4987709
39843,0.5665142
39844,0.3939233
39845,0.47536984
39846,0.28987664
39847,0.2396479
39848,0.27899656
39849,0.3699829
39850,0.45700946
39851,0.4050165
39852,0.6648471
39853,0.27110255
39854,0.5498044
39855,0.37348843
39856,0.5067305
39857,0.6810264
39858,0.5336606
39859,0.5902983
39860,0.3373267
39861,0.3469362
39862,0.20032348
39863,0.529221
39864,0.47391146
39865,0.5828112
39866,0.24166144
39867,0.46862411
39868,0.35740942
39869,0.5596056
39870,0.27556732
39871,0.41052127
39872,0.3805524
39873,0.3256859
39874,0.30422556
39875,0.26147732
39876,0.38733396
39877,0.52894294
39878,0.5764164
39879,0.38881466
39880,0.34470588
39881,0.45937952
39882,0.40136042
39883,0.3884994
39884,0.5501968
39885,0.21871312
39886,0.14544745
39887,0.34099823
39888,0.40888226
39889,0.37656012
39890,0.48734346
39891,0.33355775
39892,0.3892973
39893,0.41526055
39894,0.4927205
39895,0.4096861
39896,0.40543115
39897,0.4577059
39898,0.31575963
39899,0.33261323
39900,0.29817533
39901,0.12554194
39902,0.36681268
39903,0.29087287
39904,0.45679018
39905,0.56941724
39906,0.57134014
39907,0.40543324
39908,0.35239524
39909,0.39487955
39910,0.3122948
39911,0.28138602
39912,0.3928252
39913,0.4069069
39914,0.44655627
39915,0.31536442
39916,0.44298348
39917,0.2582521
39918,0.5212518
39919,0.42517528
39920,0.33790043
39921,0.63348514
39922,0.45858568
39923,0.42870829
39924,0.6924748
39925,0.40367606
39926,0.6099806
39927,0.5604631
39928,0.4625941
39929,0.46816972
39930,0.3767141
39931,0.36639434
39932,0.20304768
39933,0.33460858
39934,0.34511167
39935,0.35616443
39936,0.31201088
39937,0.40679002
39938,0.37574136
39939,0.47909728
39940,0.38302803
39941,0.5663246
39942,0.48921165
39943,0.42178544
39944,0.640249
39945,0.43563834
39946,0.45153782
39947,0.5874173
39948,0.43508375
39949,0.26992226
39950,0.5320552
39951,0.37408134
39952,0.37068036
39953,0.41431051
39954,0.39215523
39955,0.55673856
39956,0.434382
39957,0.46244866
39958,0.10841137
39959,0.2858841
39960,0.4794506
39961,0.6991656
39962,0.585135
39963,0.6032824
39964,0.25678164
39965,0.4278883
39966,0.34425202
39967,0.5353442
39968,0.20748203
39969,0.52443033
39970,0.33646193
39971,0.45175248
39972,0.41978452
39973,0.56826156
39974,0.27051544
39975,0.5477371
39976,0.54112935
39977,0.48077238
39978,0.41635025
39979,0.3594344
39980,0.5005691
39981,0.5058567
39982,0.4362766
39983,0.48096904
39984,0.47743666
39985,0.48245305
39986,0.33732024
39987,0.46799472
39988,0.43484578
39989,0.44007474
39990,0.20460084
39991,0.55529916
39992,0.3114242
39993,0.33811626
39994,0.5382757
39995,0.33777416
39996,0.4050555
39997,0.21145107
39998,0.3134162
39999,0.72271657
40000,0.30091086
40001,0.40132686
40002,0.4022253
40003,0.23718324
40004,0.591124
40005,0.69459134
40006,0.38822207
40007,0.6093784
40008,0.5066651
40009,0.54486537
40010,0.42413843
40011,0.37337658
40012,0.36608738
40013,0.3542712
40014,0.41414556
40015,0.46627903
40016,0.63098913
40017,0.1784903
40018,0.24581872
40019,0.53490835
40020,0.59208363
40021,0.3985764
40022,0.46541938
40023,0.45248976
40024,0.57243365
40025,0.39717877
40026,0.5286382
40027,0.38887733
40028,0.35789207
40029,0.61434346
40030,0.41182944
40031,0.32789046
40032,0.4745746
40033,0.16011935
40034,0.39590368
40035,0.2708121
40036,0.67069155
40037,0.5409057
40038,0.3713704
40039,0.29721564
40040,0.42553103
40041,0.43404388
40042,0.5648589
40043,0.44362378
40044,0.24669616
40045,0.20924236
40046,0.49083978
40047,0.22299998
40048,0.5422914
40049,0.38790402
40050,0.27683094
40051,0.5227469
40052,0.29738504
40053,0.29310444
40054,0.32460997
40055,0.31872237
40056,0.33794206
40057,0.5464016
40058,0.586345
40059,0.15831497
40060,0.30812204
40061,0.59298253
40062,0.3968677
40063,0.5114204
40064,0.35857457
40065,0.55113894
40066,0.52628464
40067,0.40223157
40068,0.47878137
40069,0.35486144
40070,0.31302565
40071,0.4998515
40072,0.30357307
40073,0.53884476
40074,0.26140997
40075,0.5551597
40076,0.51339656
40077,0.27600673
40078,0.50264
40079,0.46589682
40080,0.26523244
40081,0.311792
40082,0.5432099
40083,0.4563055
40084,0.58500385
40085,0.38987714
40086,0.3009022
40087,0.3511418
40088,0.48226744
40089,0.46745542
40090,0.55839914
40091,0.6522165
40092,0.4496268
40093,0.5061985
40094,0.51156116
40095,0.6129073
40096,0.27632013
40097,0.7107464
40098,0.40307292
40099,0.33908835
40100,0.46849775
40101,0.3038698
40102,0.58517504
40103,0.5473793
40104,0.5606147
40105,0.41033483
40106,0.5009741
40107,0.32924992
40108,0.42843223
40109,0.49993527
40110,0.37441012
40111,0.41024008
40112,0.651322
40113,0.7398554
40114,0.3887601
40115,0.2869047
40116,0.51077145
40117,0.32535017
40118,0.32215124
40119,0.44887787
40120,0.3175939
40121,0.44505054
40122,0.6413575
40123,0.4987525
40124,0.49657866
40125,0.5643891
40126,0.1659274
40127,0.4998464
40128,0.48969513
40129,0.5634664
40130,0.47882172
40131,0.5715293
40132,0.6388713
40133,0.5315448
40134,0.31341097
40135,0.48210496
40136,0.49353266
40137,0.34253913
40138,0.42607418
40139,0.48567474
40140,0.32621846
40141,0.5614568
40142,0.6072373
40143,0.23255682
40144,0.46792242
40145,0.7089873
40146,0.10713405
40147,0.29213253
40148,0.32023683
40149,0.48488134
40150,0.30620533
40151,0.33298588
40152,0.4767299
40153,0.3466218
40154,0.43641898
40155,0.5750144
40156,0.3637011
40157,0.37648842
40158,0.4322328
40159,0.38887298
40160,0.32003373
40161,0.4310845
40162,0.67054904
40163,0.55438066
40164,0.2916479
40165,0.3826517
40166,0.46014354
40167,0.23988575
40168,0.47913623
40169,0.4050017
40170,0.39677393
40171,0.28760174
40172,0.33811602
40173,0.7075958
40174,0.44526854
40175,0.5220219
40176,0.4918004
40177,0.39655373
40178,0.36645564
40179,0.2585828
40180,0.45297393
40181,0.3646914
40182,0.3498246
40183,0.39555025
40184,0.3213279
40185,0.37785468
40186,0.43394014
40187,0.7597808
40188,0.44403207
40189,0.44368103
40190,0.46561357
40191,0.40623042
40192,0.6178531
40193,0.533188
40194,0.40425414
40195,0.48266414
40196,0.47310522
40197,0.5187153
40198,0.4852442
40199,0.57493556
40200,0.56374
40201,0.50320023
40202,0.46041527
40203,0.19906758
40204,0.35194504
40205,0.27032498
40206,0.48909745
40207,0.37921166
40208,0.35011795
40209,0.41875836
40210,0.5076173
40211,0.2975718
40212,0.42772633
40213,0.3023781
40214,0.38491938
40215,0.44549432
40216,0.5478845
40217,0.33515164
40218,0.35975096
40219,0.42619202
40220,0.62409073
40221,0.54957116
40222,0.42788482
40223,0.28676793
40224,0.64555144
40225,0.13966598
40226,0.44027376
40227,0.4078254
40228,0.3519837
40229,0.2151512
40230,0.37042582
40231,0.53642124
40232,0.4513964
40233,0.50121224
40234,0.30061084
40235,0.63843805
40236,0.5931294
40237,0.3602332
40238,0.5323394
40239,0.3291753
40240,0.37115175
40241,0.4020854
40242,0.42429692
40243,0.7178691
40244,0.37042475
40245,0.20792647
40246,0.53369886
40247,0.36348075
40248,0.23943923
40249,0.5327469
40250,0.31652892
40251,0.3995117
40252,0.27864924
40253,0.39661872
40254,0.49261448
40255,0.4745961
40256,0.47118604
40257,0.3866743
40258,0.5643724
40259,0.4812104
40260,0.28675193
40261,0.52414364
40262,0.4142221
40263,0.2846393
40264,0.43046635
40265,0.5652686
40266,0.56627345
40267,0.6172039
40268,0.2370868
40269,0.6714328
40270,0.5198545
40271,0.35695475
40272,0.34231916
40273,0.47952384
40274,0.43347713
40275,0.46933562
40276,0.5135481
40277,0.35470504
40278,0.37825596
40279,0.20886146
40280,0.33826986
40281,0.4097416
40282,0.46389666
40283,0.5144472
40284,0.40256757
40285,0.33739
40286,0.54810166
40287,0.27718982
40288,0.41203642
40289,0.45592165
40290,0.3696384
40291,0.3559386
40292,0.56964576
40293,0.42801788
40294,0.506539
40295,0.39489412
40296,0.24638295
40297,0.3869572
40298,0.4271033
40299,0.3965072
40300,0.47214139
40301,0.2828494
40302,0.49151286
40303,0.57157254
40304,0.29109737
40305,0.49899596
40306,0.4982626
40307,0.2835084
40308,0.43682557
40309,0.2479643
40310,0.46450818
40311,0.36687776
40312,0.35827732
40313,0.53927094
40314,0.20779124
40315,0.38086045
40316,0.4448938
40317,0.26175988
40318,0.2539822
40319,0.31596023
40320,0.46714184
40321,0.3401075
40322,0.5069481
40323,0.6749913
40324,0.2612888
40325,0.4341328
40326,0.40338293
40327,0.4635051
40328,0.41206586
40329,0.57149595
40330,0.30127943
40331,0.41130507
40332,0.5559758
40333,0.5480252
40334,0.55686307
40335,0.42690885
40336,0.60536575
40337,0.2528582
40338,0.5606577
40339,0.23815562
40340,0.2872405
40341,0.27949256
40342,0.6017312
40343,0.61321634
40344,0.6480572
40345,0.4962736
40346,0.62737787
40347,0.58442414
40348,0.41060984
40349,0.55458283
40350,0.5582683
40351,0.23677151
40352,0.2165005
40353,0.49667558
40354,0.22814001
40355,0.4666484
40356,0.52320606
40357,0.29809743
40358,0.23906557
40359,0.6594064
40360,0.5822993
40361,0.2870298
40362,0.28568488
40363,0.13647155
40364,0.32902312
40365,0.45985124
40366,0.31327772
40367,0.23670219
40368,0.34048173
40369,0.38867486
40370,0.380881
40371,0.44667265
40372,0.53082675
40373,0.3814377
40374,0.3617935
40375,0.6358915
40376,0.3647258
40377,0.41174492
40378,0.3467856
40379,0.34406954
40380,0.26362967
40381,0.22010767
40382,0.50858444
40383,0.19931388
40384,0.47783992
40385,0.53322184
40386,0.5486175
40387,0.2239207
40388,0.43032157
40389,0.49826208
40390,0.3113203
40391,0.45704225
40392,0.15131187
40393,0.41947404
40394,0.54782337
40395,0.37488827
40396,0.45915574
40397,0.5138147
40398,0.41419455
40399,0.30150706
40400,0.35719928
40401,0.51790017
40402,0.533876
40403,0.298325
40404,0.2106515
40405,0.44660163
40406,0.46696797
40407,0.32401496
40408,0.5679783
40409,0.5246657
40410,0.31571603
40411,0.46324483
40412,0.516856
40413,0.5220795
40414,0.5300753
40415,0.4289569
40416,0.5709441
40417,0.42538235
40418,0.32320178
40419,0.53088415
40420,0.5497405
40421,0.5255578
40422,0.36963722
40423,0.3302199
40424,0.38387167
40425,0.5495881
40426,0.33789587
40427,0.2561942
40428,0.5270584
40429,0.26541054
40430,0.3673439
40431,0.4320607
40432,0.33223248
40433,0.45346466
40434,0.5734663
40435,0.21348292
40436,0.37513223
40437,0.47315657
40438,0.34294826
40439,0.18019484
40440,0.4914052
40441,0.45488217
40442,0.42421597
40443,0.63302755
40444,0.5140855
40445,0.616364
40446,0.4378135
40447,0.4248236
40448,0.48766938
40449,0.4820496
40450,0.37370884
40451,0.5016482
40452,0.46680805
40453,0.6632893
40454,0.53689027
40455,0.23228097
40456,0.25473723
40457,0.23719527
40458,0.3776017
40459,0.3347542
40460,0.31392998
40461,0.47352633
40462,0.29719296
40463,0.31850567
40464,0.5021965
40465,0.30529758
40466,0.61102617
40467,0.58591145
40468,0.5020329
40469,0.36884657
40470,0.6474485
40471,0.25186482
40472,0.520741
40473,0.355874
40474,0.53454375
40475,0.16295384
40476,0.32558483
40477,0.58231086
40478,0.3146225
40479,0.64373934
40480,0.24376588
40481,0.54280055
40482,0.43478328
40483,0.5768778
40484,0.33409566
40485,0.4194116
40486,0.5164814
40487,0.21444474
40488,0.29053065
40489,0.3395747
40490,0.5657306
40491,0.48518097
40492,0.19352989
40493,0.49452105
40494,0.32082745
40495,0.39961413
40496,0.4074022
40497,0.3726449
40498,0.21606149
40499,0.47335356
40500,0.61021405
40501,0.41742533
40502,0.57056206
40503,0.42225927
40504,0.6729932
40505,0.6198141
40506,0.6105206
40507,0.53613675
40508,0.3135762
40509,0.529
40510,0.45036864
40511,0.33948892
40512,0.49478567
40513,0.6017199
40514,0.5871344
40515,0.39193946
40516,0.5856096
40517,0.6336746
40518,0.5084915
40519,0.22296163
40520,0.32764024
40521,0.42817658
40522,0.4757029
40523,0.5209257
40524,0.3940085
40525,0.28589466
40526,0.19667889
40527,0.36508667
40528,0.49029282
40529,0.66178215
40530,0.38630563
40531,0.56908923
40532,0.20245117
40533,0.59124374
40534,0.3705836
40535,0.46116662
40536,0.31825536
40537,0.3627613
40538,0.6388445
40539,0.2939971
40540,0.48909828
40541,0.46583933
40542,0.16534749
40543,0.2840983
40544,0.19375578
40545,0.5213421
40546,0.42385313
40547,0.3028473
40548,0.42581353
40549,0.43944004
40550,0.4330172
40551,0.3321314
40552,0.37802804
40553,0.5091887
40554,0.6092192
40555,0.4931296
40556,0.4736523
40557,0.594011
40558,0.630222
40559,0.4705735
40560,0.5018823
40561,0.40638763
40562,0.42950442
40563,0.5910564
40564,0.6678745
40565,0.5594803
40566,0.4425848
40567,0.3422036
40568,0.31213745
40569,0.56270736
40570,0.32368523
40571,0.3721328
40572,0.10560976
40573,0.46680203
40574,0.33741584
40575,0.510556
40576,0.23494121
40577,0.25363874
40578,0.27436063
40579,0.3097908
40580,0.34291244
40581,0.6066582
40582,0.40265244
40583,0.5587567
40584,0.53026956
40585,0.6130886
40586,0.37777966
40587,0.5057862
40588,0.50392926
40589,0.5241869
40590,0.3987485
40591,0.48017937
40592,0.39207062
40593,0.42742965
40594,0.40999353
40595,0.3295963
40596,0.37721112
40597,0.5558641
40598,0.4811493
40599,0.52743447
40600,0.5712531
40601,0.59417176
40602,0.5202907
40603,0.37136552
40604,0.12806073
40605,0.5820544
40606,0.32662407
40607,0.29712504
40608,0.42007947
40609,0.44529727
40610,0.549433
40611,0.5861448
40612,0.47728345
40613,0.513262
40614,0.2913699
40615,0.4309829
40616,0.567645
40617,0.44064674
40618,0.21893583
40619,0.4127486
40620,0.39500397
40621,0.2992613
40622,0.5831452
40623,0.34799796
40624,0.56975985
40625,0.36254284
40626,0.51412296
40627,0.56054735
40628,0.5224515
40629,0.5144709
40630,0.34755933
40631,0.28567022
40632,0.30877966
40633,0.4453491
40634,0.36968863
40635,0.30700886
40636,0.4233588
40637,0.52301407
40638,0.45744908
40639,0.44376647
40640,0.46189988
40641,0.45969307
40642,0.20522703
40643,0.5147753
40644,0.39876503
40645,0.35969427
40646,0.41023666
40647,0.6681724
40648,0.6144065
40649,0.25109413
40650,0.5346223
40651,0.42912325
40652,0.40411517
40653,0.420131
40654,0.33529356
40655,0.17042987
40656,0.40233502
40657,0.5182538
40658,0.39049506
40659,0.6759769
40660,0.2631031
40661,0.37395507
40662,0.3566086
40663,0.39457452
40664,0.5479414
40665,0.35079375
40666,0.334945
40667,0.23509581
40668,0.4657478
40669,0.36461732
40670,0.20834386
40671,0.37184632
40672,0.35767105
40673,0.3960316
40674,0.33392024
40675,0.38214853
40676,0.57737887
40677,0.3910019
40678,0.60694706
40679,0.64661336
40680,0.4735779
40681,0.3831137
40682,0.4683103
40683,0.2863244
40684,0.4748593
40685,0.29798967
40686,0.37375066
40687,0.4802242
40688,0.4317549
40689,0.5957961
40690,0.51935905
40691,0.4501328
40692,0.24843107
40693,0.51914406
40694,0.4264398
40695,0.6239107
40696,0.49605903
40697,0.3700935
40698,0.42767644
40699,0.29593349
40700,0.29526183
40701,0.4473414
40702,0.34531894
40703,0.20915253
40704,0.701541
40705,0.4631642
40706,0.27400875
40707,0.3928737
40708,0.515852
40709,0.48496813
40710,0.54506147
40711,0.66561687
40712,0.5145676
40713,0.44804746
40714,0.5150671
40715,0.533246
40716,0.3859355
40717,0.5313281
40718,0.48989698
40719,0.5008145
40720,0.37868696
40721,0.4094842
40722,0.20530038
40723,0.3336365
40724,0.30608967
40725,0.5680573
40726,0.48464704
40727,0.39904094
40728,0.52013326
40729,0.5513563
40730,0.45591906
40731,0.39538252
40732,0.302989
40733,0.33470607
40734,0.42510927
40735,0.4996381
40736,0.52707464
40737,0.53988206
40738,0.26764867
40739,0.23962577
40740,0.31600624
40741,0.47954544
40742,0.39597565
40743,0.39128643
40744,0.24964264
40745,0.46184027
40746,0.65576255
40747,0.3422972
40748,0.51234865
40749,0.48715034
40750,0.35527852
40751,0.23010029
40752,0.28303146
40753,0.35403353
40754,0.38012213
40755,0.45578846
40756,0.37730247
40757,0.41691867
40758,0.26698646
40759,0.5742152
40760,0.5963211
40761,0.32533124
40762,0.3374397
40763,0.29949015
40764,0.35370645
40765,0.5023442
40766,0.54844975
40767,0.22407062
40768,0.53853536
40769,0.3617208
40770,0.4979147
40771,0.5094983
40772,0.5158075
40773,0.6608741
40774,0.4649155
40775,0.4938118
40776,0.2873126
40777,0.41746297
40778,0.3138601
40779,0.4489608
40780,0.34670937
40781,0.66502273
40782,0.42399624
40783,0.45833015
40784,0.2816552
40785,0.20645283
40786,0.6856823
40787,0.40341413
40788,0.3798291
40789,0.5518077
40790,0.5066158
40791,0.51268905
40792,0.65691197
40793,0.4345004
40794,0.29453313
40795,0.5390317
40796,0.3249508
40797,0.44950035
40798,0.49632517
40799,0.3948889
40800,0.3324002
40801,0.2862087
40802,0.47401536
40803,0.5079074
40804,0.27814892
40805,0.42433795
40806,0.3377913
40807,0.41817862
40808,0.45319596
40809,0.33465314
40810,0.44207218
40811,0.22031738
40812,0.4926308
40813,0.34035447
40814,0.18322293
40815,0.30449045
40816,0.25682357
40817,0.38231614
40818,0.51868063
40819,0.45684242
40820,0.45337868
40821,0.20510852
40822,0.08865902
40823,0.15944664
40824,0.31813774
40825,0.51522714
40826,0.56657755
40827,0.5264944
40828,0.334556
40829,0.3572401
40830,0.47247258
40831,0.30779985
40832,0.6190715
40833,0.4959267
40834,0.60575503
40835,0.5389185
40836,0.20951131
40837,0.5460825
40838,0.30196434
40839,0.36163914
40840,0.46499538
40841,0.36607057
40842,0.5784147
40843,0.3389962
40844,0.4500328
40845,0.3340534
40846,0.5115948
40847,0.53127813
40848,0.38231117
40849,0.28023744
40850,0.29798228
40851,0.44638842
40852,0.39945844
40853,0.53041786
40854,0.5081315
40855,0.27488482
40856,0.6150482
40857,0.40738636
40858,0.5078152
40859,0.5354247
40860,0.065920085
40861,0.4967282
40862,0.46033907
40863,0.22559234
40864,0.41205555
40865,0.36559638
40866,0.19800602
40867,0.47610477
40868,0.35933253
40869,0.26595566
40870,0.38030118
40871,0.3527834
40872,0.32590112
40873,0.55311656
40874,0.3509538
40875,0.30934483
40876,0.40511024
40877,0.45265803
40878,0.46913806
40879,0.30154905
40880,0.4842933
40881,0.28065407
40882,0.49169305
40883,0.3612882
40884,0.5781737
40885,0.35018942
40886,0.4080599
40887,0.3607015
40888,0.45766652
40889,0.37448126
40890,0.37115377
40891,0.2584989
40892,0.5085021
40893,0.3347759
40894,0.3581654
40895,0.413425
40896,0.5882775
40897,0.48249424
40898,0.3592126
40899,0.4546471
40900,0.07326073
40901,0.35892195
40902,0.37130687
40903,0.3818022
40904,0.46536225
40905,0.53275424
40906,0.25954947
40907,0.553408
40908,0.29167685
40909,0.40402454
40910,0.25204808
40911,0.4149327
40912,0.38621557
40913,0.48314428
40914,0.5011774
40915,0.42243007
40916,0.24562901
40917,0.13965844
40918,0.46926484
40919,0.50307465
40920,0.46048746
40921,0.5408254
40922,0.43490908
40923,0.44727996
40924,0.5849549
40925,0.43285394
40926,0.6281444
40927,0.40896523
40928,0.16844381
40929,0.41993418
40930,0.50528413
40931,0.51318944
40932,0.36984143
40933,0.38129017
40934,0.5865211
40935,0.5761934
40936,0.621121
40937,0.16820982
40938,0.52203864
40939,0.5675777
40940,0.26941898
40941,0.44320136
40942,0.38160208
40943,0.44119403
40944,0.49284914
40945,0.2075645
40946,0.2154241
40947,0.4349097
40948,0.38519356
40949,0.39346975
40950,0.36217073
40951,0.34641075
40952,0.3452661
40953,0.2767038
40954,0.3357026
40955,0.4828023
40956,0.7318099
40957,0.63467467
40958,0.42626968
40959,0.25417942
40960,0.10693106
40961,0.5395886
40962,0.23003073
40963,0.5544613
40964,0.4051587
40965,0.38397834
40966,0.4785181
40967,0.4596171
40968,0.5403979
40969,0.48216563
40970,0.50023854
40971,0.49532336
40972,0.31014317
40973,0.4679162
40974,0.32212254
40975,0.4239797
40976,0.45826626
40977,0.42582968
40978,0.570208
40979,0.62908787
40980,0.4380638
40981,0.43386203
40982,0.4861334
40983,0.23819344
40984,0.12712763
40985,0.17990042
40986,0.6741841
40987,0.30708516
40988,0.52382356
40989,0.3112352
40990,0.5162674
40991,0.40017927
40992,0.28985977
40993,0.45161006
40994,0.2912904
40995,0.5442684
40996,0.33550915
40997,0.4834163
40998,0.41966867
40999,0.715428
41000,0.38373366
41001,0.44267336
41002,0.41176483
41003,0.41596872
41004,0.48546556
41005,0.51375896
41006,0.3707773
41007,0.3090737
41008,0.31226867
41009,0.34847087
41010,0.40615773
41011,0.41620573
41012,0.41500306
41013,0.41964793
41014,0.48059627
41015,0.3349544
41016,0.3390073
41017,0.23975793
41018,0.43360496
41019,0.5685445
41020,0.47292754
41021,0.55113107
41022,0.5169823
41023,0.35826993
41024,0.50255746
41025,0.4967758
41026,0.49742058
41027,0.4817
41028,0.5307383
41029,0.58909494
41030,0.55306584
41031,0.5000758
41032,0.18163773
41033,0.4777803
41034,0.6992029
41035,0.3826035
41036,0.48297527
41037,0.4460431
41038,0.45929348
41039,0.68936616
41040,0.2933864
41041,0.40838522
41042,0.362574
41043,0.3507759
41044,0.3587754
41045,0.2900753
41046,0.4491837
41047,0.53240484
41048,0.34843144
41049,0.5648881
41050,0.266553
41051,0.35451233
41052,0.43069038
41053,0.85102916
41054,0.4501637
41055,0.6128086
41056,0.13554475
41057,0.3155813
41058,0.47029632
41059,0.37178174
41060,0.4079928
41061,0.68879676
41062,0.55996436
41063,0.4256581
41064,0.097853
41065,0.32874116
41066,0.5040477
41067,0.42275342
41068,0.3702487
41069,0.5187088
41070,0.15584676
41071,0.34440914
41072,0.47942734
41073,0.26998255
41074,0.49778104
41075,0.71303165
41076,0.5087303
41077,0.61638117
41078,0.36835647
41079,0.25755382
41080,0.61428887
41081,0.5231285
41082,0.46596792
41083,0.42438474
41084,0.43844968
41085,0.43545812
41086,0.41693297
41087,0.4197587
41088,0.19770746
41089,0.4914648
41090,0.43839377
41091,0.62974626
41092,0.49163917
41093,0.42980108
41094,0.65602374
41095,0.5210657
41096,0.5481687
41097,0.34322077
41098,0.32797346
41099,0.5456643
41100,0.25232288
41101,0.37622157
41102,0.26629665
41103,0.5101573
41104,0.38573712
41105,0.41721138
41106,0.5920242
41107,0.54276264
41108,0.40214416
41109,0.44664046
41110,0.31244653
41111,0.35211822
41112,0.38504872
41113,0.5409164
41114,0.5687945
41115,0.40135482
41116,0.52482665
41117,0.2706225
41118,0.35769796
41119,0.28136608
41120,0.34342235
41121,0.4865103
41122,0.35784504
41123,0.44455278
41124,0.5357268
41125,0.19206107
41126,0.47361428
41127,0.4678886
41128,0.60761005
41129,0.4107043
41130,0.33003905
41131,0.47928083
41132,0.5430753
41133,0.4985066
41134,0.5238605
41135,0.42068538
41136,0.3010149
41137,0.6093844
41138,0.3986611
41139,0.43105367
41140,0.45976442
41141,0.2318476
41142,0.53509396
41143,0.32860196
41144,0.25139424
41145,0.48603836
41146,0.22893798
41147,0.31271443
41148,0.35876256
41149,0.3644359
41150,0.24948476
41151,0.5264823
41152,0.12888165
41153,0.35358876
41154,0.29403913
41155,0.46972057
41156,0.5913071
41157,0.5074923
41158,0.047452923
41159,0.47932768
41160,0.30435207
41161,0.57510746
41162,0.6660984
41163,0.46547773
41164,0.48732734
41165,0.4570514
41166,0.57289726
41167,0.32880783
41168,0.49494335
41169,0.17958564
41170,0.57386833
41171,0.25482845
41172,0.46409622
41173,0.56824195
41174,0.38259152
41175,0.5093102
41176,0.27543437
41177,0.38233796
41178,0.41293347
41179,0.4693357
41180,0.14762065
41181,0.41525385
41182,0.4991283
41183,0.590074
41184,0.27452603
41185,0.39354616
41186,0.58322984
41187,0.5462657
41188,0.29412952
41189,0.39307326
41190,0.35438064
41191,0.2306081
41192,0.5629743
41193,0.4746105
41194,0.4396877
41195,0.49477756
41196,0.3839842
41197,0.41683182
41198,0.5555566
41199,0.4445525
41200,0.5134021
41201,0.34429854
41202,0.09019771
41203,0.55976164
41204,0.232713
41205,0.41786748
41206,0.5304047
41207,0.47259283
41208,0.3104488
41209,0.32471254
41210,0.35532537
41211,0.43668124
41212,0.5688939
41213,0.5610732
41214,0.5868194
41215,0.6330057
41216,0.52655476
41217,0.39628816
41218,0.29470137
41219,0.48615605
41220,0.5125308
41221,0.6024753
41222,0.5551448
41223,0.33585235
41224,0.44493383
41225,0.55366826
41226,0.4570206
41227,0.34049776
41228,0.5266386
41229,0.34906894
41230,0.3962006
41231,0.5701535
41232,0.46495447
41233,0.40024313
41234,0.20402643
41235,0.20174538
41236,0.17163934
41237,0.4247663
41238,0.4919715
41239,0.5572812
41240,0.5673376
41241,0.33473107
41242,0.39172187
41243,0.53186804
41244,0.41556293
41245,0.34897634
41246,0.34692374
41247,0.66910625
41248,0.44451624
41249,0.37989247
41250,0.14863758
41251,0.26069346
41252,0.6666192
41253,0.4169387
41254,0.24090287
41255,0.23865889
41256,0.42126793
41257,0.48607722
41258,0.4006067
41259,0.53325266
41260,0.34769064
41261,0.3187559
41262,0.2755353
41263,0.5519442
41264,0.19969308
41265,0.5097068
41266,0.5504087
41267,0.3184262
41268,0.53900653
41269,0.22193183
41270,0.35943502
41271,0.49305436
41272,0.52496934
41273,0.3960353
41274,0.40452722
41275,0.57297134
41276,0.6349956
41277,0.31077835
41278,0.29653442
41279,0.3659559
41280,0.39823353
41281,0.44006783
41282,0.45274937
41283,0.60168284
41284,0.2662344
41285,0.47580534
41286,0.22624673
41287,0.3464194
41288,0.49077874
41289,0.4037606
41290,0.45394698
41291,0.5993292
41292,0.5342943
41293,0.5109781
41294,0.3544922
41295,0.6791186
41296,0.4600324
41297,0.3946595
41298,0.5091891
41299,0.5069307
41300,0.46775252
41301,0.4219087
41302,0.28623748
41303,0.3741469
41304,0.34300917
41305,0.41010764
41306,0.45879272
41307,0.37234306
41308,0.44845816
41309,0.26370773
41310,0.48262715
41311,0.5972382
41312,0.56575394
41313,0.6720789
41314,0.45697597
41315,0.5763447
41316,0.47050914
41317,0.4030784
41318,0.40128878
41319,0.5729185
41320,0.26444292
41321,0.43681374
41322,0.5634899
41323,0.53165054
41324,0.28940475
41325,0.52042097
41326,0.31434852
41327,0.30897188
41328,0.4882257
41329,0.38925135
41330,0.29246378
41331,0.27908596
41332,0.55865127
41333,0.43233383
41334,0.3725681
41335,0.510807
41336,0.59795845
41337,0.42358646
41338,0.60648113
41339,0.43922877
41340,0.60336274
41341,0.40196434
41342,0.35919818
41343,0.38808164
41344,0.44013005
41345,0.5899341
41346,0.40649113
41347,0.30974463
41348,0.4297619
41349,0.36259174
41350,0.5592844
41351,0.5618741
41352,0.22219864
41353,0.538807
41354,0.43189004
41355,0.24414971
41356,0.5155472
41357,0.474902
41358,0.45590648
41359,0.59857994
41360,0.3681671
41361,0.49621448
41362,0.49046654
41363,0.5473147
41364,0.39478445
41365,0.34273484
41366,0.47128096
41367,0.40105298
41368,0.37579894
41369,0.2871439
41370,0.60452735
41371,0.7418235
41372,0.30368027
41373,0.5051692
41374,0.2996836
41375,0.43466154
41376,0.3585986
41377,0.40822145
41378,0.31373388
41379,0.3067151
41380,0.52065164
41381,0.5477405
41382,0.42384377
41383,0.26433843
41384,0.3163631
41385,0.443955
41386,0.30013305
41387,0.3277204
41388,0.38409927
41389,0.45205852
41390,0.34300154
41391,0.49983186
41392,0.31123737
41393,0.41008797
41394,0.4773745
41395,0.44323108
41396,0.43575314
41397,0.45837656
41398,0.48111513
41399,0.4502709
41400,0.3672523
41401,0.2510586
41402,0.2406763
41403,0.523626
41404,0.44089076
41405,0.52265644
41406,0.5523074
41407,0.41658247
41408,0.4209524
41409,0.29260504
41410,0.43878153
41411,0.590403
41412,0.32576153
41413,0.16926475
41414,0.5325451
41415,0.45762756
41416,0.3797967
41417,0.45266828
41418,0.34613505
41419,0.49671075
41420,0.66070914
41421,0.48646793
41422,0.5044426
41423,0.44126257
41424,0.66327286
41425,0.38498515
41426,0.56795365
41427,0.4515803
41428,0.36729977
41429,0.50551385
41430,0.3048398
41431,0.34582695
41432,0.5414447
41433,0.52546555
41434,0.30101195
41435,0.35218132
41436,0.47906208
41437,0.38490576
41438,0.5525881
41439,0.34149584
41440,0.25938183
41441,0.40036902
41442,0.46888563
41443,0.24603695
41444,0.5748698
41445,0.31858397
41446,0.38122314
41447,0.27043277
41448,0.44555593
41449,0.22980866
41450,0.3920792
41451,0.4226476
41452,0.5328645
41453,0.5714914
41454,0.47079653
41455,0.6215436
41456,0.41599095
41457,0.5922339
41458,0.6213026
41459,0.31475696
41460,0.2901244
41461,0.34950024
41462,0.6330704
41463,0.46041998
41464,0.33752742
41465,0.49896988
41466,0.4109754
41467,0.19004506
41468,0.52113754
41469,0.16113801
41470,0.510625
41471,0.35616595
41472,0.565405
41473,0.43002912
41474,0.45960084
41475,0.44888633
41476,0.45903343
41477,0.45866126
41478,0.4743973
41479,0.6007964
41480,0.23003834
41481,0.61023617
41482,0.51501846
41483,0.520613
41484,0.38914177
41485,0.4755661
41486,0.49692082
41487,0.4024564
41488,0.5199378
41489,0.09011671
41490,0.46091202
41491,0.26122826
41492,0.31597054
41493,0.48960152
41494,0.4406216
41495,0.61694384
41496,0.41220427
41497,0.4548591
41498,0.3411889
41499,0.63311446
41500,0.4137174
41501,0.36439693
41502,0.63825756
41503,0.4228557
41504,0.5455584
41505,0.2354264
41506,0.3294348
41507,0.20028678
41508,0.457854
41509,0.47385722
41510,0.59611475
41511,0.35728067
41512,0.4982457
41513,0.35009664
41514,0.33421394
41515,0.7680904
41516,0.59780926
41517,0.25043377
41518,0.2284998
41519,0.42146707
41520,0.37916464
41521,0.3407593
41522,0.5333078
41523,0.55514854
41524,0.41741285
41525,0.2112411
41526,0.20743208
41527,0.6606035
41528,0.6027878
41529,0.5769877
41530,0.6250989
41531,0.283369
41532,0.4944476
41533,0.4550431
41534,0.43242034
41535,0.4047628
41536,0.50359714
41537,0.40581498
41538,0.21050958
41539,0.6437243
41540,0.44672883
41541,0.3884307
41542,0.37809953
41543,0.5112076
41544,0.40703008
41545,0.53913194
41546,0.45389372
41547,0.554459
41548,0.12539767
41549,0.46652508
41550,0.47280562
41551,0.6560006
41552,0.4886938
41553,0.20290285
41554,0.22015232
41555,0.5271674
41556,0.5062445
41557,0.1684479
41558,0.37524536
41559,0.30768874
41560,0.46428677
41561,0.57122093
41562,0.35334334
41563,0.23918177
41564,0.36383802
41565,0.39203176
41566,0.27768272
41567,0.3539982
41568,0.20973478
41569,0.46456024
41570,0.44794947
41571,0.42296997
41572,0.5305041
41573,0.6281313
41574,0.39687774
41575,0.6026987
41576,0.524252
41577,0.36231625
41578,0.56023026
41579,0.32369474
41580,0.4118825
41581,0.4956863
41582,0.22198488
41583,0.54178584
41584,0.4635803
41585,0.299701
41586,0.542309
41587,0.62731755
41588,0.40426818
41589,0.45826593
41590,0.47096848
41591,0.3559389
41592,0.5259804
41593,0.42085293
41594,0.26597157
41595,0.31577113
41596,0.3591618
41597,0.42412582
41598,0.6835385
41599,0.47261527
41600,0.19159657
41601,0.49601647
41602,0.2597122
41603,0.3769679
41604,0.17542803
41605,0.35567242
41606,0.37718555
41607,0.09404436
41608,0.34499872
41609,0.43234757
41610,0.49730793
41611,0.7595085
41612,0.3840825
41613,0.42458886
41614,0.5999217
41615,0.51046765
41616,0.37763482
41617,0.3962097
41618,0.56278837
41619,0.6483619
41620,0.4534374
41621,0.5389596
41622,0.48369598
41623,0.29908782
41624,0.43349162
41625,0.5263013
41626,0.35361257
41627,0.53099525
41628,0.27275136
41629,0.64102226
41630,0.25285107
41631,0.37112972
41632,0.31425875
41633,0.31502384
41634,0.42420238
41635,0.52360195
41636,0.31872764
41637,0.39737436
41638,0.5147785
41639,0.43412277
41640,0.39847538
41641,0.45621875
41642,0.27304202
41643,0.4711148
41644,0.4889709
41645,0.3637422
41646,0.6133412
41647,0.4404082
41648,0.47512105
41649,0.65631086
41650,0.463192
41651,0.4928705
41652,0.39369297
41653,0.31516987
41654,0.35844108
41655,0.55682415
41656,0.58044255
41657,0.46034747
41658,0.2789267
41659,0.3591037
41660,0.42416802
41661,0.5914386
41662,0.43952462
41663,0.52835596
41664,0.50652695
41665,0.343065
41666,0.46116856
41667,0.4707839
41668,0.5249247
41669,0.37381062
41670,0.46940157
41671,0.45849922
41672,0.35918954
41673,0.4008446
41674,0.45495668
41675,0.19776075
41676,0.4101138
41677,0.63246757
41678,0.1871602
41679,0.4044325
41680,0.3176126
41681,0.51874274
41682,0.27820146
41683,0.38289285
41684,0.35976836
41685,0.4594991
41686,0.4042235
41687,0.40039364
41688,0.48144096
41689,0.29812592
41690,0.32667708
41691,0.31132102
41692,0.53193784
41693,0.40401345
41694,0.25536454
41695,0.533393
41696,0.5503609
41697,0.68492454
41698,0.34554112
41699,0.24004954
41700,0.45655212
41701,0.34102967
41702,0.4422744
41703,0.256798
41704,0.6329544
41705,0.39456332
41706,0.62674505
41707,0.56867206
41708,0.5094809
41709,0.22749954
41710,0.38375422
41711,0.3755856
41712,0.44262138
41713,0.50330716
41714,0.66358787
41715,0.3338514
41716,0.43679488
41717,0.09688332
41718,0.4131864
41719,0.72028935
41720,0.2802905
41721,0.4347403
41722,0.5282701
41723,0.5555529
41724,0.35039303
41725,0.62906784
41726,0.6031065
41727,0.39704704
41728,0.52549785
41729,0.5400037
41730,0.46241716
41731,0.46800846
41732,0.50734633
41733,0.6089701
41734,0.3027904
41735,0.59967744
41736,0.4972089
41737,0.4651001
41738,0.42042395
41739,0.6217162
41740,0.47643828
41741,0.31315103
41742,0.42515218
41743,0.45770866
41744,0.4658819
41745,0.38387898
41746,0.34322518
41747,0.43606874
41748,0.3897923
41749,0.21816182
41750,0.4057676
41751,0.4960316
41752,0.25307584
41753,0.5119856
41754,0.40887544
41755,0.5507673
41756,0.35237098
41757,0.61814815
41758,0.31267217
41759,0.2776559
41760,0.32904315
41761,0.5218609
41762,0.29000577
41763,0.44620663
41764,0.59177655
41765,0.5686342
41766,0.52151257
41767,0.39687347
41768,0.26789346
41769,0.6193122
41770,0.6983493
41771,0.682625
41772,0.35586852
41773,0.22642046
41774,0.24432455
41775,0.5268976
41776,0.43375596
41777,0.621925
41778,0.62548995
41779,0.27009094
41780,0.38561028
41781,0.4544534
41782,0.6420474
41783,0.6032766
41784,0.63127804
41785,0.40133947
41786,0.23477246
41787,0.39935103
41788,0.35560378
41789,0.4343227
41790,0.43052626
41791,0.3136388
41792,0.24744307
41793,0.4469846
41794,0.32589597
41795,0.42790046
41796,0.5138823
41797,0.5166188
41798,0.3382993
41799,0.16371271
41800,0.43957764
41801,0.4279596
41802,0.48446146
41803,0.48689234
41804,0.38095182
41805,0.4393963
41806,0.47465628
41807,0.2870031
41808,0.43203422
41809,0.3985514
41810,0.38950646
41811,0.31272084
41812,0.24361588
41813,0.46058798
41814,0.43235818
41815,0.34818053
41816,0.50589246
41817,0.48040608
41818,0.5634196
41819,0.5131395
41820,0.4031977
41821,0.45302522
41822,0.2513204
41823,0.30792353
41824,0.45710847
41825,0.29809183
41826,0.69365376
41827,0.50674975
41828,0.22248372
41829,0.36519685
41830,0.6085009
41831,0.40343648
41832,0.35297152
41833,0.3614895
41834,0.2879731
41835,0.44865257
41836,0.2617249
41837,0.5303131
41838,0.40925446
41839,0.4970433
41840,0.3794601
41841,0.49438676
41842,0.29128835
41843,0.45673415
41844,0.48392072
41845,0.5542733
41846,0.35669127
41847,0.35986307
41848,0.48925787
41849,0.42459068
41850,0.32496688
41851,0.4160344
41852,0.41151124
41853,0.4077265
41854,0.2889858
41855,0.4468182
41856,0.33066434
41857,0.29931372
41858,0.3631388
41859,0.4021316
41860,0.44558084
41861,0.41803837
41862,0.6530138
41863,0.36600024
41864,0.24816164
41865,0.5258896
41866,0.58012486
41867,0.3091011
41868,0.13041952
41869,0.39391744
41870,0.53529644
41871,0.3553105
41872,0.39894122
41873,0.34156358
41874,0.4494177
41875,0.4784256
41876,0.511162
41877,0.4723673
41878,0.4165592
41879,0.50253826
41880,0.39182368
41881,0.51751053
41882,0.4780951
41883,0.20446248
41884,0.3849218
41885,0.18316902
41886,0.56978965
41887,0.3217059
41888,0.20161277
41889,0.24537788
41890,0.35309193
41891,0.40955555
41892,0.6121731
41893,0.36632192
41894,0.5692249
41895,0.44866145
41896,0.33485237
41897,0.4723711
41898,0.61030436
41899,0.4702054
41900,0.4107703
41901,0.43728706
41902,0.43981862
41903,0.32861093
41904,0.66053134
41905,0.42801133
41906,0.52832645
41907,0.36045492
41908,0.43917713
41909,0.25602183
41910,0.54588026
41911,0.60027146
41912,0.19371386
41913,0.51887333
41914,0.4341994
41915,0.65509486
41916,0.50389534
41917,0.29325393
41918,0.26825094
41919,0.44705185
41920,0.2999622
41921,0.40497726
41922,0.26802334
41923,0.38853282
41924,0.5914158
41925,0.4609016
41926,0.62829125
41927,0.4959801
41928,0.38950092
41929,0.51259595
41930,0.67037296
41931,0.43963382
41932,0.43989825
41933,0.75566524
41934,0.44458365
41935,0.54238826
41936,0.35840198
41937,0.55622506
41938,0.4226844
41939,0.37563252
41940,0.50606596
41941,0.43704334
41942,0.5294472
41943,0.4539074
41944,0.5157659
41945,0.30142015
41946,0.45962447
41947,0.51726556
41948,0.5319266
41949,0.19939132
41950,0.45705467
41951,0.3829744
41952,0.47423005
41953,0.3794024
41954,0.25088558
41955,0.46852508
41956,0.43817842
41957,0.44893178
41958,0.41185948
41959,0.4801681
41960,0.48748598
41961,0.3629534
41962,0.26072684
41963,0.30428293
41964,0.5163139
41965,0.53340006
41966,0.53190345
41967,0.42944154
41968,0.29134125
41969,0.6762093
41970,0.521238
41971,0.25631383
41972,0.32687715
41973,0.38494468
41974,0.41947776
41975,0.49176246
41976,0.32154074
41977,0.456331
41978,0.20335558
41979,0.44551513
41980,0.35171473
41981,0.5442315
41982,0.5654272
41983,0.4958315
41984,0.4084541
41985,0.30338216
41986,0.4687208
41987,0.53718656
41988,0.57798123
41989,0.29336616
41990,0.52206737
41991,0.31859833
41992,0.37191367
41993,0.42210037
41994,0.516776
41995,0.67529374
41996,0.36795077
41997,0.4305919
41998,0.43161714
41999,0.5416369
42000,0.28038916
42001,0.43886426
42002,0.4088513
42003,0.5417932
42004,0.49083352
42005,0.35142514
42006,0.5390819
42007,0.4827184
42008,0.27931434
42009,0.22112927
42010,0.46735364
42011,0.7731661
42012,0.46014458
42013,0.5759559
42014,0.5512772
42015,0.32693088
42016,0.35318843
42017,0.5291998
42018,0.36039954
42019,0.56530845
42020,0.70256877
42021,0.46750662
42022,0.4407755
42023,0.5501831
42024,0.3755488
42025,0.48289564
42026,0.5375678
42027,0.32117215
42028,0.5043305
42029,0.25412372
42030,0.44391423
42031,0.4752608
42032,0.3883323
42033,0.5244986
42034,0.5496995
42035,0.57683057
42036,0.38981962
42037,0.33459547
42038,0.3254093
42039,0.61343783
42040,0.3196248
42041,0.48040769
42042,0.4169635
42043,0.5741021
42044,0.2111563
42045,0.58556384
42046,0.49644947
42047,0.46278375
42048,0.5046331
42049,0.4297935
42050,0.6946786
42051,0.3623943
42052,0.6430649
42053,0.59098566
42054,0.60012627
42055,0.5967965
42056,0.46154875
42057,0.30763757
42058,0.30825794
42059,0.414845
42060,0.2813172
42061,0.37839547
42062,0.3644359
42063,0.58646816
42064,0.4862888
42065,0.56676465
42066,0.2934055
42067,0.6489957
42068,0.59065145
42069,0.69927615
42070,0.38243505
42071,0.6542367
42072,0.47807696
42073,0.37838998
42074,0.58204985
42075,0.48928756
42076,0.62512803
42077,0.56701064
42078,0.38484323
42079,0.47445858
42080,0.21230356
42081,0.43641698
42082,0.2683574
42083,0.4443708
42084,0.4776978
42085,0.42456338
42086,0.43577763
42087,0.37111184
42088,0.4198874
42089,0.6387225
42090,0.3224503
42091,0.40622696
42092,0.42907804
42093,0.1509907
42094,0.5037114
42095,0.6204754
42096,0.3889446
42097,0.5599209
42098,0.64833933
42099,0.043097466
42100,0.48963067
42101,0.58375984
42102,0.29867518
42103,0.34758654
42104,0.4332297
42105,0.5645161
42106,0.2999538
42107,0.43091506
42108,0.40811557
42109,0.26914772
42110,0.46092626
42111,0.44573814
42112,0.43362632
42113,0.49750885
42114,0.5693768
42115,0.35095817
42116,0.48502734
42117,0.21202692
42118,0.52660155
42119,0.3936215
42120,0.3087774
42121,0.35604525
42122,0.3920968
42123,0.43438345
42124,0.637978
42125,0.5522243
42126,0.30325258
42127,0.3824696
42128,0.537707
42129,0.5751966
42130,0.22489195
42131,0.41737482
42132,0.3580307
42133,0.5904619
42134,0.28112793
42135,0.3130372
42136,0.32428312
42137,0.36637038
42138,0.364626
42139,0.41152254
42140,0.49757212
42141,0.6018821
42142,0.49662805
42143,0.45040086
42144,0.5065135
42145,0.4582226
42146,0.4627789
42147,0.4452337
42148,0.46964145
42149,0.500472
42150,0.47505146
42151,0.50486606
42152,0.39573202
42153,0.30480585
42154,0.42935565
42155,0.31507266
42156,0.48250645
42157,0.38117614
42158,0.27889103
42159,0.3821987
42160,0.60419375
42161,0.4258763
42162,0.41959718
42163,0.45244798
42164,0.38357642
42165,0.3471526
42166,0.40706357
42167,0.39108518
42168,0.7045618
42169,0.35576987
42170,0.3895925
42171,0.29718593
42172,0.45140928
42173,0.29657176
42174,0.59532523
42175,0.41413817
42176,0.5419528
42177,0.34491444
42178,0.67382795
42179,0.39518774
42180,0.45148283
42181,0.3709311
42182,0.4238573
42183,0.34254745
42184,0.27534264
42185,0.44397587
42186,0.40191093
42187,0.36696333
42188,0.60697603
42189,0.32690027
42190,0.3635508
42191,0.5985575
42192,0.40599388
42193,0.5174732
42194,0.41319937
42195,0.4367828
42196,0.42124063
42197,0.48232898
42198,0.3825906
42199,0.38007912
42200,0.5564431
42201,0.5038265
42202,0.4118448
42203,0.40286717
42204,0.4955735
42205,0.4560184
42206,0.41850004
42207,0.40173244
42208,0.5036923
42209,0.4590582
42210,0.42760676
42211,0.34318185
42212,0.534172
42213,0.6441992
42214,0.6424161
42215,0.47961488
42216,0.37716037
42217,0.51708865
42218,0.50138444
42219,0.23502646
42220,0.4643393
42221,0.47862306
42222,0.43919498
42223,0.5497492
42224,0.70240384
42225,0.44950354
42226,0.6006613
42227,0.1965046
42228,0.61258644
42229,0.5680651
42230,0.58606887
42231,0.34451386
42232,0.49816522
42233,0.48330218
42234,0.44846576
42235,0.29266584
42236,0.2117831
42237,0.3949547
42238,0.50467473
42239,0.36107877
42240,0.33129603
42241,0.25162292
42242,0.39630336
42243,0.5173228
42244,0.5444175
42245,0.35871157
42246,0.24334493
42247,0.37972918
42248,0.56217736
42249,0.42470682
42250,0.63398457
42251,0.20252992
42252,0.40573698
42253,0.40790504
42254,0.5229792
42255,0.1048445
42256,0.5816924
42257,0.52925444
42258,0.58489597
42259,0.40573663
42260,0.39573482
42261,0.3597588
42262,0.30578357
42263,0.59877527
42264,0.4150204
42265,0.33732468
42266,0.6232022
42267,0.48547184
42268,0.5536424
42269,0.42579126
42270,0.4937049
42271,0.57529134
42272,0.6718526
42273,0.444715
42274,0.48419484
42275,0.27460963
42276,0.50784343
42277,0.26726428
42278,0.2768779
42279,0.5730328
42280,0.5108302
42281,0.7143105
42282,0.3801066
42283,0.38060758
42284,0.37303668
42285,0.39806533
42286,0.2654653
42287,0.36925435
42288,0.37259904
42289,0.64264166
42290,0.1711575
42291,0.3848669
42292,0.4587109
42293,0.61349744
42294,0.42090657
42295,0.41054288
42296,0.3734583
42297,0.50550383
42298,0.59702605
42299,0.2724089
42300,0.4330705
42301,0.2537497
42302,0.38575557
42303,0.25907838
42304,0.42607418
42305,0.6745412
42306,0.45239955
42307,0.508159
42308,0.5437681
42309,0.42558002
42310,0.12152743
42311,0.44105282
42312,0.50320005
42313,0.46862218
42314,0.5094037
42315,0.46435478
42316,0.43926358
42317,0.46893913
42318,0.51651806
42319,0.5539985
42320,0.48876438
42321,0.44399542
42322,0.501921
42323,0.64131963
42324,0.3702361
42325,0.30902496
42326,0.5753579
42327,0.51407504
42328,0.43104517
42329,0.3911128
42330,0.40473366
42331,0.5735813
42332,0.33237907
42333,0.3784741
42334,0.38563943
42335,0.4745028
42336,0.4963341
42337,0.56986225
42338,0.5779532
42339,0.43327913
42340,0.074875556
42341,0.41574243
42342,0.56158495
42343,0.32508686
42344,0.4542078
42345,0.68090105
42346,0.47468588
42347,0.5480656
42348,0.50240785
42349,0.337139
42350,0.41805524
42351,0.36553735
42352,0.48573047
42353,0.5485485
42354,0.39135388
42355,0.3623252
42356,0.2728064
42357,0.4735317
42358,0.4345256
42359,0.62908137
42360,0.55896604
42361,0.53062063
42362,0.41588077
42363,0.42827848
42364,0.5912399
42365,0.5160436
42366,0.4252994
42367,0.5965699
42368,0.58568215
42369,0.5400965
42370,0.32933015
42371,0.3416726
42372,0.28666613
42373,0.39444107
42374,0.56595016
42375,0.25685865
42376,0.32244337
42377,0.3928074
42378,0.35256648
42379,0.41054448
42380,0.13929239
42381,0.49014464
42382,0.38793352
42383,0.5558097
42384,0.4310807
42385,0.41520667
42386,0.2565436
42387,0.5909994
42388,0.49498022
42389,0.44944102
42390,0.3856485
42391,0.46841347
42392,0.47194287
42393,0.5258374
42394,0.57475775
42395,0.43798506
42396,0.23057276
42397,0.13026264
42398,0.16603738
42399,0.2963355
42400,0.61195296
42401,0.42852953
42402,0.42954436
42403,0.29858428
42404,0.40403387
42405,0.22726026
42406,0.3441972
42407,0.45384502
42408,0.49990812
42409,0.25320387
42410,0.5368237
42411,0.43730953
42412,0.5555871
42413,0.6787934
42414,0.4568784
42415,0.5161917
42416,0.6784738
42417,0.44332716
42418,0.68749225
42419,0.4651924
42420,0.34662282
42421,0.48845518
42422,0.48792058
42423,0.3871605
42424,0.46134397
42425,0.500241
42426,0.29594627
42427,0.53927326
42428,0.33526695
42429,0.3253335
42430,0.28270614
42431,0.5929631
42432,0.5031066
42433,0.31912383
42434,0.387212
42435,0.37423694
42436,0.29683143
42437,0.6933639
42438,0.43433297
42439,0.5024867
42440,0.4361033
42441,0.15530904
42442,0.542284
42443,0.37838376
42444,0.522035
42445,0.47066554
42446,0.30336833
42447,0.21528886
42448,0.28307632
42449,0.5195511
42450,0.3123469
42451,0.2503828
42452,0.3794769
42453,0.5718143
42454,0.47209582
42455,0.45336878
42456,0.45994756
42457,0.36098883
42458,0.29041898
42459,0.5513682
42460,0.4869023
42461,0.34413674
42462,0.34067228
42463,0.40461126
42464,0.6144265
42465,0.65473765
42466,0.22733991
42467,0.37922916
42468,0.49853173
42469,0.50956154
42470,0.6088343
42471,0.43121818
42472,0.21463287
42473,0.672021
42474,0.29610267
42475,0.42549253
42476,0.30551606
42477,0.49749255
42478,0.62891775
42479,0.6198488
42480,0.42831135
42481,0.5032578
42482,0.24979745
42483,0.59561086
42484,0.36439312
42485,0.68553674
42486,0.54921925
42487,0.59333676
42488,0.4749034
42489,0.37508583
42490,0.5363381
42491,0.53123766
42492,0.39607623
42493,0.59321576
42494,0.45651403
42495,0.5109651
42496,0.28922918
42497,0.51756763
42498,0.3389005
42499,0.3336578
42500,0.32555264
42501,0.24625778
42502,0.30998218
42503,0.60439146
42504,0.40819517
42505,0.2768562
42506,0.4974946
42507,0.4934532
42508,0.40788883
42509,0.43709916
42510,0.26010913
42511,0.5301145
42512,0.43258443
42513,0.4793411
42514,0.13377361
42515,0.3492931
42516,0.5422691
42517,0.27497703
42518,0.3899926
42519,0.31790304
42520,0.35306212
42521,0.60728216
42522,0.330077
42523,0.28562412
42524,0.6413294
42525,0.6075313
42526,0.60323954
42527,0.38097358
42528,0.5472749
42529,0.6178229
42530,0.47594795
42531,0.5009871
42532,0.47073275
42533,0.36248955
42534,0.30972156
42535,0.15290572
42536,0.5136556
42537,0.5022858
42538,0.51258934
42539,0.39395854
42540,0.63081664
42541,0.30265313
42542,0.474865
42543,0.44282156
42544,0.48769605
42545,0.5751894
42546,0.63272905
42547,0.3808379
42548,0.5113982
42549,0.34139386
42550,0.43489772
42551,0.5981325
42552,0.55141073
42553,0.44480407
42554,0.22303893
42555,0.53100514
42556,0.38782144
42557,0.35427877
42558,0.25195298
42559,0.40214404
42560,0.54734147
42561,0.56900436
42562,0.436173
42563,0.2956601
42564,0.34581274
42565,0.1289471
42566,0.2268432
42567,0.43764094
42568,0.41132802
42569,0.35040435
42570,0.53435403
42571,0.42196608
42572,0.26239464
42573,0.28122067
42574,0.5050098
42575,0.40255544
42576,0.4518433
42577,0.3377381
42578,0.39225075
42579,0.2397174
42580,0.22515763
42581,0.59658456
42582,0.4468421
42583,0.31994984
42584,0.4939709
42585,0.19449447
42586,0.21839847
42587,0.3905167
42588,0.4638227
42589,0.2597874
42590,0.45659792
42591,0.21271077
42592,0.3992123
42593,0.42024752
42594,0.59535384
42595,0.68338907
42596,0.32804954
42597,0.30805337
42598,0.111709826
42599,0.60249573
42600,0.3599402
42601,0.63977206
42602,0.52105427
42603,0.27772865
42604,0.30326998
42605,0.49605027
42606,0.67116976
42607,0.50445694
42608,0.6118259
42609,0.3096162
42610,0.38911673
42611,0.16809924
42612,0.46610188
42613,0.45908365
42614,0.6006852
42615,0.4809162
42616,0.40473625
42617,0.5149419
42618,0.15742517
42619,0.6353865
42620,0.45468813
42621,0.53720087
42622,0.39989078
42623,0.16972257
42624,0.58645403
42625,0.38474643
42626,0.63764113
42627,0.37250146
42628,0.41223845
42629,0.5996229
42630,0.40700752
42631,0.53253454
42632,0.501995
42633,0.5137347
42634,0.35579196
42635,0.35804448
42636,0.31158316
42637,0.38819206
42638,0.3632838
42639,0.32647648
42640,0.48773006
42641,0.2088556
42642,0.40931788
42643,0.40381223
42644,0.27897623
42645,0.5733414
42646,0.3202252
42647,0.2792052
42648,0.3240399
42649,0.5653394
42650,0.36933213
42651,0.67099917
42652,0.56493247
42653,0.36264247
42654,0.41272828
42655,0.43494958
42656,0.37321132
42657,0.31270728
42658,0.30452886
42659,0.50009894
42660,0.2960331
42661,0.4840385
42662,0.5376507
42663,0.6844201
42664,0.28982747
42665,0.48997998
42666,0.43337265
42667,0.118887514
42668,0.37441725
42669,0.4775258
42670,0.33287022
42671,0.4800226
42672,0.4482458
42673,0.21508092
42674,0.5196058
42675,0.31221357
42676,0.23005481
42677,0.6862566
42678,0.51743424
42679,0.36496246
42680,0.50966597
42681,0.3765737
42682,0.3539504
42683,0.35361585
42684,0.46660557
42685,0.4327045
42686,0.45994648
42687,0.5452302
42688,0.582836
42689,0.30965403
42690,0.63511926
42691,0.47329187
42692,0.4621233
42693,0.43245152
42694,0.5580794
42695,0.6744868
42696,0.33045706
42697,0.47933993
42698,0.6778
42699,0.36161792
42700,0.32703045
42701,0.50146955
42702,0.62524724
42703,0.6870655
42704,0.40542915
42705,0.4780314
42706,0.6097916
42707,0.19237359
42708,0.47641116
42709,0.43622443
42710,0.39107046
42711,0.6252431
42712,0.48907417
42713,0.35550264
42714,0.48249418
42715,0.49158356
42716,0.22265689
42717,0.2882483
42718,0.49198806
42719,0.3555473
42720,0.560843
42721,0.44060507
42722,0.41798788
42723,0.34437725
42724,0.16863063
42725,0.6750665
42726,0.5885932
42727,0.29352787
42728,0.48460832
42729,0.38385543
42730,0.67367697
42731,0.54271466
42732,0.40159324
42733,0.47331068
42734,0.67150384
42735,0.538052
42736,0.37621385
42737,0.35753834
42738,0.5476184
42739,0.41614106
42740,0.3501746
42741,0.5937269
42742,0.42558652
42743,0.3294172
42744,0.4765036
42745,0.47880566
42746,0.5674731
42747,0.24968381
42748,0.39445534
42749,0.40826774
42750,0.1438065
42751,0.30998507
42752,0.48657328
42753,0.47121564
42754,0.27929714
42755,0.21128687
42756,0.40798697
42757,0.61994076
42758,0.3459488
42759,0.4574792
42760,0.46706387
42761,0.6224017
42762,0.47542226
42763,0.4851992
42764,0.62121785
42765,0.5280665
42766,0.45299047
42767,0.53296393
42768,0.4319688
42769,0.57543945
42770,0.3015734
42771,0.26721942
42772,0.26936278
42773,0.484594
42774,0.43659517
42775,0.3165284
42776,0.57755846
42777,0.36468768
42778,0.3750009
42779,0.50869656
42780,0.45931292
42781,0.57827955
42782,0.4763773
42783,0.3810743
42784,0.44779924
42785,0.69441646
42786,0.379166
42787,0.6271247
42788,0.3007021
42789,0.2571755
42790,0.4144145
42791,0.34617653
42792,0.37298593
42793,0.65887094
42794,0.2057749
42795,0.4318434
42796,0.3422275
42797,0.3539832
42798,0.4064486
42799,0.44651425
42800,0.50824517
42801,0.48775917
42802,0.6419003
42803,0.5072779
42804,0.42406425
42805,0.49532476
42806,0.47319448
42807,0.46035808
42808,0.29517114
42809,0.34811962
42810,0.44097883
42811,0.3037765
42812,0.34066007
42813,0.5302019
42814,0.2586289
42815,0.3487644
42816,0.3902786
42817,0.31434855
42818,0.39093265
42819,0.42838016
42820,0.33087447
42821,0.66929156
42822,0.58566755
42823,0.70651996
42824,0.45281819
42825,0.4915948
42826,0.6259006
42827,0.26129255
42828,0.33918342
42829,0.39803228
42830,0.32848904
42831,0.31069425
42832,0.37983352
42833,0.5994032
42834,0.55280614
42835,0.36393976
42836,0.42494217
42837,0.4315432
42838,0.44616455
42839,0.5701327
42840,0.6148327
42841,0.3731382
42842,0.34994602
42843,0.4223923
42844,0.10720408
42845,0.5232387
42846,0.34803894
42847,0.38549954
42848,0.3402705
42849,0.20971178
42850,0.5588851
42851,0.53141224
42852,0.44111705
42853,0.16142735
42854,0.27998355
42855,0.5089209
42856,0.4887197
42857,0.4876161
42858,0.31382516
42859,0.23865278
42860,0.5800306
42861,0.47567847
42862,0.5337467
42863,0.48068407
42864,0.6398397
42865,0.353824
42866,0.6802837
42867,0.5631049
42868,0.4988353
42869,0.24609388
42870,0.26396778
42871,0.2440991
42872,0.7202043
42873,0.13519041
42874,0.50203687
42875,0.4335153
42876,0.3984049
42877,0.20223399
42878,0.23282711
42879,0.43785655
42880,0.41436553
42881,0.6021251
42882,0.2770241
42883,0.39344487
42884,0.37376666
42885,0.5130373
42886,0.43419242
42887,0.42782122
42888,0.37472022
42889,0.43129605
42890,0.28909898
42891,0.25422454
42892,0.26890942
42893,0.5422731
42894,0.4400716
42895,0.43961677
42896,0.5318679
42897,0.36790204
42898,0.45580155
42899,0.4471611
42900,0.63607305
42901,0.43968233
42902,0.4484363
42903,0.20009422
42904,0.40235817
42905,0.61253023
42906,0.69637483
42907,0.5324093
42908,0.6146897
42909,0.47699112
42910,0.5197872
42911,0.51236707
42912,0.44815513
42913,0.5507673
42914,0.38391548
42915,0.5150459
42916,0.43049926
42917,0.36286944
42918,0.3251507
42919,0.3067729
42920,0.41711855
42921,0.25654536
42922,0.22151862
42923,0.5417459
42924,0.49995732
42925,0.32958254
42926,0.32480046
42927,0.5204347
42928,0.46393293
42929,0.5020912
42930,0.5020962
42931,0.35638115
42932,0.40094173
42933,0.4641346
42934,0.45150292
42935,0.5553965
42936,0.39525345
42937,0.6362769
42938,0.36774626
42939,0.32208335
42940,0.35086465
42941,0.35161716
42942,0.4120334
42943,0.31758642
42944,0.29564667
42945,0.3418368
42946,0.43661532
42947,0.27250233
42948,0.518582
42949,0.59379303
42950,0.42748198
42951,0.38703147
42952,0.31523252
42953,0.35735035
42954,0.5836548
42955,0.43446758
42956,0.44755864
42957,0.5334322
42958,0.5949621
42959,0.6974563
42960,0.40964136
42961,0.30452067
42962,0.60247236
42963,0.44913098
42964,0.55726486
42965,0.3387462
42966,0.41460636
42967,0.29005224
42968,0.390335
42969,0.3537988
42970,0.44809666
42971,0.34393126
42972,0.40208116
42973,0.5597455
42974,0.43210313
42975,0.2873434
42976,0.49460962
42977,0.57593614
42978,0.34739372
42979,0.42538425
42980,0.68499285
42981,0.6182114
42982,0.28127906
42983,0.4854453
42984,0.43136728
42985,0.6804889
42986,0.27862635
42987,0.4552525
42988,0.48943794
42989,0.33766785
42990,0.4114158
42991,0.4458582
42992,0.42311534
42993,0.32733986
42994,0.315682
42995,0.63053125
42996,0.26219743
42997,0.2793691
42998,0.500312
42999,0.2781204
43000,0.18869622
43001,0.3213864
43002,0.52737755
43003,0.57727426
43004,0.35345402
43005,0.42683205
43006,0.3083232
43007,0.5643872
43008,0.43464082
43009,0.32404432
43010,0.3854921
43011,0.32918206
43012,0.68570787
43013,0.3565927
43014,0.4373784
43015,0.27424893
43016,0.3960953
43017,0.71987677
43018,0.3624711
43019,0.46748883
43020,0.35733214
43021,0.17943585
43022,0.54056394
43023,0.2514749
43024,0.22808479
43025,0.49881834
43026,0.6661635
43027,0.5245298
43028,0.42441806
43029,0.53830284
43030,0.19030209
43031,0.52947277
43032,0.4378187
43033,0.67765516
43034,0.46337524
43035,0.4517552
43036,0.48767036
43037,0.31956643
43038,0.31733504
43039,0.3859255
43040,0.37364525
43041,0.41813853
43042,0.15629365
43043,0.53920877
43044,0.5228723
43045,0.59074265
43046,0.5231973
43047,0.45060182
43048,0.48792365
43049,0.66776806
43050,0.6808138
43051,0.2991777
43052,0.5191202
43053,0.33933315
43054,0.468878
43055,0.22675644
43056,0.34891397
43057,0.5021846
43058,0.38199943
43059,0.37200066
43060,0.43613252
43061,0.24876705
43062,0.5250758
43063,0.5670959
43064,0.16097382
43065,0.5591194
43066,0.4994306
43067,0.44613582
43068,0.6640978
43069,0.23019515
43070,0.60517263
43071,0.5199128
43072,0.4336072
43073,0.53322047
43074,0.5220929
43075,0.3667505
43076,0.55032605
43077,0.40490982
43078,0.4321116
43079,0.37191677
43080,0.4153208
43081,0.65416616
43082,0.30824718
43083,0.34654188
43084,0.537133
43085,0.4435544
43086,0.43203893
43087,0.7507252
43088,0.48783422
43089,0.5822988
43090,0.25740823
43091,0.2502088
43092,0.39353842
43093,0.39531478
43094,0.4823772
43095,0.5447796
43096,0.5689761
43097,0.3514595
43098,0.4874146
43099,0.28275332
43100,0.70121247
43101,0.3723858
43102,0.3886537
43103,0.40694967
43104,0.501303
43105,0.41903055
43106,0.51477635
43107,0.44959614
43108,0.60881615
43109,0.45475
43110,0.5923316
43111,0.33093238
43112,0.2643146
43113,0.5065099
43114,0.3720224
43115,0.46291098
43116,0.6120272
43117,0.2078508
43118,0.48287117
43119,0.5022902
43120,0.52789366
43121,0.15785182
43122,0.61541784
43123,0.38387996
43124,0.34993806
43125,0.2784707
43126,0.40986237
43127,0.28449196
43128,0.2884316
43129,0.46494797
43130,0.5402387
43131,0.5695605
43132,0.4538625
43133,0.35469508
43134,0.38893697
43135,0.3575104
43136,0.3501876
43137,0.6172585
43138,0.2220798
43139,0.28279388
43140,0.4124832
43141,0.3834869
43142,0.40547603
43143,0.5564857
43144,0.32689452
43145,0.46116546
43146,0.43299067
43147,0.37580118
43148,0.3761516
43149,0.48737976
43150,0.43530312
43151,0.5363802
43152,0.3462499
43153,0.43662968
43154,0.34147722
43155,0.5901689
43156,0.7254076
43157,0.44277865
43158,0.38963908
43159,0.28532484
43160,0.4310855
43161,0.4520344
43162,0.4113573
43163,0.42696652
43164,0.36491215
43165,0.4464965
43166,0.35870004
43167,0.46276513
43168,0.29570034
43169,0.40180105
43170,0.2507002
43171,0.41473484
43172,0.39864913
43173,0.28532562
43174,0.3144409
43175,0.3942267
43176,0.40949276
43177,0.3750191
43178,0.43183005
43179,0.4332082
43180,0.41061765
43181,0.49770024
43182,0.4981245
43183,0.5449096
43184,0.46531078
43185,0.24732818
43186,0.44934365
43187,0.2990349
43188,0.5246491
43189,0.5329173
43190,0.48572484
43191,0.24251463
43192,0.45074365
43193,0.25907496
43194,0.61844563
43195,0.41514584
43196,0.4098996
43197,0.3427742
43198,0.4525292
43199,0.678225
43200,0.27293923
43201,0.3385654
43202,0.5555757
43203,0.34328362
43204,0.42949343
43205,0.41366565
43206,0.36324283
43207,0.5263804
43208,0.3844469
43209,0.6425606
43210,0.27255628
43211,0.6030787
43212,0.3448169
43213,0.38730764
43214,0.52930534
43215,0.58978003
43216,0.43988025
43217,0.2515651
43218,0.6083908
43219,0.4440598
43220,0.4579067
43221,0.42206523
43222,0.3037493
43223,0.42539436
43224,0.47213086
43225,0.46981737
43226,0.6991807
43227,0.379368
43228,0.5035114
43229,0.36258712
43230,0.4914777
43231,0.4844802
43232,0.5754275
43233,0.56778914
43234,0.6470448
43235,0.49912077
43236,0.38795388
43237,0.75874275
43238,0.1757373
43239,0.4937282
43240,0.46480608
43241,0.47316897
43242,0.62208056
43243,0.09015184
43244,0.23092028
43245,0.51749307
43246,0.51753265
43247,0.54419345
43248,0.620531
43249,0.7299632
43250,0.5877723
43251,0.43741253
43252,0.48807946
43253,0.68761647
43254,0.4734279
43255,0.45368612
43256,0.19894713
43257,0.28670478
43258,0.39507923
43259,0.5207475
43260,0.33388707
43261,0.4148832
43262,0.47724488
43263,0.40027294
43264,0.3101618
43265,0.31789583
43266,0.5246914
43267,0.34142625
43268,0.7821759
43269,0.27484763
43270,0.37077188
43271,0.48622012
43272,0.5310926
43273,0.17402682
43274,0.5351851
43275,0.29771256
43276,0.42494226
43277,0.4018343
43278,0.49751893
43279,0.52376175
43280,0.612243
43281,0.4720295
43282,0.48587835
43283,0.4025956
43284,0.2217457
43285,0.5838732
43286,0.65735024
43287,0.30262142
43288,0.40441036
43289,0.28187034
43290,0.34168223
43291,0.5499618
43292,0.3906381
43293,0.4306734
43294,0.5768227
43295,0.5884101
43296,0.50352764
43297,0.6335055
43298,0.45910412
43299,0.25114983
43300,0.6220168
43301,0.46433237
43302,0.27162603
43303,0.4821647
43304,0.37009764
43305,0.55161875
43306,0.3236646
43307,0.53020436
43308,0.46283802
43309,0.6879068
43310,0.30346626
43311,0.40414444
43312,0.38364142
43313,0.3364996
43314,0.584855
43315,0.33849564
43316,0.3034683
43317,0.38230702
43318,0.4809792
43319,0.4437815
43320,0.08244591
43321,0.4686347
43322,0.4742292
43323,0.52154917
43324,0.26267874
43325,0.42041382
43326,0.64375895
43327,0.34467098
43328,0.5166828
43329,0.6443818
43330,0.57159513
43331,0.22372928
43332,0.51827776
43333,0.38442546
43334,0.5283527
43335,0.10143853
43336,0.56271535
43337,0.58361757
43338,0.5502362
43339,0.44273055
43340,0.51476294
43341,0.34489733
43342,0.6347058
43343,0.57941777
43344,0.50868505
43345,0.61838496
43346,0.5396333
43347,0.5841616
43348,0.36956516
43349,0.6226676
43350,0.5557579
43351,0.46667323
43352,0.5877655
43353,0.36965
43354,0.24048336
43355,0.58359617
43356,0.40716875
43357,0.47967783
43358,0.53136706
43359,0.25464424
43360,0.29774824
43361,0.3811312
43362,0.33457
43363,0.23087333
43364,0.23689802
43365,0.4737393
43366,0.4840222
43367,0.29865268
43368,0.54669994
43369,0.14177395
43370,0.4234001
43371,0.5094268
43372,0.21033384
43373,0.31824848
43374,0.2789253
43375,0.16189478
43376,0.35980594
43377,0.36685055
43378,0.5909459
43379,0.49162355
43380,0.5516777
43381,0.60365117
43382,0.37945044
43383,0.50290734
43384,0.60281885
43385,0.57396674
43386,0.35597748
43387,0.49889404
43388,0.60197574
43389,0.31190282
43390,0.48595446
43391,0.5667887
43392,0.18026341
43393,0.21148972
43394,0.31532437
43395,0.30022418
43396,0.4599485
43397,0.6895471
43398,0.27152786
43399,0.27165708
43400,0.28389362
43401,0.46755666
43402,0.41406897
43403,0.27937523
43404,0.48936352
43405,0.6144277
43406,0.39484245
43407,0.30933368
43408,0.67423654
43409,0.29684538
43410,0.33789855
43411,0.4957788
43412,0.18041404
43413,0.46864453
43414,0.31986722
43415,0.39815107
43416,0.47294593
43417,0.29486057
43418,0.28716648
43419,0.320694
43420,0.3499225
43421,0.24939671
43422,0.123074986
43423,0.4246037
43424,0.3236821
43425,0.43658486
43426,0.1516565
43427,0.27035427
43428,0.3558278
43429,0.43205371
43430,0.24759279
43431,0.44334903
43432,0.39240777
43433,0.33933568
43434,0.5470448
43435,0.5102325
43436,0.5835491
43437,0.41338733
43438,0.5617346
43439,0.23799941
43440,0.3640907
43441,0.25721404
43442,0.40779996
43443,0.4661268
43444,0.41368717
43445,0.6576743
43446,0.3826998
43447,0.39095518
43448,0.26509482
43449,0.4556926
43450,0.5821344
43451,0.35944796
43452,0.5900046
43453,0.28197408
43454,0.29032683
43455,0.23734227
43456,0.36356437
43457,0.37411422
43458,0.048256073
43459,0.48439693
43460,0.38211128
43461,0.3110822
43462,0.50514084
43463,0.33320257
43464,0.5848932
43465,0.28062123
43466,0.4453437
43467,0.55867493
43468,0.27070647
43469,0.36449105
43470,0.45956284
43471,0.7647822
43472,0.392051
43473,0.32877603
43474,0.49068493
43475,0.66848344
43476,0.5301263
43477,0.3679171
43478,0.6246629
43479,0.4684728
43480,0.29852268
43481,0.6379472
43482,0.5785007
43483,0.2945958
43484,0.33988726
43485,0.51236534
43486,0.44592872
43487,0.6188078
43488,0.4051059
43489,0.40561518
43490,0.2965162
43491,0.18082327
43492,0.51670545
43493,0.21329899
43494,0.5483794
43495,0.43094695
43496,0.6518749
43497,0.5711482
43498,0.5666367
43499,0.27139902
43500,0.35768053
43501,0.6289682
43502,0.4633166
43503,0.5206174
43504,0.34489223
43505,0.3883176
43506,0.40320444
43507,0.5643933
43508,0.29017612
43509,0.5507163
43510,0.26584896
43511,0.4977399
43512,0.34852147
43513,0.3339576
43514,0.5624289
43515,0.46392077
43516,0.28004983
43517,0.6513542
43518,0.46635795
43519,0.5587986
43520,0.35211313
43521,0.41894376
43522,0.6466187
43523,0.52208614
43524,0.552378
43525,0.35664043
43526,0.41462415
43527,0.42731044
43528,0.22686648
43529,0.24217229
43530,0.33255818
43531,0.5297162
43532,0.50557923
43533,0.53959244
43534,0.3431812
43535,0.23445326
43536,0.38930425
43537,0.2895422
43538,0.485503
43539,0.54852146
43540,0.49416423
43541,0.29913622
43542,0.36253002
43543,0.2774787
43544,0.6780176
43545,0.24806237
43546,0.61380804
43547,0.20674127
43548,0.42628038
43549,0.4359654
43550,0.39567018
43551,0.42342842
43552,0.5239328
43553,0.4223342
43554,0.49961573
43555,0.4461905
43556,0.5894765
43557,0.527809
43558,0.33865047
43559,0.3820006
43560,0.5689414
43561,0.50843304
43562,0.58143324
43563,0.4288561
43564,0.41516706
43565,0.3554491
43566,0.5935933
43567,0.51412874
43568,0.44673616
43569,0.35004276
43570,0.47945008
43571,0.3814791
43572,0.4715996
43573,0.6497007
43574,0.18221714
43575,0.48382214
43576,0.5550052
43577,0.37255535
43578,0.35243154
43579,0.5323614
43580,0.15585299
43581,0.42505887
43582,0.37991107
43583,0.6090766
43584,0.6208178
43585,0.25870946
43586,0.51015556
43587,0.25154442
43588,0.74121225
43589,0.3859992
43590,0.50383604
43591,0.5806298
43592,0.34627
43593,0.46234402
43594,0.4345721
43595,0.5762537
43596,0.44582096
43597,0.3598511
43598,0.60768396
43599,0.23461866
43600,0.5980487
43601,0.5262467
43602,0.3870413
43603,0.48342454
43604,0.26069638
43605,0.29206875
43606,0.55115396
43607,0.4627791
43608,0.5834443
43609,0.6325499
43610,0.14554784
43611,0.5022374
43612,0.4168236
43613,0.4565847
43614,0.4416007
43615,0.51635367
43616,0.41559067
43617,0.2714453
43618,0.4163662
43619,0.49873957
43620,0.50064105
43621,0.13206933
43622,0.44563916
43623,0.34431532
43624,0.39441597
43625,0.43408135
43626,0.49372786
43627,0.5379979
43628,0.23905851
43629,0.38325012
43630,0.5226773
43631,0.51807904
43632,0.29355106
43633,0.39987484
43634,0.5085885
43635,0.48950168
43636,0.29275158
43637,0.36869577
43638,0.66914195
43639,0.3667675
43640,0.63218534
43641,0.376234
43642,0.46291262
43643,0.44567165
43644,0.51294047
43645,0.28397274
43646,0.30799478
43647,0.6439677
43648,0.51287585
43649,0.49122545
43650,0.6132549
43651,0.48589376
43652,0.40581435
43653,0.38716906
43654,0.53976995
43655,0.41291907
43656,0.29183415
43657,0.5798515
43658,0.2310341
43659,0.37172237
43660,0.38261655
43661,0.46661144
43662,0.2870313
43663,0.35942763
43664,0.21060628
43665,0.59186786
43666,0.50002277
43667,0.34622112
43668,0.49676487
43669,0.471645
43670,0.4760165
43671,0.41558927
43672,0.4090261
43673,0.2579869
43674,0.34936795
43675,0.40120384
43676,0.34272754
43677,0.6048622
43678,0.3642357
43679,0.4065528
43680,0.43931854
43681,0.53133225
43682,0.41407582
43683,0.5818945
43684,0.50305164
43685,0.3858476
43686,0.5024104
43687,0.6004103
43688,0.68599904
43689,0.49534586
43690,0.4431008
43691,0.28165996
43692,0.19308056
43693,0.6171691
43694,0.5171052
43695,0.50877196
43696,0.3790033
43697,0.29937637
43698,0.43675026
43699,0.32748133
43700,0.2818822
43701,0.5352483
43702,0.45445797
43703,0.30146125
43704,0.51801217
43705,0.40718567
43706,0.45782182
43707,0.61152256
43708,0.62025356
43709,0.41940728
43710,0.5711165
43711,0.34747446
43712,0.31624886
43713,0.4904569
43714,0.66722506
43715,0.2725447
43716,0.49469247
43717,0.4135998
43718,0.35825446
43719,0.50398326
43720,0.45291924
43721,0.4154303
43722,0.53519833
43723,0.5297181
43724,0.4159104
43725,0.51709443
43726,0.5582199
43727,0.25957197
43728,0.38374054
43729,0.58197486
43730,0.51983404
43731,0.50649947
43732,0.39813748
43733,0.21052898
43734,0.18916616
43735,0.4424478
43736,0.6325425
43737,0.55350465
43738,0.4552284
43739,0.43122783
43740,0.17619748
43741,0.25916967
43742,0.24142052
43743,0.55900985
43744,0.3398406
43745,0.3223119
43746,0.5776265
43747,0.6093842
43748,0.45189625
43749,0.3763136
43750,0.53484005
43751,0.25789198
43752,0.5692527
43753,0.4179113
43754,0.4904919
43755,0.41593677
43756,0.3737557
43757,0.4981296
43758,0.45509487
43759,0.28870296
43760,0.3915285
43761,0.34901392
43762,0.49477324
43763,0.23569609
43764,0.16434623
43765,0.6408382
43766,0.6628819
43767,0.37692755
43768,0.7670814
43769,0.45276445
43770,0.5546789
43771,0.35496053
43772,0.41487905
43773,0.53801334
43774,0.37829483
43775,0.36168778
43776,0.49037066
43777,0.45277628
43778,0.46217048
43779,0.42107403
43780,0.37606007
43781,0.6590281
43782,0.3908451
43783,0.41853368
43784,0.20165102
43785,0.6143837
43786,0.5003944
43787,0.41378152
43788,0.27916178
43789,0.4565525
43790,0.30909318
43791,0.40546912
43792,0.13152558
43793,0.50397193
43794,0.5153684
43795,0.40162036
43796,0.2580545
43797,0.4017584
43798,0.6037071
43799,0.43871936
43800,0.22042145
43801,0.27998894
43802,0.23060936
43803,0.547962
43804,0.52571934
43805,0.38349783
43806,0.3869352
43807,0.49829885
43808,0.54063815
43809,0.3259428
43810,0.15991965
43811,0.443985
43812,0.3257557
43813,0.46626234
43814,0.40288758
43815,0.3180876
43816,0.43967256
43817,0.16755155
43818,0.561529
43819,0.3886994
43820,0.3804599
43821,0.4041228
43822,0.33048826
43823,0.47941515
43824,0.3740526
43825,0.49726194
43826,0.52466995
43827,0.53319997
43828,0.39169136
43829,0.43328163
43830,0.48909277
43831,0.48396054
43832,0.40573886
43833,0.42643103
43834,0.3302094
43835,0.38255858
43836,0.45107546
43837,0.4036668
43838,0.51604474
43839,0.42000842
43840,0.62722766
43841,0.4357531
43842,0.30633074
43843,0.61874986
43844,0.52486086
43845,0.20396444
43846,0.22031368
43847,0.25993037
43848,0.4876426
43849,0.6871199
43850,0.27474752
43851,0.3943238
43852,0.34733325
43853,0.40551406
43854,0.35838816
43855,0.67768824
43856,0.6862833
43857,0.49545926
43858,0.09752042
43859,0.4080306
43860,0.43735805
43861,0.4176967
43862,0.43573654
43863,0.33167604
43864,0.46297276
43865,0.20269746
43866,0.57621706
43867,0.4180288
43868,0.3938605
43869,0.6655837
43870,0.41597366
43871,0.31551766
43872,0.5116708
43873,0.21379732
43874,0.4416523
43875,0.36596787
43876,0.64061093
43877,0.2940707
43878,0.5922259
43879,0.5810763
43880,0.47317728
43881,0.6175846
43882,0.6251645
43883,0.53083885
43884,0.48217347
43885,0.49927163
43886,0.22855663
43887,0.40065247
43888,0.41169947
43889,0.4733877
43890,0.2573272
43891,0.22751458
43892,0.4713673
43893,0.39079833
43894,0.14456017
43895,0.27194223
43896,0.16253386
43897,0.436203
43898,0.16926585
43899,0.5340805
43900,0.26062974
43901,0.37692007
43902,0.5807422
43903,0.33992577
43904,0.47467002
43905,0.56237805
43906,0.53485656
43907,0.5786891
43908,0.40609315
43909,0.31608
43910,0.3902968
43911,0.35520664
43912,0.55830264
43913,0.35410765
43914,0.52193135
43915,0.65491116
43916,0.34078318
43917,0.4139471
43918,0.38770425
43919,0.55281496
43920,0.53102
43921,0.5880303
43922,0.4557849
43923,0.4516697
43924,0.4629167
43925,0.43827304
43926,0.34820044
43927,0.18634075
43928,0.32420456
43929,0.45199272
43930,0.6457893
43931,0.32427198
43932,0.34096423
43933,0.37404945
43934,0.51911134
43935,0.3681468
43936,0.5166356
43937,0.6232001
43938,0.590827
43939,0.50110096
43940,0.4529717
43941,0.28487074
43942,0.45084608
43943,0.35438305
43944,0.61459124
43945,0.679457
43946,0.5325591
43947,0.60116583
43948,0.5417086
43949,0.2841942
43950,0.38805908
43951,0.29409924
43952,0.36145422
43953,0.4426418
43954,0.5912705
43955,0.344284
43956,0.37881622
43957,0.43174356
43958,0.2978971
43959,0.36201772
43960,0.122249074
43961,0.35356423
43962,0.5746641
43963,0.4117813
43964,0.5489329
43965,0.58054143
43966,0.58850193
43967,0.5523024
43968,0.2801545
43969,0.27322108
43970,0.40778056
43971,0.2479885
43972,0.40687287
43973,0.5998426
43974,0.4488333
43975,0.4142783
43976,0.55500644
43977,0.4074604
43978,0.28272355
43979,0.38128075
43980,0.53265184
43981,0.46291283
43982,0.38376504
43983,0.29893586
43984,0.4654468
43985,0.57348585
43986,0.09444464
43987,0.3806375
43988,0.4411733
43989,0.41448355
43990,0.5065103
43991,0.62681353
43992,0.527981
43993,0.2766873
43994,0.4778152
43995,0.32267126
43996,0.36881384
43997,0.37698233
43998,0.615634
43999,0.31413946
44000,0.40323713
44001,0.51369756
44002,0.49000785
44003,0.2738657
44004,0.3161165
44005,0.5061038
44006,0.46898043
44007,0.6123464
44008,0.59358644
44009,0.33977175
44010,0.39741844
44011,0.51062906
44012,0.43674225
44013,0.48311144
44014,0.34270045
44015,0.24623518
44016,0.46785134
44017,0.40823418
44018,0.5565471
44019,0.3881449
44020,0.50646824
44021,0.4088368
44022,0.15135483
44023,0.4180389
44024,0.31611803
44025,0.5536657
44026,0.34451053
44027,0.31880072
44028,0.5806139
44029,0.33286887
44030,0.3160847
44031,0.4607106
44032,0.6080082
44033,0.49455622
44034,0.13557924
44035,0.37475958
44036,0.4485066
44037,0.2237301
44038,0.21064131
44039,0.3924925
44040,0.3213804
44041,0.29963872
44042,0.54479307
44043,0.43720165
44044,0.56183416
44045,0.50898635
44046,0.5312972
44047,0.41684315
44048,0.28406635
44049,0.348068
44050,0.37471095
44051,0.46844095
44052,0.32300833
44053,0.648689
44054,0.53434044
44055,0.47942704
44056,0.44145253
44057,0.44872046
44058,0.5202277
44059,0.61064166
44060,0.26506543
44061,0.16786456
44062,0.09216446
44063,0.44802275
44064,0.4562733
44065,0.36654034
44066,0.50033337
44067,0.41618985
44068,0.4116436
44069,0.4891709
44070,0.518667
44071,0.42144084
44072,0.38884503
44073,0.49827394
44074,0.27705458
44075,0.6038051
44076,0.4148257
44077,0.41772076
44078,0.6678677
44079,0.3526858
44080,0.48280203
44081,0.3572199
44082,0.5645751
44083,0.43076113
44084,0.49003142
44085,0.45499873
44086,0.3694861
44087,0.49052206
44088,0.29453686
44089,0.39452294
44090,0.5422939
44091,0.61337
44092,0.41333398
44093,0.59984595
44094,0.6445184
44095,0.6119686
44096,0.15687524
44097,0.44555944
44098,0.5247167
44099,0.1497335
44100,0.3457976
44101,0.22547732
44102,0.28275594
44103,0.3909277
44104,0.34708363
44105,0.61943436
44106,0.31762117
44107,0.2948375
44108,0.28199652
44109,0.34127703
44110,0.50274533
44111,0.25117514
44112,0.5015651
44113,0.41430458
44114,0.53704196
44115,0.3640879
44116,0.30747938
44117,0.122769356
44118,0.32738432
44119,0.34994432
44120,0.557262
44121,0.34234935
44122,0.6763412
44123,0.6010846
44124,0.17388265
44125,0.13988455
44126,0.26977816
44127,0.31717002
44128,0.45741966
44129,0.4997602
44130,0.5463146
44131,0.578065
44132,0.5364821
44133,0.3614701
44134,0.38488147
44135,0.5670337
44136,0.6070789
44137,0.6110879
44138,0.57284975
44139,0.5497729
44140,0.3075681
44141,0.44799286
44142,0.6975067
44143,0.5013075
44144,0.33867714
44145,0.4605641
44146,0.50618756
44147,0.4412875
44148,0.39806512
44149,0.28710368
44150,0.41445974
44151,0.36396244
44152,0.3034597
44153,0.57187283
44154,0.5472884
44155,0.4529849
44156,0.5034276
44157,0.24015543
44158,0.39706475
44159,0.40483582
44160,0.34390196
44161,0.31208763
44162,0.38474023
44163,0.34264332
44164,0.33125085
44165,0.52508026
44166,0.6041271
44167,0.3682103
44168,0.43704268
44169,0.36925113
44170,0.39911163
44171,0.50408524
44172,0.4898519
44173,0.39232945
44174,0.6009686
44175,0.1070602
44176,0.42285186
44177,0.21538
44178,0.48997054
44179,0.30730894
44180,0.38232696
44181,0.2675722
44182,0.5267541
44183,0.45880985
44184,0.46585333
44185,0.49317077
44186,0.24722669
44187,0.64016896
44188,0.36108127
44189,0.37379104
44190,0.36581397
44191,0.24505858
44192,0.19847082
44193,0.22651795
44194,0.5933914
44195,0.50558496
44196,0.37588692
44197,0.3244517
44198,0.4921739
44199,0.4251718
44200,0.5190561
44201,0.53712696
44202,0.64550376
44203,0.43475565
44204,0.61205566
44205,0.5413496
44206,0.41278246
44207,0.38931364
44208,0.49534845
44209,0.30923653
44210,0.31091985
44211,0.38876414
44212,0.48886782
44213,0.47368473
44214,0.62349045
44215,0.30821013
44216,0.2000335
44217,0.3680329
44218,0.3157834
44219,0.47577426
44220,0.48528498
44221,0.5988375
44222,0.31541127
44223,0.47111338
44224,0.44159523
44225,0.25685394
44226,0.47054622
44227,0.6206849
44228,0.5469325
44229,0.5129586
44230,0.53548676
44231,0.53863287
44232,0.33409387
44233,0.54940367
44234,0.23839156
44235,0.42535552
44236,0.44536254
44237,0.38745934
44238,0.66258216
44239,0.36161423
44240,0.35339394
44241,0.36799085
44242,0.57637554
44243,0.5972135
44244,0.5052055
44245,0.5680755
44246,0.52280045
44247,0.40357444
44248,0.3635128
44249,0.7497156
44250,0.3592777
44251,0.3181642
44252,0.39407283
44253,0.47107807
44254,0.37119088
44255,0.43058053
44256,0.50848424
44257,0.31467277
44258,0.51309717
44259,0.66268665
44260,0.4125921
44261,0.6764332
44262,0.44780445
44263,0.6079546
44264,0.51935077
44265,0.39509872
44266,0.23091604
44267,0.31842119
44268,0.5481371
44269,0.45958862
44270,0.50868225
44271,0.28029802
44272,0.5208953
44273,0.4157735
44274,0.5301036
44275,0.32230538
44276,0.57263273
44277,0.52793926
44278,0.14829557
44279,0.6070613
44280,0.44339585
44281,0.17708877
44282,0.36323848
44283,0.2115325
44284,0.58008325
44285,0.31138012
44286,0.3913097
44287,0.45389536
44288,0.4576101
44289,0.5771422
44290,0.41340876
44291,0.5841161
44292,0.29122677
44293,0.578386
44294,0.27008247
44295,0.56448567
44296,0.68132794
44297,0.47229043
44298,0.5363454
44299,0.359484
44300,0.3261721
44301,0.3371757
44302,0.5671474
44303,0.5633845
44304,0.5275033
44305,0.34364027
44306,0.37734222
44307,0.397384
44308,0.36707187
44309,0.4987538
44310,0.3417987
44311,0.33456317
44312,0.34933943
44313,0.3208834
44314,0.23890162
44315,0.54755646
44316,0.34821698
44317,0.25564063
44318,0.41719434
44319,0.2666166
44320,0.28970128
44321,0.52750385
44322,0.47356334
44323,0.3093901
44324,0.5454667
44325,0.37078372
44326,0.53671765
44327,0.3150354
44328,0.5395107
44329,0.361511
44330,0.3466988
44331,0.7306884
44332,0.56508934
44333,0.6303444
44334,0.611294
44335,0.36844718
44336,0.32248387
44337,0.5114261
44338,0.49998426
44339,0.5342361
44340,0.528454
44341,0.42900786
44342,0.6089027
44343,0.3745038
44344,0.40669078
44345,0.2834602
44346,0.46039712
44347,0.36042696
44348,0.37885654
44349,0.5319482
44350,0.43257523
44351,0.40914482
44352,0.28976715
44353,0.5171626
44354,0.4798826
44355,0.4374335
44356,0.043938708
44357,0.4960791
44358,0.49968204
44359,0.28819185
44360,0.5207024
44361,0.38726234
44362,0.4387049
44363,0.35972753
44364,0.29402956
44365,0.566114
44366,0.47525102
44367,0.59216046
44368,0.2960316
44369,0.41400224
44370,0.51475066
44371,0.41412464
44372,0.3706973
44373,0.48951507
44374,0.5076018
44375,0.49342036
44376,0.34847876
44377,0.35984454
44378,0.4391752
44379,0.49252528
44380,0.5059609
44381,0.44578683
44382,0.42591834
44383,0.5775261
44384,0.4498056
44385,0.44691995
44386,0.08927785
44387,0.60182625
44388,0.42795575
44389,0.45533976
44390,0.62563545
44391,0.2948312
44392,0.37407386
44393,0.42418885
44394,0.6605512
44395,0.44710857
44396,0.4845502
44397,0.43798575
44398,0.5517431
44399,0.3891105
44400,0.43630525
44401,0.5243523
44402,0.6315844
44403,0.34845638
44404,0.45108482
44405,0.2830652
44406,0.40341133
44407,0.41258204
44408,0.440148
44409,0.3451614
44410,0.37605107
44411,0.26692906
44412,0.58015054
44413,0.38539577
44414,0.48453274
44415,0.45213816
44416,0.18973684
44417,0.49804902
44418,0.66216815
44419,0.3752151
44420,0.6108639
44421,0.33163607
44422,0.30087364
44423,0.52007204
44424,0.28480515
44425,0.4591689
44426,0.34335452
44427,0.28032714
44428,0.38290343
44429,0.37319797
44430,0.3041715
44431,0.43739054
44432,0.51263314
44433,0.33936754
44434,0.24747176
44435,0.23111737
44436,0.3612271
44437,0.53642994
44438,0.3549304
44439,0.5101633
44440,0.5778229
44441,0.36056194
44442,0.57113636
44443,0.711764
44444,0.24801816
44445,0.4882349
44446,0.49395335
44447,0.62229115
44448,0.37993136
44449,0.27468482
44450,0.62796617
44451,0.67929536
44452,0.23832245
44453,0.53717995
44454,0.6535024
44455,0.35219616
44456,0.32069293
44457,0.3683299
44458,0.29372138
44459,0.64449275
44460,0.5470068
44461,0.45727453
44462,0.47407
44463,0.3890198
44464,0.3688142
44465,0.60384214
44466,0.55951494
44467,0.62742734
44468,0.09764255
44469,0.46736327
44470,0.54840356
44471,0.4489556
44472,0.3946868
44473,0.63939977
44474,0.44188216
44475,0.52677464
44476,0.36887464
44477,0.2969824
44478,0.4668411
44479,0.5011342
44480,0.5718499
44481,0.4694596
44482,0.3406985
44483,0.4061818
44484,0.31900868
44485,0.19502039
44486,0.6174064
44487,0.23269743
44488,0.40300128
44489,0.59677905
44490,0.56649065
44491,0.43914834
44492,0.5915363
44493,0.45137036
44494,0.38636085
44495,0.47403267
44496,0.4213763
44497,0.3967366
44498,0.3734596
44499,0.59700364
44500,0.475136
44501,0.61694175
44502,0.30263686
44503,0.37126118
44504,0.5044689
44505,0.608365
44506,0.48536736
44507,0.48780107
44508,0.3110954
44509,0.44416696
44510,0.51369804
44511,0.45656762
44512,0.39247918
44513,0.33557364
44514,0.40289062
44515,0.3989323
44516,0.44937658
44517,0.3234727
44518,0.5554574
44519,0.6246383
44520,0.5104059
44521,0.51404643
44522,0.49712852
44523,0.43235147
44524,0.2859857
44525,0.45762226
44526,0.5629346
44527,0.36301014
44528,0.5842588
44529,0.5808006
44530,0.5165345
44531,0.22781907
44532,0.4684359
44533,0.54723966
44534,0.44336295
44535,0.5407887
44536,0.6607206
44537,0.42994937
44538,0.40815702
44539,0.6186907
44540,0.45080853
44541,0.4111251
44542,0.46310908
44543,0.5932197
44544,0.59109473
44545,0.367098
44546,0.37065175
44547,0.38815913
44548,0.5323817
44549,0.32337835
44550,0.5263495
44551,0.38571072
44552,0.6023643
44553,0.66804403
44554,0.36957386
44555,0.6248152
44556,0.54121476
44557,0.2982072
44558,0.35247934
44559,0.50894177
44560,0.40349764
44561,0.52744037
44562,0.44295308
44563,0.49633056
44564,0.53454614
44565,0.41216075
44566,0.4353562
44567,0.17138124
44568,0.62305486
44569,0.25004166
44570,0.3550029
44571,0.2969714
44572,0.39487755
44573,0.22641121
44574,0.20102383
44575,0.26392478
44576,0.61943287
44577,0.4708066
44578,0.3460152
44579,0.34282055
44580,0.34807754
44581,0.42901593
44582,0.5084819
44583,0.31624764
44584,0.57763773
44585,0.47485593
44586,0.28368562
44587,0.3739359
44588,0.37347052
44589,0.38699347
44590,0.43498227
44591,0.35119668
44592,0.24225336
44593,0.48118997
44594,0.55684197
44595,0.280736
44596,0.5435705
44597,0.3911655
44598,0.22090003
44599,0.55541676
44600,0.5086895
44601,0.6813514
44602,0.42200455
44603,0.45685396
44604,0.3134005
44605,0.5211699
44606,0.31746626
44607,0.29089758
44608,0.41342938
44609,0.4407689
44610,0.5156145
44611,0.6791093
44612,0.52413124
44613,0.19583695
44614,0.5507731
44615,0.53146017
44616,0.31371155
44617,0.54116154
44618,0.26302874
44619,0.49632317
44620,0.3356743
44621,0.42255774
44622,0.5503491
44623,0.5624186
44624,0.3998135
44625,0.27552104
44626,0.34753123
44627,0.57833046
44628,0.279965
44629,0.38750774
44630,0.2204897
44631,0.34287965
44632,0.45520228
44633,0.59593004
44634,0.39559278
44635,0.29044348
44636,0.4026542
44637,0.14781761
44638,0.38511354
44639,0.18817182
44640,0.5935682
44641,0.35820818
44642,0.4038598
44643,0.3836626
44644,0.6686
44645,0.43787745
44646,0.43261975
44647,0.38372636
44648,0.41273025
44649,0.7083697
44650,0.4030276
44651,0.1439683
44652,0.4155495
44653,0.29212335
44654,0.39673954
44655,0.44176567
44656,0.54233867
44657,0.4100614
44658,0.59327143
44659,0.23799057
44660,0.601269
44661,0.34847242
44662,0.25538054
44663,0.5141668
44664,0.2663555
44665,0.3621065
44666,0.38688794
44667,0.4581425
44668,0.43409446
44669,0.3863092
44670,0.58765435
44671,0.36570984
44672,0.46341276
44673,0.2954569
44674,0.5420244
44675,0.22689587
44676,0.15373972
44677,0.34217256
44678,0.44877452
44679,0.4964133
44680,0.6928945
44681,0.20372674
44682,0.5287553
44683,0.3325908
44684,0.50444186
44685,0.29005697
44686,0.34634078
44687,0.41443184
44688,0.25511482
44689,0.67730767
44690,0.42007962
44691,0.4361954
44692,0.3172399
44693,0.20367
44694,0.45407516
44695,0.36678118
44696,0.25368148
44697,0.5516996
44698,0.6086997
44699,0.47554046
44700,0.41144097
44701,0.3441136
44702,0.22610828
44703,0.48702127
44704,0.45869085
44705,0.45612437
44706,0.3803999
44707,0.539256
44708,0.5531407
44709,0.44348016
44710,0.46988758
44711,0.44629362
44712,0.44872016
44713,0.6390393
44714,0.56419915
44715,0.33598557
44716,0.32035366
44717,0.634759
44718,0.27039406
44719,0.2829944
44720,0.30602488
44721,0.2968261
44722,0.45447537
44723,0.27419633
44724,0.32249933
44725,0.2375468
44726,0.35920268
44727,0.42069247
44728,0.5360336
44729,0.43712342
44730,0.3246601
44731,0.62713355
44732,0.27834937
44733,0.46311706
44734,0.43427718
44735,0.38788316
44736,0.681686
44737,0.44000116
44738,0.3167009
44739,0.4152637
44740,0.39601105
44741,0.491834
44742,0.46482348
44743,0.34874853
44744,0.50317883
44745,0.40651584
44746,0.31999427
44747,0.3017453
44748,0.48654386
44749,0.40096262
44750,0.4594403
44751,0.4434249
44752,0.3547861
44753,0.38572222
44754,0.37584782
44755,0.58651704
44756,0.34383217
44757,0.4725306
44758,0.47204947
44759,0.56625354
44760,0.5457081
44761,0.5250308
44762,0.35129485
44763,0.30295116
44764,0.28344986
44765,0.24884255
44766,0.5275585
44767,0.50077736
44768,0.5414474
44769,0.30868796
44770,0.6183044
44771,0.39245245
44772,0.42490977
44773,0.38200742
44774,0.26983884
44775,0.48821467
44776,0.6067222
44777,0.6048113
44778,0.36070204
44779,0.46289933
44780,0.19753164
44781,0.48660862
44782,0.5468711
44783,0.4528879
44784,0.49525318
44785,0.33931753
44786,0.50758255
44787,0.51082635
44788,0.49087837
44789,0.7130341
44790,0.47890875
44791,0.4493818
44792,0.2530599
44793,0.5502355
44794,0.3856091
44795,0.44300884
44796,0.5797141
44797,0.32616672
44798,0.22958656
44799,0.29572916
44800,0.5192187
44801,0.41854784
44802,0.4421804
44803,0.5134922
44804,0.5173927
44805,0.15041924
44806,0.6670455
44807,0.60493904
44808,0.41711912
44809,0.33621448
44810,0.6066219
44811,0.43831655
44812,0.423654
44813,0.46585795
44814,0.4008957
44815,0.3892149
44816,0.5331743
44817,0.25352654
44818,0.60264444
44819,0.33571738
44820,0.54226995
44821,0.48456085
44822,0.68586993
44823,0.31265363
44824,0.43869665
44825,0.38667446
44826,0.5253124
44827,0.29226148
44828,0.48219463
44829,0.5801215
44830,0.3994258
44831,0.3694232
44832,0.45775917
44833,0.41929892
44834,0.48989698
44835,0.4763722
44836,0.39576694
44837,0.4441422
44838,0.30108166
44839,0.35509688
44840,0.44855005
44841,0.6109439
44842,0.5309936
44843,0.621138
44844,0.5308793
44845,0.3908064
44846,0.29414734
44847,0.36557135
44848,0.27045375
44849,0.52418023
44850,0.6114733
44851,0.5530371
44852,0.5043517
44853,0.29541492
44854,0.39216447
44855,0.38398048
44856,0.397682
44857,0.6737095
44858,0.5911526
44859,0.34988248
44860,0.36883366
44861,0.3863561
44862,0.4553272
44863,0.3982381
44864,0.528243
44865,0.34888682
44866,0.39326262
44867,0.25834268
44868,0.65920717
44869,0.7546807
44870,0.33486173
44871,0.5215363
44872,0.33964595
44873,0.335749
44874,0.3747178
44875,0.2552905
44876,0.3520321
44877,0.6862397
44878,0.3307442
44879,0.43849865
44880,0.26703402
44881,0.49267277
44882,0.41440532
44883,0.40461892
44884,0.4613749
44885,0.43025512
44886,0.50315243
44887,0.52946055
44888,0.35899153
44889,0.24218532
44890,0.4457091
44891,0.2023373
44892,0.30970415
44893,0.43579778
44894,0.4690109
44895,0.17437366
44896,0.54990536
44897,0.24371396
44898,0.19154906
44899,0.34493867
44900,0.44428885
44901,0.46049008
44902,0.4946686
44903,0.47633782
44904,0.35848704
44905,0.31298107
44906,0.40677187
44907,0.2841816
44908,0.269696
44909,0.41017708
44910,0.49570104
44911,0.5366073
44912,0.34284046
44913,0.62306976
44914,0.4322113
44915,0.37076142
44916,0.46867302
44917,0.40890154
44918,0.5671047
44919,0.550004
44920,0.503849
44921,0.46018857
44922,0.26057285
44923,0.5449527
44924,0.3824549
44925,0.62056744
44926,0.33339152
44927,0.5041283
44928,0.49331626
44929,0.518215
44930,0.3157774
44931,0.31500787
44932,0.4240107
44933,0.23768136
44934,0.5243563
44935,0.4030707
44936,0.501588
44937,0.5176994
44938,0.6008609
44939,0.6898558
44940,0.4002588
44941,0.45738533
44942,0.47875252
44943,0.3295337
44944,0.44752097
44945,0.43333673
44946,0.67170626
44947,0.43588194
44948,0.3865379
44949,0.5505148
44950,0.7064783
44951,0.53025776
44952,0.607432
44953,0.6237044
44954,0.43408385
44955,0.1982009
44956,0.44290417
44957,0.35585487
44958,0.39711654
44959,0.48264202
44960,0.4841962
44961,0.3430995
44962,0.5950902
44963,0.4951263
44964,0.3716447
44965,0.5279743
44966,0.54480195
44967,0.19059396
44968,0.36686695
44969,0.44204396
44970,0.5008176
44971,0.42580628
44972,0.4005467
44973,0.39188167
44974,0.34354708
44975,0.4633906
44976,0.4449698
44977,0.2349216
44978,0.40744746
44979,0.39875147
44980,0.4539412
44981,0.48181483
44982,0.4178904
44983,0.48569077
44984,0.1458039
44985,0.40860298
44986,0.37155077
44987,0.39054036
44988,0.48924607
44989,0.50487083
44990,0.2153546
44991,0.711514
44992,0.18369049
44993,0.27982274
44994,0.4377073
44995,0.25904655
44996,0.43905044
44997,0.33534053
44998,0.4130104
44999,0.30973944
45000,0.48624098
45001,0.2772934
45002,0.5717079
45003,0.5441867
45004,0.5195097
45005,0.4020784
45006,0.37325302
45007,0.46681896
45008,0.40034544
45009,0.3674788
45010,0.69871384
45011,0.42756456
45012,0.540694
45013,0.5861916
45014,0.43096116
45015,0.47255567
45016,0.35825744
45017,0.3644833
45018,0.31289205
45019,0.4044678
45020,0.27931198
45021,0.3333399
45022,0.41303286
45023,0.5026827
45024,0.54296225
45025,0.46756563
45026,0.61421
45027,0.61010295
45028,0.41262093
45029,0.4300753
45030,0.21712367
45031,0.53448313
45032,0.45957372
45033,0.3682749
45034,0.694955
45035,0.23271096
45036,0.34124863
45037,0.3257825
45038,0.46020165
45039,0.5530626
45040,0.24224178
45041,0.48674715
45042,0.53133935
45043,0.4719168
45044,0.31661808
45045,0.640004
45046,0.2716944
45047,0.63516635
45048,0.4578432
45049,0.5312727
45050,0.6277186
45051,0.50204766
45052,0.6121376
45053,0.378706
45054,0.38195318
45055,0.41991672
45056,0.10753324
45057,0.5057594
45058,0.46099916
45059,0.43861172
45060,0.4100638
45061,0.5496377
45062,0.536094
45063,0.42535874
45064,0.47977945
45065,0.6653726
45066,0.4657203
45067,0.33816034
45068,0.3654756
45069,0.5070609
45070,0.58935606
45071,0.61408114
45072,0.55712533
45073,0.33527362
45074,0.43599552
45075,0.22628674
45076,0.35832274
45077,0.24355958
45078,0.5337847
45079,0.4330639
45080,0.096337
45081,0.40046203
45082,0.42656538
45083,0.39341807
45084,0.5071275
45085,0.31718546
45086,0.34457964
45087,0.22361141
45088,0.42265645
45089,0.5238603
45090,0.42033607
45091,0.31457582
45092,0.458349
45093,0.55318797
45094,0.3437406
45095,0.4859261
45096,0.49889845
45097,0.2863511
45098,0.6033252
45099,0.23199433
45100,0.5611986
45101,0.43374592
45102,0.46399713
45103,0.34787837
45104,0.5044004
45105,0.30450833
45106,0.6204506
45107,0.24734941
45108,0.5357592
45109,0.51795197
45110,0.5610844
45111,0.37317342
45112,0.5426441
45113,0.5874017
45114,0.5521073
45115,0.3350036
45116,0.2810423
45117,0.2725015
45118,0.37417492
45119,0.47731018
45120,0.36466217
45121,0.2910682
45122,0.3905448
45123,0.5628579
45124,0.3725648
45125,0.45510983
45126,0.31376252
45127,0.21703827
45128,0.35666996
45129,0.46294686
45130,0.40287286
45131,0.53927654
45132,0.40404797
45133,0.37561736
45134,0.5534486
45135,0.50503546
45136,0.35817808
45137,0.49458146
45138,0.5196025
45139,0.19234996
45140,0.2744367
45141,0.66483223
45142,0.38706604
45143,0.40003362
45144,0.4581319
45145,0.51367265
45146,0.42542398
45147,0.57779413
45148,0.36824042
45149,0.46916634
45150,0.5553307
45151,0.51435494
45152,0.43565276
45153,0.33562776
45154,0.42275357
45155,0.5372887
45156,0.38688508
45157,0.49235022
45158,0.36884794
45159,0.50040966
45160,0.31024653
45161,0.4407729
45162,0.49475393
45163,0.5214729
45164,0.27416542
45165,0.6134987
45166,0.4318008
45167,0.5246445
45168,0.53152525
45169,0.6567935
45170,0.13081317
45171,0.5937408
45172,0.26666805
45173,0.5343263
45174,0.51299447
45175,0.39437786
45176,0.27519357
45177,0.61066425
45178,0.37830174
45179,0.24130629
45180,0.5235812
45181,0.47838855
45182,0.2698222
45183,0.37814963
45184,0.47059447
45185,0.49344543
45186,0.7691018
45187,0.46079525
45188,0.32231513
45189,0.5297829
45190,0.6313338
45191,0.40195978
45192,0.41941535
45193,0.50618714
45194,0.38220793
45195,0.28975704
45196,0.27979118
45197,0.6421946
45198,0.36992228
45199,0.47259125
45200,0.5952755
45201,0.69915956
45202,0.44944608
45203,0.42775956
45204,0.64626276
45205,0.384972
45206,0.5916703
45207,0.33753443
45208,0.2935577
45209,0.27395156
45210,0.3112658
45211,0.34401867
45212,0.5808675
45213,0.5625012
45214,0.25724548
45215,0.55266804
45216,0.53657734
45217,0.455712
45218,0.4045682
45219,0.47111723
45220,0.59167415
45221,0.48751828
45222,0.51839733
45223,0.5064705
45224,0.46944302
45225,0.5432373
45226,0.69316125
45227,0.3288588
45228,0.42107505
45229,0.5346869
45230,0.52067626
45231,0.4047755
45232,0.52019525
45233,0.5092214
45234,0.39543822
45235,0.25719813
45236,0.5378587
45237,0.47366312
45238,0.5854682
45239,0.42933893
45240,0.4410073
45241,0.5559054
45242,0.3555197
45243,0.5171068
45244,0.5245448
45245,0.26435995
45246,0.5292205
45247,0.40335563
45248,0.33105078
45249,0.39059633
45250,0.5755068
45251,0.31995517
45252,0.2787555
45253,0.28886032
45254,0.33848432
45255,0.4570263
45256,0.5460245
45257,0.4250222
45258,0.5019213
45259,0.43114623
45260,0.42590094
45261,0.5432079
45262,0.3738331
45263,0.48524854
45264,0.51252747
45265,0.39055547
45266,0.25935006
45267,0.28171527
45268,0.446196
45269,0.66105866
45270,0.40972695
45271,0.27901924
45272,0.39552668
45273,0.4159815
45274,0.4668756
45275,0.4685972
45276,0.563357
45277,0.35282975
45278,0.13677303
45279,0.47889727
45280,0.40478647
45281,0.30165356
45282,0.25175112
45283,0.44978812
45284,0.6150799
45285,0.5256047
45286,0.61718553
45287,0.4275796
45288,0.4868346
45289,0.41282588
45290,0.66538084
45291,0.43884733
45292,0.42575392
45293,0.36326045
45294,0.41382596
45295,0.3255742
45296,0.52144
45297,0.5534023
45298,0.57924366
45299,0.27154493
45300,0.39856133
45301,0.329733
45302,0.5293284
45303,0.30765045
45304,0.32936588
45305,0.20631553
45306,0.6619644
45307,0.38928676
45308,0.21923138
45309,0.36598438
45310,0.26553676
45311,0.38002074
45312,0.48802903
45313,0.61337763
45314,0.37366897
45315,0.48355067
45316,0.6789271
45317,0.5050768
45318,0.42859203
45319,0.35265976
45320,0.4175671
45321,0.31766546
45322,0.4378888
45323,0.40944165
45324,0.30318472
45325,0.50167614
45326,0.488783
45327,0.69514364
45328,0.3334337
45329,0.5545643
45330,0.6737492
45331,0.36113125
45332,0.63905144
45333,0.3296181
45334,0.5654001
45335,0.42853323
45336,0.37887815
45337,0.3549633
45338,0.4709889
45339,0.5118563
45340,0.6176738
45341,0.380494
45342,0.4455317
45343,0.43175778
45344,0.31020167
45345,0.3059045
45346,0.4175151
45347,0.60793316
45348,0.53167546
45349,0.27483568
45350,0.41890016
45351,0.3138115
45352,0.5654981
45353,0.43980065
45354,0.4365488
45355,0.22485103
45356,0.39257997
45357,0.20381054
45358,0.4638087
45359,0.46522263
45360,0.23687503
45361,0.4064198
45362,0.27166128
45363,0.5993825
45364,0.3717735
45365,0.25620463
45366,0.3092547
45367,0.47556743
45368,0.5661256
45369,0.39819723
45370,0.4303742
45371,0.19474399
45372,0.27532583
45373,0.44460514
45374,0.47360018
45375,0.58973444
45376,0.5758408
45377,0.33908918
45378,0.43087125
45379,0.471238
45380,0.56579226
45381,0.33384353
45382,0.6239467
45383,0.29125294
45384,0.4549228
45385,0.3168111
45386,0.45184067
45387,0.43996367
45388,0.22139932
45389,0.5453523
45390,0.41092914
45391,0.41576147
45392,0.67984396
45393,0.40968713
45394,0.1821551
45395,0.40615395
45396,0.41623765
45397,0.27552366
45398,0.61917865
45399,0.5806281
45400,0.4075409
45401,0.2599344
45402,0.115995124
45403,0.4071176
45404,0.44230416
45405,0.5062327
45406,0.55721134
45407,0.752807
45408,0.30154264
45409,0.36217028
45410,0.5168343
45411,0.45409605
45412,0.43203503
45413,0.3392054
45414,0.33331385
45415,0.22030085
45416,0.31640193
45417,0.397347
45418,0.14375387
45419,0.44692934
45420,0.26819348
45421,0.561125
45422,0.1868883
45423,0.4709153
45424,0.525373
45425,0.19099061
45426,0.35727456
45427,0.67339826
45428,0.4012593
45429,0.55500346
45430,0.4366797
45431,0.33534077
45432,0.6786702
45433,0.56731385
45434,0.5330836
45435,0.36988422
45436,0.28101364
45437,0.44303897
45438,0.28342575
45439,0.31499347
45440,0.30249044
45441,0.50406307
45442,0.49998283
45443,0.35745415
45444,0.6628953
45445,0.53909504
45446,0.3724989
45447,0.51166683
45448,0.27935573
45449,0.38183424
45450,0.3984528
45451,0.48241654
45452,0.479656
45453,0.43839714
45454,0.51609296
45455,0.19388016
45456,0.6459182
45457,0.37717015
45458,0.24782106
45459,0.3162034
45460,0.47514883
45461,0.4913737
45462,0.38578486
45463,0.49702707
45464,0.52504617
45465,0.42952272
45466,0.36802205
45467,0.6156546
45468,0.4445033
45469,0.28245085
45470,0.5486359
45471,0.4734158
45472,0.34382933
45473,0.5564649
45474,0.7121444
45475,0.43749326
45476,0.4710908
45477,0.4995492
45478,0.5656783
45479,0.2713169
45480,0.32375136
45481,0.32183206
45482,0.54073626
45483,0.5263871
45484,0.5488447
45485,0.4429761
45486,0.3153371
45487,0.5771991
45488,0.5171523
45489,0.2686896
45490,0.44310158
45491,0.37997308
45492,0.51356333
45493,0.60635453
45494,0.52633876
45495,0.39378312
45496,0.41425782
45497,0.39099306
45498,0.58702135
45499,0.35717282
45500,0.50695
45501,0.31428683
45502,0.49050346
45503,0.38225928
45504,0.558932
45505,0.4608469
45506,0.39375475
45507,0.44307604
45508,0.5991197
45509,0.4585194
45510,0.25701123
45511,0.53577965
45512,0.39069858
45513,0.388851
45514,0.45938918
45515,0.30879316
45516,0.4077367
45517,0.32404408
45518,0.53699946
45519,0.5705479
45520,0.4616841
45521,0.42645463
45522,0.30010507
45523,0.53910124
45524,0.27232757
45525,0.4943151
45526,0.42102164
45527,0.41580588
45528,0.51666427
45529,0.30599844
45530,0.41937226
45531,0.5879814
45532,0.43711197
45533,0.49368945
45534,0.38348448
45535,0.46100432
45536,0.47076243
45537,0.42568958
45538,0.447852
45539,0.3915707
45540,0.50060123
45541,0.26858348
45542,0.26809168
45543,0.44987014
45544,0.40772185
45545,0.33872843
45546,0.30474338
45547,0.5334636
45548,0.35524982
45549,0.40345326
45550,0.44919747
45551,0.20082335
45552,0.57339686
45553,0.60744596
45554,0.45897835
45555,0.5673728
45556,0.20327082
45557,0.34095848
45558,0.40211758
45559,0.30968657
45560,0.23960435
45561,0.28423274
45562,0.59174365
45563,0.45159906
45564,0.30050528
45565,0.6395667
45566,0.4923144
45567,0.24202769
45568,0.7683753
45569,0.3086659
45570,0.37345868
45571,0.5919467
45572,0.47852466
45573,0.39585972
45574,0.44489995
45575,0.7201527
45576,0.52205944
45577,0.3176346
45578,0.3901173
45579,0.32151085
45580,0.43401477
45581,0.3204202
45582,0.33970708
45583,0.48499382
45584,0.39418986
45585,0.51817834
45586,0.64514047
45587,0.4846647
45588,0.32545486
45589,0.47861016
45590,0.23853901
45591,0.3775389
45592,0.40757343
45593,0.43030277
45594,0.3555356
45595,0.43314078
45596,0.5385962
45597,0.38074836
45598,0.3361416
45599,0.34571093
45600,0.50218016
45601,0.45289382
45602,0.56925327
45603,0.71888673
45604,0.4994457
45605,0.65849113
45606,0.4105817
45607,0.36868218
45608,0.49705204
45609,0.4948361
45610,0.4113906
45611,0.47039697
45612,0.31479406
45613,0.45918387
45614,0.4805771
45615,0.51064247
45616,0.29684395
45617,0.45384002
45618,0.552881
45619,0.4803728
45620,0.35520944
45621,0.5925696
45622,0.4130031
45623,0.5463221
45624,0.4766661
45625,0.5887699
45626,0.433996
45627,0.5026937
45628,0.28792715
45629,0.23967183
45630,0.34012452
45631,0.3716032
45632,0.45008203
45633,0.4990214
45634,0.53424287
45635,0.25643933
45636,0.032417204
45637,0.24817944
45638,0.6144981
45639,0.3279232
45640,0.37465253
45641,0.31853187
45642,0.1672691
45643,0.42171916
45644,0.33070204
45645,0.3845961
45646,0.45957732
45647,0.5611486
45648,0.4191717
45649,0.49544984
45650,0.5551687
45651,0.33992246
45652,0.45910156
45653,0.64602685
45654,0.48138914
45655,0.42099693
45656,0.23644546
45657,0.46500117
45658,0.24268289
45659,0.65789235
45660,0.41378358
45661,0.54218316
45662,0.39408195
45663,0.6137325
45664,0.45264885
45665,0.48402387
45666,0.51975137
45667,0.42076972
45668,0.73780626
45669,0.40840438
45670,0.44654843
45671,0.48102078
45672,0.44793463
45673,0.5200726
45674,0.40365866
45675,0.39433908
45676,0.43679947
45677,0.44091955
45678,0.6393091
45679,0.57504463
45680,0.45039043
45681,0.2423175
45682,0.33963224
45683,0.439497
45684,0.08255197
45685,0.43129295
45686,0.77766615
45687,0.48669517
45688,0.57035506
45689,0.24434768
45690,0.30498296
45691,0.20631866
45692,0.46579927
45693,0.4077102
45694,0.32312837
45695,0.43036574
45696,0.21653944
45697,0.45187882
45698,0.32776266
45699,0.5730796
45700,0.72026104
45701,0.37011456
45702,0.50220096
45703,0.50998545
45704,0.43645656
45705,0.5174106
45706,0.4392016
45707,0.27548265
45708,0.5853752
45709,0.448356
45710,0.31971174
45711,0.24208593
45712,0.21596634
45713,0.65744686
45714,0.62809455
45715,0.5384065
45716,0.6532675
45717,0.48888913
45718,0.37865427
45719,0.4172481
45720,0.28125432
45721,0.40455714
45722,0.51515096
45723,0.43473968
45724,0.4441434
45725,0.6926295
45726,0.17131492
45727,0.44279864
45728,0.21100593
45729,0.23207466
45730,0.40340927
45731,0.34338322
45732,0.59026617
45733,0.46822047
45734,0.7583416
45735,0.50151765
45736,0.36464566
45737,0.4665486
45738,0.3946929
45739,0.38488957
45740,0.56259346
45741,0.5296469
45742,0.6041523
45743,0.4686306
45744,0.63228214
45745,0.3580755
45746,0.46095783
45747,0.6387097
45748,0.44519338
45749,0.32136813
45750,0.44276762
45751,0.5285553
45752,0.45744538
45753,0.48944354
45754,0.26009688
45755,0.73486286
45756,0.44897023
45757,0.63371605
45758,0.41191378
45759,0.49854654
45760,0.24473068
45761,0.35918298
45762,0.40032902
45763,0.5260727
45764,0.20809223
45765,0.4674408
45766,0.6698567
45767,0.37400258
45768,0.39700228
45769,0.41585323
45770,0.31476527
45771,0.41700467
45772,0.4581694
45773,0.5109532
45774,0.49585715
45775,0.45761448
45776,0.4071905
45777,0.5178833
45778,0.4621823
45779,0.3637856
45780,0.4191019
45781,0.31019568
45782,0.52380383
45783,0.2605636
45784,0.2444285
45785,0.27775946
45786,0.35625577
45787,0.38103765
45788,0.5139709
45789,0.42163166
45790,0.19503242
45791,0.5831877
45792,0.34122327
45793,0.39420617
45794,0.28113338
45795,0.41353408
45796,0.36362562
45797,0.3683998
45798,0.3321873
45799,0.49168792
45800,0.28646427
45801,0.39966336
45802,0.27611238
45803,0.29850233
45804,0.5494733
45805,0.41427717
45806,0.59498984
45807,0.19048141
45808,0.4387226
45809,0.38448444
45810,0.31043094
45811,0.34864125
45812,0.44630677
45813,0.54638445
45814,0.5973806
45815,0.50919646
45816,0.24432524
45817,0.4884782
45818,0.3318372
45819,0.39234677
45820,0.3042619
45821,0.69229347
45822,0.46108866
45823,0.27135003
45824,0.3953491
45825,0.4464351
45826,0.6217434
45827,0.6194503
45828,0.47603267
45829,0.44401488
45830,0.42280164
45831,0.36954448
45832,0.5157125
45833,0.18458101
45834,0.31660727
45835,0.23063606
45836,0.35750142
45837,0.32844347
45838,0.37243512
45839,0.4356471
45840,0.4947594
45841,0.14634283
45842,0.40120307
45843,0.5114356
45844,0.31393456
45845,0.21943182
45846,0.41287664
45847,0.25444356
45848,0.3620716
45849,0.15411027
45850,0.25406823
45851,0.24286929
45852,0.50928473
45853,0.48947808
45854,0.22107151
45855,0.56856877
45856,0.38126978
45857,0.38943225
45858,0.4012325
45859,0.37193123
45860,0.30833882
45861,0.45217618
45862,0.6994311
45863,0.5329368
45864,0.5407014
45865,0.52084446
45866,0.49398416
45867,0.16137265
45868,0.47247466
45869,0.33166492
45870,0.6079063
45871,0.5312529
45872,0.42312473
45873,0.42718336
45874,0.6976294
45875,0.40509585
45876,0.38403046
45877,0.6511566
45878,0.7237988
45879,0.7064994
45880,0.51218015
45881,0.39491487
45882,0.33550665
45883,0.1494383
45884,0.5585613
45885,0.34151772
45886,0.5063999
45887,0.36804917
45888,0.4250723
45889,0.45294932
45890,0.5948545
45891,0.3472576
45892,0.38331452
45893,0.3904813
45894,0.43619457
45895,0.48540533
45896,0.41778025
45897,0.31574777
45898,0.41454655
45899,0.4101769
45900,0.6793913
45901,0.49095577
45902,0.3846221
45903,0.3119718
45904,0.5527409
45905,0.35179445
45906,0.3031394
45907,0.20625485
45908,0.40569627
45909,0.59647435
45910,0.39800212
45911,0.42176768
45912,0.48177952
45913,0.51660275
45914,0.39217392
45915,0.35326838
45916,0.33152404
45917,0.51784575
45918,0.4858223
45919,0.2631839
45920,0.388621
45921,0.56043327
45922,0.43733224
45923,0.4796998
45924,0.5097533
45925,0.450098
45926,0.38930935
45927,0.46781322
45928,0.3518479
45929,0.61006296
45930,0.3006553
45931,0.46993622
45932,0.18423618
45933,0.43398136
45934,0.3879898
45935,0.57316023
45936,0.20476924
45937,0.37952903
45938,0.6523032
45939,0.6548268
45940,0.5304651
45941,0.46412325
45942,0.49526578
45943,0.5261649
45944,0.3293162
45945,0.097482696
45946,0.53951645
45947,0.32549328
45948,0.18365973
45949,0.43853176
45950,0.36079648
45951,0.26251704
45952,0.3480249
45953,0.68846494
45954,0.5813806
45955,0.30612865
45956,0.2637483
45957,0.35502455
45958,0.46394765
45959,0.45404088
45960,0.5284576
45961,0.51572204
45962,0.12517884
45963,0.58283174
45964,0.20131029
45965,0.38573194
45966,0.5144476
45967,0.5538061
45968,0.17893814
45969,0.22917931
45970,0.32565972
45971,0.45196262
45972,0.4829986
45973,0.3612627
45974,0.4856542
45975,0.3115552
45976,0.56479746
45977,0.46568048
45978,0.40201727
45979,0.51019925
45980,0.27516565
45981,0.4709524
45982,0.3664543
45983,0.3795919
45984,0.6793733
45985,0.59014815
45986,0.51707053
45987,0.67097145
45988,0.21606675
45989,0.6633293
45990,0.17599212
45991,0.5482983
45992,0.67043984
45993,0.53928643
45994,0.24901867
45995,0.074242935
45996,0.6289162
45997,0.38933522
45998,0.20246275
45999,0.5561029
46000,0.31640628
46001,0.30369386
46002,0.31378415
46003,0.53148717
46004,0.30568507
46005,0.48535332
46006,0.2387363
46007,0.09444823
46008,0.40980017
46009,0.44474465
46010,0.21265326
46011,0.5781718
46012,0.38288373
46013,0.4844886
46014,0.54112136
46015,0.39829904
46016,0.41987643
46017,0.43232808
46018,0.478114
46019,0.27963343
46020,0.30474016
46021,0.3452534
46022,0.48578382
46023,0.32386503
46024,0.47322577
46025,0.5252493
46026,0.6319994
46027,0.282385
46028,0.5366053
46029,0.4890756
46030,0.41226798
46031,0.71054476
46032,0.55627203
46033,0.32787922
46034,0.5912269
46035,0.49614432
46036,0.46520075
46037,0.5613423
46038,0.2656063
46039,0.22996596
46040,0.3653221
46041,0.4768314
46042,0.3012382
46043,0.15673856
46044,0.42762375
46045,0.52230483
46046,0.3065714
46047,0.6101281
46048,0.53023684
46049,0.37385374
46050,0.48502856
46051,0.42212465
46052,0.23205319
46053,0.47179055
46054,0.22611618
46055,0.3365009
46056,0.16432118
46057,0.26454535
46058,0.3098735
46059,0.4874395
46060,0.55149597
46061,0.32637227
46062,0.2752368
46063,0.29632956
46064,0.4246705
46065,0.4883674
46066,0.56299555
46067,0.21498989
46068,0.34341466
46069,0.43184805
46070,0.60554135
46071,0.23152609
46072,0.3723413
46073,0.3682834
46074,0.38536087
46075,0.24142168
46076,0.36701953
46077,0.4590883
46078,0.566537
46079,0.24827905
46080,0.4191634
46081,0.30719057
46082,0.27945375
46083,0.4008011
46084,0.27373883
46085,0.1370045
46086,0.4789243
46087,0.40754965
46088,0.3602894
46089,0.32375488
46090,0.45748076
46091,0.5803403
46092,0.3539852
46093,0.45286897
46094,0.32095963
46095,0.5909117
46096,0.29461414
46097,0.29147574
46098,0.49013984
46099,0.3756791
46100,0.4371841
46101,0.24568933
46102,0.50509167
46103,0.5573585
46104,0.54992527
46105,0.27741745
46106,0.6631573
46107,0.38836604
46108,0.5628206
46109,0.46873656
46110,0.54492104
46111,0.54042006
46112,0.48712453
46113,0.42477018
46114,0.42757684
46115,0.2345152
46116,0.4435459
46117,0.5594385
46118,0.38587636
46119,0.55028975
46120,0.6150254
46121,0.40730312
46122,0.33857214
46123,0.28370535
46124,0.41824642
46125,0.37230653
46126,0.6010252
46127,0.6342057
46128,0.4055469
46129,0.23981822
46130,0.4257359
46131,0.44248146
46132,0.21452369
46133,0.456621
46134,0.46493942
46135,0.6253043
46136,0.6270193
46137,0.38237643
46138,0.2651136
46139,0.3547957
46140,0.29491404
46141,0.33644137
46142,0.2546441
46143,0.45903763
46144,0.46978134
46145,0.34032008
46146,0.39174104
46147,0.6335081
46148,0.5667783
46149,0.5634451
46150,0.6693679
46151,0.62874764
46152,0.40167776
46153,0.35847098
46154,0.40304533
46155,0.43311945
46156,0.44826883
46157,0.46099693
46158,0.41637582
46159,0.45757136
46160,0.24388722
46161,0.39342168
46162,0.3165227
46163,0.614257
46164,0.43805355
46165,0.42625734
46166,0.35872522
46167,0.5173484
46168,0.25811335
46169,0.5199842
46170,0.58396006
46171,0.33838212
46172,0.47420013
46173,0.5511162
46174,0.3929753
46175,0.51444405
46176,0.28313342
46177,0.5885904
46178,0.52073735
46179,0.48693034
46180,0.17037998
46181,0.21385565
46182,0.54874265
46183,0.590696
46184,0.45545214
46185,0.20045653
46186,0.48260003
46187,0.42956105
46188,0.4127735
46189,0.28203154
46190,0.4521272
46191,0.50755316
46192,0.5822983
46193,0.49102303
46194,0.3285663
46195,0.5209987
46196,0.34694448
46197,0.30475947
46198,0.34300128
46199,0.5677041
46200,0.56096923
46201,0.54554784
46202,0.4240339
46203,0.52848893
46204,0.68847257
46205,0.26445967
46206,0.42006284
46207,0.5681709
46208,0.6965577
46209,0.3414486
46210,0.35050148
46211,0.2553766
46212,0.22335747
46213,0.4117096
46214,0.53641754
46215,0.3654535
46216,0.25757846
46217,0.28489268
46218,0.33317357
46219,0.47203374
46220,0.6827677
46221,0.50295895
46222,0.39272898
46223,0.5015874
46224,0.5876672
46225,0.43398118
46226,0.38546917
46227,0.38271886
46228,0.40040845
46229,0.48630422
46230,0.32806662
46231,0.4038761
46232,0.5964486
46233,0.50938857
46234,0.37459186
46235,0.6470985
46236,0.5318294
46237,0.34689003
46238,0.47843474
46239,0.13808273
46240,0.6133175
46241,0.52129227
46242,0.4554546
46243,0.22529846
46244,0.5019943
46245,0.33050427
46246,0.50411963
46247,0.3891562
46248,0.43747082
46249,0.41670507
46250,0.38005784
46251,0.39208227
46252,0.46810305
46253,0.3708223
46254,0.4168114
46255,0.59749776
46256,0.41039
46257,0.5003236
46258,0.5005147
46259,0.34387302
46260,0.196869
46261,0.6200124
46262,0.5348859
46263,0.54446906
46264,0.6110956
46265,0.5314532
46266,0.35189146
46267,0.3438851
46268,0.32063302
46269,0.3424478
46270,0.4687911
46271,0.55977726
46272,0.46588314
46273,0.4138903
46274,0.4102505
46275,0.24403314
46276,0.34160048
46277,0.29541922
46278,0.37493297
46279,0.37312636
46280,0.58029336
46281,0.40304506
46282,0.5030065
46283,0.57550395
46284,0.28919232
46285,0.48598194
46286,0.51504046
46287,0.54281574
46288,0.35596573
46289,0.49115655
46290,0.6021104
46291,0.3747975
46292,0.27793142
46293,0.18115573
46294,0.6579905
46295,0.45668706
46296,0.52609515
46297,0.39749476
46298,0.3044848
46299,0.5366296
46300,0.5296629
46301,0.6064316
46302,0.73789257
46303,0.5737662
46304,0.2824027
46305,0.37216526
46306,0.5798165
46307,0.45177224
46308,0.4338345
46309,0.6563046
46310,0.5334447
46311,0.5014106
46312,0.4044631
46313,0.47341785
46314,0.58785176
46315,0.24719867
46316,0.5862149
46317,0.50927883
46318,0.38634142
46319,0.38329127
46320,0.5231452
46321,0.55686915
46322,0.5228394
46323,0.47041756
46324,0.44911188
46325,0.552915
46326,0.47541466
46327,0.34444392
46328,0.59542346
46329,0.44043556
46330,0.50868076
46331,0.34205425
46332,0.6120544
46333,0.7910684
46334,0.26342708
46335,0.52617913
46336,0.26101503
46337,0.37542537
46338,0.22352098
46339,0.40955585
46340,0.36802477
46341,0.60009825
46342,0.62720543
46343,0.42328423
46344,0.2985939
46345,0.55349547
46346,0.5729191
46347,0.18479493
46348,0.49137485
46349,0.44180015
46350,0.50633687
46351,0.48186526
46352,0.55670196
46353,0.35310122
46354,0.50355566
46355,0.4765195
46356,0.5032694
46357,0.41936463
46358,0.40315777
46359,0.3809474
46360,0.5338868
46361,0.45706585
46362,0.5254428
46363,0.5375705
46364,0.25875884
46365,0.61610353
46366,0.51201373
46367,0.35752842
46368,0.42555568
46369,0.40027934
46370,0.5186694
46371,0.40710893
46372,0.47129712
46373,0.57606936
46374,0.67178535
46375,0.50033534
46376,0.5205719
46377,0.45367545
46378,0.45730096
46379,0.42566055
46380,0.26577234
46381,0.38684198
46382,0.2521771
46383,0.48076692
46384,0.5553159
46385,0.40069196
46386,0.4144516
46387,0.38030583
46388,0.42088333
46389,0.21538123
46390,0.51781917
46391,0.15522487
46392,0.35722637
46393,0.5897137
46394,0.39989015
46395,0.39916405
46396,0.45655614
46397,0.4373357
46398,0.534667
46399,0.3709061
46400,0.45163995
46401,0.2895156
46402,0.3138123
46403,0.6122787
46404,0.5104096
46405,0.43443474
46406,0.5173759
46407,0.33293688
46408,0.4235208
46409,0.29448608
46410,0.6260513
46411,0.53536975
46412,0.50488526
46413,0.28654337
46414,0.5878335
46415,0.4860736
46416,0.38668007
46417,0.56569135
46418,0.6257828
46419,0.44969255
46420,0.1609132
46421,0.40479976
46422,0.5654911
46423,0.36780956
46424,0.4077019
46425,0.42083776
46426,0.39782333
46427,0.29229593
46428,0.42663932
46429,0.41644374
46430,0.38952816
46431,0.53060585
46432,0.56670195
46433,0.52883375
46434,0.5250797
46435,0.4872376
46436,0.4501989
46437,0.37375507
46438,0.44808087
46439,0.3023399
46440,0.5380907
46441,0.39156097
46442,0.46441966
46443,0.17563766
46444,0.34652007
46445,0.35312995
46446,0.5366569
46447,0.1332057
46448,0.50353855
46449,0.640253
46450,0.27483433
46451,0.30341676
46452,0.29886472
46453,0.45598507
46454,0.4422412
46455,0.0938919
46456,0.3055383
46457,0.5716289
46458,0.63776535
46459,0.50698125
46460,0.21500723
46461,0.43056506
46462,0.23470446
46463,0.44722652
46464,0.44279417
46465,0.47680968
46466,0.38039094
46467,0.5575649
46468,0.6370128
46469,0.21874298
46470,0.39041224
46471,0.30950254
46472,0.41819048
46473,0.1839395
46474,0.4919239
46475,0.5437728
46476,0.45462087
46477,0.25374523
46478,0.46959087
46479,0.54360306
46480,0.41741902
46481,0.65726656
46482,0.4477154
46483,0.6057804
46484,0.4685745
46485,0.41176814
46486,0.5913199
46487,0.45751116
46488,0.53934956
46489,0.35376832
46490,0.27012584
46491,0.5389406
46492,0.36694703
46493,0.31248608
46494,0.55029076
46495,0.23613223
46496,0.5081121
46497,0.57258457
46498,0.37476727
46499,0.362159
46500,0.32721832
46501,0.33375677
46502,0.551633
46503,0.35708347
46504,0.40755543
46505,0.42100272
46506,0.4492349
46507,0.51385546
46508,0.17126586
46509,0.61337334
46510,0.33805487
46511,0.36094856
46512,0.4020625
46513,0.37305856
46514,0.3727045
46515,0.69334936
46516,0.610027
46517,0.17281762
46518,0.42759255
46519,0.4435693
46520,0.42461225
46521,0.22908092
46522,0.32307857
46523,0.43189952
46524,0.40762708
46525,0.29381087
46526,0.19715929
46527,0.4541102
46528,0.43518
46529,0.2362119
46530,0.3027146
46531,0.34697464
46532,0.47794977
46533,0.5446116
46534,0.41560942
46535,0.27846584
46536,0.52510464
46537,0.25612435
46538,0.33238715
46539,0.37689623
46540,0.6163227
46541,0.5205016
46542,0.3265823
46543,0.6438406
46544,0.6591608
46545,0.41714585
46546,0.41511765
46547,0.42049897
46548,0.63287026
46549,0.46598977
46550,0.42368788
46551,0.51066464
46552,0.6024124
46553,0.4106179
46554,0.26578742
46555,0.39739877
46556,0.23213829
46557,0.41933566
46558,0.4523491
46559,0.42941934
46560,0.33139494
46561,0.46822372
46562,0.16556577
46563,0.40736008
46564,0.4543273
46565,0.45783898
46566,0.32291895
46567,0.5671901
46568,0.64962775
46569,0.58553016
46570,0.59571815
46571,0.34256586
46572,0.24253084
46573,0.07028068
46574,0.46064866
46575,0.497108
46576,0.7213628
46577,0.24355194
46578,0.40389723
46579,0.42402223
46580,0.5643131
46581,0.45761737
46582,0.32324493
46583,0.27589428
46584,0.28650895
46585,0.5151071
46586,0.3755189
46587,0.20389423
46588,0.44317698
46589,0.5658298
46590,0.45483345
46591,0.41560796
46592,0.31695
46593,0.72599417
46594,0.3211888
46595,0.4397905
46596,0.24197868
46597,0.48165873
46598,0.38821906
46599,0.48547804
46600,0.48773417
46601,0.2846621
46602,0.36897993
46603,0.29874986
46604,0.34691474
46605,0.6038067
46606,0.4157014
46607,0.50913745
46608,0.43163168
46609,0.29186296
46610,0.46188053
46611,0.32798228
46612,0.3694163
46613,0.47221476
46614,0.33341008
46615,0.3466561
46616,0.37551746
46617,0.38994995
46618,0.62463665
46619,0.64640445
46620,0.30719063
46621,0.43265632
46622,0.59377587
46623,0.3890206
46624,0.1952389
46625,0.64893115
46626,0.42364508
46627,0.4735457
46628,0.44580412
46629,0.44197428
46630,0.5728121
46631,0.46601096
46632,0.5092078
46633,0.4635841
46634,0.2949589
46635,0.3965684
46636,0.17528072
46637,0.42341423
46638,0.5496614
46639,0.4560768
46640,0.33764228
46641,0.3664504
46642,0.3753264
46643,0.44470617
46644,0.70181394
46645,0.52786225
46646,0.35537642
46647,0.2744401
46648,0.39440635
46649,0.29116127
46650,0.5305847
46651,0.53452486
46652,0.58594143
46653,0.41902846
46654,0.23572138
46655,0.63544244
46656,0.4769257
46657,0.48703784
46658,0.29185092
46659,0.5066241
46660,0.5228545
46661,0.35482308
46662,0.19684234
46663,0.332729
46664,0.26688382
46665,0.69501275
46666,0.4808409
46667,0.4470492
46668,0.49157584
46669,0.13111213
46670,0.5311644
46671,0.34279642
46672,0.48015097
46673,0.6083743
46674,0.35336357
46675,0.6049961
46676,0.46070233
46677,0.45989925
46678,0.41174206
46679,0.59032714
46680,0.42225444
46681,0.47540927
46682,0.5178173
46683,0.3619959
46684,0.20983334
46685,0.47221145
46686,0.2907733
46687,0.62576056
46688,0.218819
46689,0.541387
46690,0.42626607
46691,0.465097
46692,0.39372525
46693,0.5423131
46694,0.45897937
46695,0.3466923
46696,0.31889385
46697,0.20840678
46698,0.3393296
46699,0.1544833
46700,0.39945462
46701,0.49808228
46702,0.35527852
46703,0.5253952
46704,0.31930608
46705,0.5685997
46706,0.4915249
46707,0.42482406
46708,0.34976768
46709,0.38014162
46710,0.587153
46711,0.46813267
46712,0.6213058
46713,0.33759594
46714,0.2658513
46715,0.27852464
46716,0.34093878
46717,0.23325768
46718,0.29380333
46719,0.3472276
46720,0.49412256
46721,0.58262753
46722,0.1264826
46723,0.61983335
46724,0.3229089
46725,0.54484123
46726,0.5362299
46727,0.20109177
46728,0.48286706
46729,0.39019156
46730,0.5391565
46731,0.12952179
46732,0.4584644
46733,0.3893116
46734,0.54432994
46735,0.39453152
46736,0.12955774
46737,0.57061356
46738,0.33066878
46739,0.38293543
46740,0.50255924
46741,0.3614194
46742,0.481294
46743,0.424888
46744,0.09096105
46745,0.55319035
46746,0.2880519
46747,0.2699853
46748,0.52327937
46749,0.22366978
46750,0.3587691
46751,0.533283
46752,0.36543882
46753,0.6346657
46754,0.470354
46755,0.6522437
46756,0.2733517
46757,0.2793354
46758,0.41447327
46759,0.49091682
46760,0.3377918
46761,0.60043216
46762,0.30388358
46763,0.30912364
46764,0.4913599
46765,0.5986256
46766,0.50698274
46767,0.5468851
46768,0.36980018
46769,0.3562147
46770,0.44985238
46771,0.38403717
46772,0.47163188
46773,0.45837113
46774,0.5794336
46775,0.6455749
46776,0.17382935
46777,0.38385335
46778,0.36455548
46779,0.6134597
46780,0.25836554
46781,0.4886256
46782,0.47787765
46783,0.33806735
46784,0.4274919
46785,0.4927153
46786,0.44515267
46787,0.3758251
46788,0.48293722
46789,0.34323022
46790,0.5902202
46791,0.45289588
46792,0.6037736
46793,0.4478275
46794,0.6116709
46795,0.27585417
46796,0.44848466
46797,0.4368641
46798,0.2112704
46799,0.37990865
46800,0.5552778
46801,0.35710132
46802,0.4119986
46803,0.43398225
46804,0.29619834
46805,0.4193823
46806,0.5626732
46807,0.5394586
46808,0.38079834
46809,0.561779
46810,0.45998135
46811,0.5269692
46812,0.33780143
46813,0.4448362
46814,0.4809927
46815,0.38754076
46816,0.59788847
46817,0.4216905
46818,0.4980296
46819,0.3497167
46820,0.5639878
46821,0.46726695
46822,0.58433497
46823,0.2862557
46824,0.3122929
46825,0.5785036
46826,0.20375247
46827,0.5464163
46828,0.4799009
46829,0.5580891
46830,0.20381603
46831,0.64127696
46832,0.406913
46833,0.14447609
46834,0.44189298
46835,0.29932737
46836,0.56063205
46837,0.47029275
46838,0.5597906
46839,0.40810683
46840,0.3592956
46841,0.47537747
46842,0.42272317
46843,0.7381789
46844,0.36556813
46845,0.26871315
46846,0.3561187
46847,0.43027934
46848,0.3597397
46849,0.27351663
46850,0.5112083
46851,0.41114855
46852,0.39960945
46853,0.60632646
46854,0.39926338
46855,0.13029741
46856,0.5332501
46857,0.44140968
46858,0.27207285
46859,0.43586957
46860,0.4672325
46861,0.47783166
46862,0.44404873
46863,0.39923897
46864,0.43323976
46865,0.58557826
46866,0.4724309
46867,0.26689053
46868,0.6113848
46869,0.39733157
46870,0.56506
46871,0.38440382
46872,0.4695729
46873,0.58346075
46874,0.3196697
46875,0.4720355
46876,0.37871706
46877,0.4404535
46878,0.33669052
46879,0.5104191
46880,0.61808765
46881,0.62403464
46882,0.58036023
46883,0.70882756
46884,0.49727362
46885,0.34456506
46886,0.5005681
46887,0.48125994
46888,0.3846866
46889,0.61144674
46890,0.69960463
46891,0.18685627
46892,0.4415157
46893,0.55185425
46894,0.5723843
46895,0.5152612
46896,0.41976398
46897,0.34919274
46898,0.5190318
46899,0.5261486
46900,0.41501948
46901,0.5847351
46902,0.4693375
46903,0.44720286
46904,0.6599923
46905,0.32400793
46906,0.39413756
46907,0.4572116
46908,0.29676312
46909,0.24057445
46910,0.5752394
46911,0.22277237
46912,0.5511311
46913,0.458795
46914,0.38276923
46915,0.5947249
46916,0.3987384
46917,0.5838028
46918,0.45530754
46919,0.51775646
46920,0.53078085
46921,0.4316702
46922,0.24718632
46923,0.3337375
46924,0.33542144
46925,0.24246119
46926,0.42415994
46927,0.44761226
46928,0.60355854
46929,0.37974918
46930,0.6237304
46931,0.39409912
46932,0.3173472
46933,0.27805775
46934,0.39406222
46935,0.4370172
46936,0.4632929
46937,0.59180844
46938,0.41696498
46939,0.36088923
46940,0.41453126
46941,0.21869363
46942,0.3355257
46943,0.111044444
46944,0.37434116
46945,0.34741905
46946,0.108464755
46947,0.4892984
46948,0.46446472
46949,0.4572297
46950,0.5811276
46951,0.3409748
46952,0.5284092
46953,0.40559968
46954,0.42614898
46955,0.50128233
46956,0.38723192
46957,0.45522076
46958,0.5869934
46959,0.31931305
46960,0.3905069
46961,0.20623519
46962,0.29953802
46963,0.31649882
46964,0.4037893
46965,0.28822348
46966,0.47188792
46967,0.26074043
46968,0.4070119
46969,0.57644767
46970,0.32563674
46971,0.5374638
46972,0.44148877
46973,0.41691324
46974,0.19317466
46975,0.5889003
46976,0.62662166
46977,0.78923875
46978,0.33270636
46979,0.5021357
46980,0.6249677
46981,0.3240679
46982,0.50275016
46983,0.5743059
46984,0.6245696
46985,0.35361168
46986,0.39992693
46987,0.692794
46988,0.32512248
46989,0.52952945
46990,0.3685992
46991,0.5213874
46992,0.40637928
46993,0.47947824
46994,0.4454698
46995,0.45081952
46996,0.60436237
46997,0.34588808
46998,0.18488553
46999,0.3857384
47000,0.600672
47001,0.2895781
47002,0.4159215
47003,0.31881198
47004,0.3849641
47005,0.3807298
47006,0.64253956
47007,0.46383008
47008,0.3083445
47009,0.522714
47010,0.6175743
47011,0.3319757
47012,0.39157456
47013,0.46703166
47014,0.5590017
47015,0.47101778
47016,0.52088434
47017,0.3393362
47018,0.17041996
47019,0.31315595
47020,0.53833073
47021,0.36973935
47022,0.43048447
47023,0.27527434
47024,0.31547657
47025,0.3874473
47026,0.32620972
47027,0.7092013
47028,0.48906663
47029,0.3735399
47030,0.39757106
47031,0.46478567
47032,0.35115623
47033,0.468803
47034,0.6899156
47035,0.32847306
47036,0.54063433
47037,0.42632645
47038,0.42651945
47039,0.5544602
47040,0.424762
47041,0.45679346
47042,0.47637665
47043,0.42950413
47044,0.52195644
47045,0.5924363
47046,0.63310295
47047,0.5685105
47048,0.3528588
47049,0.3994679
47050,0.41255572
47051,0.27832085
47052,0.39144537
47053,0.6011692
47054,0.645544
47055,0.44021595
47056,0.23841769
47057,0.431386
47058,0.47360232
47059,0.34951973
47060,0.44873658
47061,0.427487
47062,0.575544
47063,0.21734291
47064,0.29308647
47065,0.4309018
47066,0.12687086
47067,0.2633698
47068,0.3839118
47069,0.6115673
47070,0.40119582
47071,0.69464713
47072,0.42864156
47073,0.34480825
47074,0.5928476
47075,0.4193367
47076,0.50136584
47077,0.6569872
47078,0.44759667
47079,0.5937641
47080,0.50512093
47081,0.21608426
47082,0.5150258
47083,0.52238286
47084,0.36271808
47085,0.22358398
47086,0.43874785
47087,0.58417
47088,0.5389698
47089,0.4303065
47090,0.35074362
47091,0.4146437
47092,0.31617644
47093,0.45046008
47094,0.42379928
47095,0.5445876
47096,0.43872932
47097,0.43605694
47098,0.42342874
47099,0.34555972
47100,0.438393
47101,0.11091958
47102,0.47148052
47103,0.5057967
47104,0.4360667
47105,0.4184064
47106,0.5467431
47107,0.46012628
47108,0.4488967
47109,0.56784016
47110,0.48901978
47111,0.46956962
47112,0.5496037
47113,0.3301766
47114,0.43669847
47115,0.5671566
47116,0.33157733
47117,0.66005915
47118,0.5461593
47119,0.55628276
47120,0.39270362
47121,0.34361038
47122,0.46369004
47123,0.47582173
47124,0.50287163
47125,0.53575414
47126,0.1770088
47127,0.38346475
47128,0.48194647
47129,0.47492114
47130,0.6979767
47131,0.39903918
47132,0.39174908
47133,0.45225966
47134,0.44270042
47135,0.26627705
47136,0.61446774
47137,0.31514907
47138,0.4425494
47139,0.39580932
47140,0.5974047
47141,0.48772088
47142,0.42630488
47143,0.54438853
47144,0.30599564
47145,0.6526323
47146,0.5848132
47147,0.34020087
47148,0.71751183
47149,0.34940702
47150,0.70132345
47151,0.49529573
47152,0.4647865
47153,0.48148617
47154,0.5605797
47155,0.4998841
47156,0.40796012
47157,0.352181
47158,0.62102413
47159,0.29374483
47160,0.4153528
47161,0.29422268
47162,0.4393271
47163,0.5423909
47164,0.63329303
47165,0.19180751
47166,0.33929926
47167,0.31172454
47168,0.23136868
47169,0.30340058
47170,0.45338112
47171,0.38177478
47172,0.3739312
47173,0.35096008
47174,0.42183295
47175,0.41891572
47176,0.4642642
47177,0.55158454
47178,0.6253208
47179,0.34580585
47180,0.6682259
47181,0.37926808
47182,0.56360525
47183,0.65589434
47184,0.3041944
47185,0.7230404
47186,0.53764045
47187,0.44758898
47188,0.65899783
47189,0.26013434
47190,0.3179273
47191,0.66153836
47192,0.61629343
47193,0.5693566
47194,0.34053737
47195,0.4157396
47196,0.544203
47197,0.44559488
47198,0.428556
47199,0.56415915
47200,0.58137655
47201,0.31320497
47202,0.5229864
47203,0.5745977
47204,0.27467072
47205,0.35123813
47206,0.2561045
47207,0.439162
47208,0.28093025
47209,0.48412517
47210,0.33114767
47211,0.57627
47212,0.56671166
47213,0.51190394
47214,0.40826508
47215,0.5380215
47216,0.53084797
47217,0.5129737
47218,0.48540595
47219,0.54242957
47220,0.40767556
47221,0.44734108
47222,0.46865124
47223,0.6433288
47224,0.18260452
47225,0.42451736
47226,0.44447082
47227,0.5224476
47228,0.60627216
47229,0.29046246
47230,0.5028647
47231,0.29503953
47232,0.55023503
47233,0.68492824
47234,0.5241432
47235,0.4135188
47236,0.36592683
47237,0.586894
47238,0.34184292
47239,0.34330508
47240,0.6247835
47241,0.46956912
47242,0.50330454
47243,0.5197646
47244,0.29550806
47245,0.39398253
47246,0.40519956
47247,0.39112192
47248,0.41747585
47249,0.43650952
47250,0.5045694
47251,0.5901755
47252,0.25071648
47253,0.5753616
47254,0.5067951
47255,0.43971184
47256,0.49742588
47257,0.41117057
47258,0.4908565
47259,0.5000236
47260,0.3056179
47261,0.7199649
47262,0.30053613
47263,0.2577924
47264,0.53241664
47265,0.5785092
47266,0.40683764
47267,0.5362234
47268,0.49291033
47269,0.4956283
47270,0.26705858
47271,0.3748951
47272,0.41641212
47273,0.5107606
47274,0.50181067
47275,0.3122912
47276,0.74883074
47277,0.34497437
47278,0.5817113
47279,0.3374008
47280,0.32088175
47281,0.2892826
47282,0.37130335
47283,0.4460954
47284,0.52156436
47285,0.40846485
47286,0.26211965
47287,0.50427085
47288,0.41421437
47289,0.3131114
47290,0.44231284
47291,0.33065647
47292,0.35339627
47293,0.5126554
47294,0.44313625
47295,0.40476403
47296,0.49174437
47297,0.55774623
47298,0.39705932
47299,0.20038974
47300,0.2491525
47301,0.48638567
47302,0.53955555
47303,0.35508496
47304,0.4245953
47305,0.3313675
47306,0.29833737
47307,0.44244424
47308,0.5687132
47309,0.49259683
47310,0.4504447
47311,0.43157977
47312,0.19412902
47313,0.4513067
47314,0.37085205
47315,0.5096282
47316,0.4354938
47317,0.34860107
47318,0.38077086
47319,0.5738748
47320,0.53836846
47321,0.47225794
47322,0.33715537
47323,0.39773136
47324,0.41208863
47325,0.2326723
47326,0.2921251
47327,0.42638585
47328,0.54394585
47329,0.30796868
47330,0.3314402
47331,0.1606836
47332,0.52409774
47333,0.3910894
47334,0.44750494
47335,0.3798618
47336,0.14020228
47337,0.6666861
47338,0.4366075
47339,0.60214585
47340,0.44247466
47341,0.24055558
47342,0.33634213
47343,0.41854012
47344,0.22904359
